{"step": 1717, "herders": [[-0.1845891329133863, -1.2584514581567459], [-1.810013564013718, 1.9393474382243001]], "targets": [[-0.7218028269122693, -0.2779887535701099], [21.161542869412745, -17.89366179207618], [-0.8990340701998236, -2.50082276822574], [1.0263179109708134, -1.2157004400887632], [-1.0488628656398904, -0.24530366706923687]]}