{"step": 2100, "herders": [[-4.37368679687483, 1.5444202178908917], [1.1088592941472182, 0.30380095098847315]], "targets": [[0.8247271090205595, -0.27405445743331314], [24.91475468560185, -20.0588205755013], [-2.4501555784002917, -0.4406796840344979], [-2.937009677834155, 1.3647366335539566], [-0.7303683274969909, 0.18062807442311057]]}