{"step": 2715, "herders": [[-0.23659831193858524, -3.964224641682405], [-0.16537097332862577, 1.6407632408907544]], "targets": [[-1.7054713895269806, -0.8127906033426273], [24.375101059969094, -19.2525976181512], [0.82495825759053, -2.3655743561406495], [-0.9270078689559617, 0.24336016075301042], [-1.7544570547334946, 1.6342885977348174]]}