{"step": 3741, "herders": [[1.7542885468212213, -2.7618718972269676], [1.770187834567649, 1.693428962423002]], "targets": [[-0.3323663199073682, -0.13777589916533434], [26.32081183051408, -15.97789717050992], [0.3145205267821539, -0.8232208308129717], [1.7984181975246083, -0.9763365946953522], [0.35010423135197966, 1.991921313021067]]}