{"step": 1437, "herders": [[0.8913171352164094, 5.72860727211681], [-0.6619318559790337, 5.703552794802894]], "targets": [[0.15017642458437402, 4.9204911623542404], [18.652252270706256, -18.378734717389776], [-0.32590188575422685, 4.282574771445671], [0.018233859202699543, -1.1889726040623747], [-1.2159591407643453, -1.5894290955795392]]}