{"step": 2488, "herders": [[2.3461472871753366, -4.325792198747252], [3.4523329304785597, -2.9277166456503867]], "targets": [[1.3088137542619582, 1.6538731887683409], [25.184470302878065, -19.551005907797315], [3.3887519407283895, -1.1238744704882369], [1.9482590768833161, -5.033239059190272], [0.037447640009340644, -1.1983936017394667]]}