{"step": 3988, "herders": [[2.6866291525225243, 1.571479117698714], [-0.6776466289409735, -2.7736940900338065]], "targets": [[-0.5036785094166026, -1.1627494654821364], [25.10900995253152, -13.299662255217571], [0.7648670001405814, 0.6399691684200817], [-1.1078647102664327, -0.5453493351359722], [0.6296191954312882, 0.6904394464853887]]}