{"step": 2937, "herders": [[-3.8203323127452817, 1.9140171353464452], [-1.5025937222167975, 3.606849396763991]], "targets": [[-2.6560349433860777, 0.19246145465601217], [27.81214943218165, -19.680742141011383], [-1.3988070130195347, 1.401551359829627], [-0.1804585207850959, 0.1817954284503971], [-1.5140607543425548, 0.23910764653892716]]}