{"step": 848, "herders": [[5.785528929622176, 1.5001772419273462], [4.05997532130799, 2.897845474830841]], "targets": [[4.07830435118483, 1.0783963493893487], [22.64412554762327, -20.061251170538924], [2.623438891747884, -1.231697901014798], [3.7068461216295217, 1.4904343117259176], [-2.9093921190838166, -0.3302251037936081]]}