{"step": 1863, "herders": [[0.30227066997565344, 4.098109815300841], [-0.37197629745497957, -2.1244695851304156]], "targets": [[1.4488758900762246, -1.7986067302343423], [21.95131782842242, -19.067065734506247], [0.7291103420074317, -3.389697917191519], [-0.8196447112601711, 3.012292648736042], [-0.9661574040963918, 0.6306142874377763]]}