{"step": 785, "herders": [[8.399347993605561, 0.7702456053433001], [0.5773905068442536, 6.27674013215929]], "targets": [[1.4912029422309385, 4.571517055160913], [22.954523116701957, -19.078803477771725], [2.5909572789794226, -0.9429191420774071], [6.246687389471151, -0.25339673759634873], [-4.027376233183559, 0.5842471116169978]]}