{"step": 2830, "herders": [[-2.67180682673837, 5.5726024680120565], [-2.308360451464321, -3.2294069851632545]], "targets": [[-3.518462292626392, 4.273852134572355], [26.28836537578014, -17.331949617626744], [1.1903774761138133, 1.8997412592623972], [-0.8334176427407802, 0.8580327217366476], [-1.3731816394134797, -2.900378810841251]]}