{"step": 2468, "herders": [[2.3423851733086605, -4.995225488061865], [4.117096781105709, -3.3442185507457416]], "targets": [[0.38920974641928446, 1.9320991845260327], [25.56826843695377, -20.5822553924867], [2.1906434080411445, -0.7794889737353357], [3.0172009201540453, -4.053148359686356], [-1.1750906999140054, -1.6745255469372737]]}