{"step": 1192, "herders": [[-2.3610364230906207, -0.22563189744051004], [4.4782460473478105, -2.261253203643598]], "targets": [[-0.3275552678845157, -1.1190985887448222], [20.179584845486005, -19.43460431267087], [-0.7368928468563618, 0.49224014954005674], [-0.7684223915100696, -0.5085172747665658], [2.3547058279734685, -1.9828010970374392]]}