{"step": 133, "herders": [[14.638523825194703, 1.3097761428410233], [-5.787453088684112, 15.866003187402821]], "targets": [[4.673178534283286, 2.591669008124503], [21.044251734328068, -15.007973578092331], [12.582364766144595, 0.20380805868190752], [12.759780038868856, 2.356247811918778], [-5.421668880576695, 14.232096670576063]]}