{"step": 3600, "herders": [[1.3792141477883948, 1.4843022435229265], [-2.0325037160861643, -0.9287700672843906]], "targets": [[0.11402976823943381, -0.9824057057935203], [29.868123977706468, -16.487154439530105], [-0.12948654931830436, 1.5946899362138933], [-0.7278766631806202, -0.38162982118852257], [0.8142712857671366, 0.4146553566576999]]}