{"step": 1937, "herders": [[-6.115897394704513, 0.45445436869386835], [4.390273163868075, -0.7100257290751072]], "targets": [[2.9107168738198093, 0.34456873554141065], [23.035552928173765, -20.048164573559657], [0.8658096110366713, -1.233347402219397], [-4.030234823990626, 0.9773324016878904], [-1.399112505031312, 3.223699377351223]]}