{"step": 220, "herders": [[13.216408554005941, 3.8432993412470546], [-5.906436134931937, 12.631080414723442]], "targets": [[5.459030381705502, 2.6432155065196765], [22.300627567446615, -16.72001959426766], [11.99334656126099, 1.0647503083109442], [10.645024511731732, 4.9370919810187806], [-4.837460606610238, 10.769785229036614]]}