{"step": 1366, "herders": [[3.3469777182776026, 5.264608739841384], [-1.7143741149516738, -4.454727307636163]], "targets": [[3.739608336917228, 5.961583901552622], [19.332235849539856, -18.67039973767845], [-1.7152995141876417, 1.7179169402719097], [-0.8841389999158393, -2.604129869514544], [-0.24395899211614752, -1.662668976584196]]}