{"step": 1946, "herders": [[-5.145748546780847, 1.5911670488843652], [4.287231854935249, 0.16012560800531403]], "targets": [[2.8094247685559277, 1.2175804161383585], [23.16578874769139, -19.89187656618703], [0.6979007382658164, -1.434916122675408], [-3.3108067051727113, 1.336547333582366], [-2.0856364509464846, 3.4143416440990215]]}