{"step": 2884, "herders": [[-5.472361416472283, 2.9963636745921423], [3.391505222307376, 1.2089932648408035]], "targets": [[-3.8890809195934484, 1.4473384721519], [25.886492222462845, -18.730846929223375], [1.5350863697273123, 1.354212601935554], [0.10005893406663519, -0.12448816073399288], [-1.0473261727910645, -1.4178125294153348]]}