{"step": 481, "herders": [[10.720901454685718, -0.9049206634961825], [8.60869329506697, 4.119051458140338]], "targets": [[4.160454543108588, 3.447299593946911], [23.700566236681972, -18.596643398890667], [8.714585733769955, -0.10095053009897179], [7.126155096648389, 2.1474033451736863], [-4.385563014696333, 4.5520241409194675]]}