{"step": 338, "herders": [[12.16420500599737, 6.459629065859581], [-2.036582973916271, 10.236199519967698]], "targets": [[7.090750793017951, 3.256754215050444], [20.052855901934528, -18.34225814953405], [11.696330217536216, -1.1859829549468457], [10.082767778239406, 6.7556224751556995], [-1.9156464830569626, 8.668267647623194]]}