{"step": 388, "herders": [[12.246729408804596, 0.9468502753821882], [-4.006260080096614, 7.960049859708437]], "targets": [[5.3899018864292, 3.0864176098287297], [21.519166048815237, -19.0267641468708], [10.886208514473854, -0.33514817900864113], [7.911371507519354, 7.498784449793611], [-3.3974044082283825, 5.988840452562085]]}