{"step": 1957, "herders": [[-3.9112580512940456, 3.3553008314965878], [4.097394253783873, 1.2796952772112389]], "targets": [[3.061216509529668, 1.150011010663948], [23.19567094144418, -19.655465120708772], [0.5017529272709582, -2.205073163235412], [-2.88514467988056, 0.8924751631031701], [-2.370051018616952, 3.5523320982838205]]}