{"step": 474, "herders": [[10.90252235589695, -1.2261816471369538], [8.324370626678023, 4.684590410595695]], "targets": [[3.8584941465963567, 3.8722086526556216], [23.3530426595441, -18.314781928499098], [8.85625511214805, -0.6463409478693884], [8.03338755360118, 2.8807027929409266], [-4.36721651334736, 4.680073270816956]]}