{"step": 3228, "herders": [[1.798314603716624, 1.6980695057967372], [3.8118059574304914, 4.300970928923322]], "targets": [[1.4924504256539264, -0.16232239473755963], [30.145531971611398, -19.075791246182828], [-0.04099878827740122, 0.5642912480109805], [0.5676126885224224, 0.6116661034412001], [3.381465117363005, 5.024491690513556]]}