{"step": 1046, "herders": [[2.0554466615888676, 5.975279402025197], [4.6739220462996105, -1.3655671140245493]], "targets": [[2.4194974791647477, -0.5642012638629218], [22.09195465613628, -17.633342761764023], [0.9954721342442636, 4.179848386219924], [-0.07495680618611064, -0.3099795021460994], [-2.1499900514714483, -0.4026553531792374]]}