{"step": 2409, "herders": [[4.985457924905286, -6.602981848305536], [-0.1926280746648391, -2.1112596308425284]], "targets": [[0.9140030417168395, -0.1715557137490217], [25.08545363719054, -21.86570382641825], [1.2089565355747138, -2.5093709857460746], [3.895297090098709, -6.434953510718749], [0.1109105194127829, 0.21065283829420178]]}