{"step": 2526, "herders": [[0.879684044109374, -5.29997529214996], [3.117785865068553, -3.031834171177456]], "targets": [[1.7978483839891555, 1.5904349453361681], [24.49859609141998, -20.264907734697726], [1.5296898770466376, -3.1521845252394245], [0.8607297459153209, -2.9080223144224226], [2.140945586817544, -0.7911907756990681]]}