{"step": 3338, "herders": [[-4.562608080701868, 4.063083942028488], [2.099172953011024, -4.674555840988697]], "targets": [[2.6521782223603605, -5.316553594656265], [30.72250286744691, -18.14074593299963], [1.333540259748541, -0.14303808621117503], [-0.8635787114085162, 3.1280802103422447], [-3.3007304739497965, 3.057815116957265]]}