{"step": 1549, "herders": [[-3.7677285149009894, 2.517105055598476], [-2.694231884976991, -1.36070298067003]], "targets": [[-1.195400791690351, -0.13394461887947284], [19.776485290705466, -18.472446864929474], [-1.6401135571838041, 0.40443914103524037], [-0.13163520149165275, 0.2428328695628968], [-1.4314897481610147, -2.514089770229765]]}