{"step": 3639, "herders": [[-2.4558845310935595, 0.0581552510603478], [2.837702529581802, 0.9424333705531887]], "targets": [[0.9496866597664323, -0.01271280481062012], [28.086647161320933, -16.669663277048244], [0.17003783714061113, -0.6069568524051141], [-2.12341463205586, -1.557634325095759], [1.427134514137649, 1.007342304166579]]}