{"step": 1010, "herders": [[3.475106975544931, 6.500739504861774], [3.5228487846388683, -3.7209460812122908]], "targets": [[3.9262941782308505, -2.273337698059551], [22.341622524860874, -18.956782586326806], [1.9476220518902188, 5.1056651692329815], [0.3179520663021957, 0.3591114359648916], [-1.707673836885971, 0.11367187041638516]]}