{"step": 3351, "herders": [[-4.163787988684393, 4.021551276683094], [3.2879228892037347, -5.8894943281838925]], "targets": [[3.6418930449131004, -5.067259561579432], [30.691032600082686, -17.791902799011076], [1.3810080206556061, -0.05733311846318906], [-1.2695165736050944, 2.4910621873952206], [-2.3093058525724763, 2.565870850249344]]}