{"step": 2224, "herders": [[-2.5839663512119486, -3.2692970233126575], [3.690597897625985, -2.3151087321834742]], "targets": [[2.5931629981886797, -0.4101970862505212], [24.24127236526667, -20.522280558526234], [-1.0342093383138384, -3.533302204695518], [-0.2559281155822549, 1.0685375925542846], [-0.3046431058737789, -1.9109485401245392]]}