{"step": 1395, "herders": [[2.749802406036313, 7.705301739007127], [-2.545590910255679, 1.534765164435699]], "targets": [[2.2593626018279402, 6.118633620410073], [18.334897166823225, -18.997879383425886], [-2.2054667065288642, 3.143567764831502], [1.2715925960702894, -2.029760289523429], [1.1119355209496684, -2.0126570606282437]]}