{"step": 1851, "herders": [[1.7737136475733353, 3.0885011728490284], [-3.3230592206362246, 0.7147627675138855]], "targets": [[0.7061540420807442, -1.8933159837402302], [21.166400413471806, -18.08342824662769], [1.005193748856077, -1.6126393205843896], [-0.07026682316640182, 2.869392030186183], [-0.7932211244490296, -0.019767630297009703]]}