{"step": 1624, "herders": [[1.1429877966303073, 1.8307748221035256], [-2.2871333791716637, -2.468833833685744]], "targets": [[-1.1275132249778916, -0.5186728581733185], [21.56795944242329, -17.652777616327672], [-0.2377341560710114, -0.21771236471861982], [1.6833880842641615, 0.052630153668725754], [0.41959212287571945, -1.1735781627330288]]}