{"step": 2845, "herders": [[-4.321136276062317, 5.275800300193408], [-1.2092716801681702, -3.77821766201365]], "targets": [[-4.017025726193251, 3.812043949534796], [27.035395679037002, -17.704165514441993], [1.8918931653063937, 1.8206543516598372], [-0.26160507976568237, 0.48952594609439165], [0.19078815702873408, -2.7973903962284323]]}