{"step": 2832, "herders": [[-2.941810682625094, 5.551497766616553], [-2.2643639997797336, -3.3834122690678914]], "targets": [[-3.9665932809467472, 4.104999079044393], [26.47610888896103, -17.352346334533074], [1.0274783643688212, 1.3904277143022692], [-0.25870522292163145, 0.9291931164518114], [-1.0320294056492432, -2.879120280641377]]}