{"step": 3513, "herders": [[3.104857410708192, 0.17172736759462043], [1.22415404804802, 4.1343261995586635]], "targets": [[2.153927891385725, 1.3404636230420068], [30.049481720106233, -16.55157134480853], [1.495072678130824, 1.113390852806729], [0.032648992976027635, 2.4599566016765912], [1.5093415925554934, 1.8209247306332013]]}