{"step": 917, "herders": [[4.57890900460777, -3.4260297405501476], [-6.690727999153125, -2.1511118633567228]], "targets": [[3.201140166353549, -3.1198700567253734], [22.40896676526254, -19.267286812699705], [2.4496910954587032, 1.2638385687253768], [1.4258788597957819, -1.4754378905154826], [-4.961619649673269, -1.7253789016279701]]}