{"step": 1070, "herders": [[0.4259634150808071, 4.7004104161047575], [-1.3687848676343601, -0.8655421672433884]], "targets": [[1.443751376538542, -0.5855006890269399], [21.45420096723639, -17.599944707035064], [-1.0695336634657844, 2.8737569222213533], [0.6145538787667756, -0.023204914077411126], [-2.373571071333443, -0.451704567779476]]}