{"step": 1293, "herders": [[-5.744071650605692, -0.8732837787636061], [3.926860286470058, 1.4565597581784515]], "targets": [[2.56650379555303, 1.5176483586346194], [20.022318283195954, -18.45182803448016], [1.0073448808297676, 2.6322266534864185], [-4.004035468889838, -1.930863813880912], [0.15127711566465168, -2.9832943676533117]]}