{"step": 419, "herders": [[12.826124025700244, 0.022965906619618504], [-5.626053160157777, 6.265032030009705]], "targets": [[5.102082527745264, 3.9677566882117015], [23.241541202061075, -19.035675101276656], [11.42958269237254, -0.4494750756751575], [7.1936957525723555, 5.846840688522519], [-4.95214664490945, 4.783200257592873]]}