{"step": 218, "herders": [[13.158732729094496, 4.272123021858726], [-5.943525666544133, 12.741974729617619]], "targets": [[5.089965148704649, 2.7179529320165168], [22.423762468168835, -16.706829829894932], [12.051339525208073, 1.2576120717342694], [10.705449553197854, 4.922402678938712], [-5.053138501743081, 10.647543876276282]]}