{"step": 1657, "herders": [[1.7635580345224435, -2.4813563609396585], [-2.7499651349676366, 0.6417292214640136]], "targets": [[-1.2846079443548513, 1.1567861321356392], [21.30550173243647, -18.77105462030146], [-1.0841771212849336, 0.14240523295666663], [0.524975684070478, -1.260991828597412], [0.7834044807296977, -1.1565186412929553]]}