{"step": 3075, "herders": [[3.0861527986655557, 1.1965481200276908], [-2.423735589183278, -0.6860527764371749]], "targets": [[-1.8426105762879716, 1.3553074060822488], [28.330024617863515, -21.1923875022425], [-1.1851412765182663, 0.47332082776924533], [0.5201323730942105, -0.10225376391265534], [1.3459768584401888, 1.4840156937990874]]}