{"step": 3978, "herders": [[3.2023509043874476, 2.0164246654529854], [0.4474665317056401, -2.693956462520742]], "targets": [[-0.8991628031450973, -2.0712359907042823], [25.300089037713143, -13.764835464216377], [1.0191884270185159, 0.920033198048607], [-0.7285641050833433, -0.5546741477531101], [-0.12239396302009559, 0.5679400039769404]]}