{"step": 2008, "herders": [[-6.292869739595247, 1.3633911353953245], [-1.6007634190613764, -3.059837215090144]], "targets": [[1.3452580007513495, -1.2385417184645247], [24.8195437353207, -19.89248584384313], [-1.7361567449346085, -1.0864857167137032], [-5.80746999464475, 0.0482118409034523], [-1.304007746499408, 3.6766754389833736]]}