{"step": 2879, "herders": [[-5.433252742216303, 3.386648236758679], [3.3797850213018985, 0.7049125275303888]], "targets": [[-4.062397881410226, 1.7536288589828741], [26.56184711779436, -18.12031695682538], [2.6337750438203567, 1.2026816175079607], [0.5346351081688385, -0.2323612585223736], [-0.7605180552324332, -1.9382188158472209]]}