{"step": 3387, "herders": [[-2.4281325164413854, 4.264272152782991], [4.634585314684634, -4.502257649973624]], "targets": [[2.888478113327682, -3.101344639399563], [32.752133495567, -17.63011402437317], [0.030141773739335465, 1.2919573757653189], [-1.529508429076584, 3.2355731719420695], [-1.253312935859749, 1.8177029433902447]]}