{"step": 580, "herders": [[5.921385370488599, 7.2590633644328175], [-9.27680875918864, 4.32304382615936]], "targets": [[4.68728223834155, 6.985138983919759], [23.734286912204688, -17.53467177370625], [6.700462856316067, -0.036236337467130966], [3.9884413312496614, 2.0134258108733074], [-8.894887775836704, 2.4881741286008294]]}