{"step": 3592, "herders": [[2.32953194354164, 0.8771159332972371], [-2.53279714319017, -0.21943439701507014]], "targets": [[0.19747302289002955, -0.4700013674277385], [29.422727761450993, -15.921585812996845], [0.13955246494677404, 0.8312490172506325], [-1.2164909622603217, -0.4081410702776147], [0.7628706298512576, -0.0034386643976606346]]}