{"step": 3266, "herders": [[1.0422731487307777, 2.547447471190069], [1.7770400778805475, 6.404132846490336]], "targets": [[0.37697859745141404, -0.5150605910469448], [30.69421289876984, -18.85262615728234], [-1.612766114305196, -0.8988736504564376], [0.059536846745355865, 2.706455534432407], [0.6230092296402976, 4.64935325726329]]}