{"step": 3750, "herders": [[2.7184967468307644, -1.8730232061356986], [0.6825006398327671, 2.777724724809446]], "targets": [[-1.8853829360414611, -1.248880082978037], [25.771248980954695, -15.823625026553945], [-0.024414305018144178, -1.242095575603345], [1.9773579803290928, 0.11986700050116628], [-0.5577255259668792, 2.2604576313689035]]}