{"step": 1533, "herders": [[-3.7677285149009894, 2.517105055598476], [-3.22250551245482, -0.6228094665716077]], "targets": [[-1.6756265638148553, 0.4913688767859412], [20.48582264187952, -18.76162372198258], [-2.5924032430966584, 0.9365742083197565], [-0.7157338908563786, 0.25034722967060274], [-1.3095427442000749, -1.0169095449001846]]}