{"step": 796, "herders": [[8.093499855825343, 0.4845626336514754], [0.48802860401150905, 5.422521550325656]], "targets": [[1.2151489143673433, 4.112452565019667], [22.874371460970345, -19.74248040620254], [2.196541568675941, -1.3229627561423882], [6.412391860730415, 1.105439819968578], [-3.952580486189702, 0.33800747626051575]]}