{"step": 1235, "herders": [[-0.8406557001693914, 0.3144056556285867], [1.8663275372976487, -3.5966102720847455]], "targets": [[1.006706275961408, -1.6776356282845097], [19.609560147060236, -19.854196546590195], [0.7155270712807182, 2.6620624508968045], [-2.65046886482803, 0.6487401952591367], [0.697478972460242, -2.378328794540745]]}