{"step": 2076, "herders": [[-4.641206659190331, -0.8607176992922657], [0.9266996044817739, 2.390423421142118]], "targets": [[1.1126454695808015, 0.5636048299087982], [23.475571508978668, -20.067207986687702], [-3.07611644162847, -0.7636219482504014], [-2.713671694832504, 0.07236067475348901], [-0.866948154098766, 0.526523496725714]]}