{"step": 3425, "herders": [[1.3200903178533103, 3.8111903670571614], [3.515587528628467, -2.807723300783038]], "targets": [[1.8024901182557, -1.0417721707874081], [31.449520037702065, -17.314411469594802], [0.5131809721575439, 0.2604748143313845], [1.6615608247095321, 2.316255441533587], [-1.086131009382873, 2.3765100599350917]]}