{"step": 2364, "herders": [[1.9083132353931154, -0.7607852550807808], [-1.4732584678458298, 3.9094489174241778]], "targets": [[-0.22883923086618096, 0.3893998963116684], [25.158188164927953, -22.465906808462087], [1.9177453090826508, -2.088512837348815], [2.3316225963484314, -1.3192830993983424], [-1.1119815816621306, -0.2776514403228173]]}