{"step": 3456, "herders": [[-1.8905784818010958, 2.8865797794338617], [3.69630559095585, 1.0899490410336665]], "targets": [[1.6566893984657538, 0.6273161110607932], [31.034667200502273, -16.764630985924313], [0.6067606446587173, -1.1387021766618506], [1.9811972766967898, 1.5022349637576733], [-0.6075509025308932, 1.5019644397241383]]}