{"step": 233, "herders": [[13.618165192071546, 2.22771860344675], [-5.516672429518819, 12.156329337451028]], "targets": [[5.268530753414794, 2.5557234396993795], [22.402480020556684, -17.002353496910462], [13.268579114143916, 1.0892516502817553], [11.338350789297948, 4.826439221794433], [-4.894949788198885, 10.955526013536215]]}