{"step": 2660, "herders": [[1.1214329601472703, 2.4259524098793688], [2.6056459363434175, -0.1972643422229154]], "targets": [[-0.7575569650084446, 0.43342576123625187], [22.719984083499902, -19.116869025461668], [0.0004762320260200195, 0.7178800656504598], [-0.05326939432404265, 0.07142701576564267], [1.0751011122438539, 0.3958618416173668]]}