{"step": 676, "herders": [[1.4299396201549048, 8.748504134882285], [-6.96709032436241, -1.5540494028879903]], "targets": [[0.8479045466486307, 6.23562458849025], [21.83410120495345, -19.11760311089579], [3.9489134378747934, 1.6480492546318204], [5.5676568686845584, 4.088220180539438], [-4.627663327046422, -1.4864414246862903]]}