{"step": 3587, "herders": [[2.318324564865464, 1.4250236088419839], [-2.454043703005582, 0.5753708574552127]], "targets": [[0.8506320394601312, 0.2324081742302909], [29.63999051271919, -16.474482081413115], [-0.0006005493261986294, 0.5553482587016505], [-1.4175432018682175, -0.67997624238696], [0.839935175735138, 0.058511004472016445]]}