{"step": 3137, "herders": [[1.6385876209530965, 0.011155244269037579], [-0.8118322946777807, -2.125610486110118]], "targets": [[0.43424178013135295, -0.11387398567476759], [29.132917258990695, -20.796956049038794], [0.9266364151603543, -1.8334779384952216], [-0.05309223895949278, -0.08439897324467519], [0.48238378558982153, -0.16891609428336105]]}