{"step": 671, "herders": [[1.5606379109986757, 8.973070117429582], [-7.338198450068671, -1.1977867764779262]], "targets": [[1.007551461942439, 7.107207662582151], [21.536533853417737, -19.04875274835995], [4.250387807458852, 1.6091382583366884], [5.09410450828648, 3.867915803457087], [-5.3898830978225725, -1.2504917275061243]]}