{"step": 552, "herders": [[7.951560458564995, 3.0607677158015045], [-4.602650350408702, 6.179900381617507]], "targets": [[5.5437687164068015, 6.211464637343499], [23.65226240704746, -17.932850316463707], [6.737308612633564, -0.3179633297269704], [4.916249980310931, 2.1060795346016357], [-6.293166426169405, 4.878765855051524]]}