{"step": 2727, "herders": [[0.4464535549758999, -3.797556310737585], [-2.418722693174267, 2.219269445109378]], "targets": [[-0.9991565040452859, -1.1229097977102733], [24.950364533219492, -18.677545202828323], [0.10027555169135549, -2.3215715083339004], [-0.7975869635567613, -0.6169088392916495], [-3.201340462916978, 1.6202460058890478]]}