{"step": 592, "herders": [[5.591510296554368, 7.68276881057396], [-9.799898437161039, 3.132308165695457]], "targets": [[4.368725713696972, 6.547265759704031], [24.59107269780614, -18.09892297251198], [6.026194596578914, 0.22859810379041476], [4.661221995724369, 1.9995328541179478], [-8.222846982495987, 1.8856907434497998]]}