{"step": 1519, "herders": [[-3.0530522799397195, 3.023601024776071], [-3.790128116504663, -1.2074432742630452]], "targets": [[-1.0145015940540132, 1.0937739497497136], [20.6863993425515, -18.627717743186334], [-3.055031293387764, 1.847692889718293], [-0.7889990747545962, 1.230950834356658], [-1.7131592533127993, -0.7704308098386552]]}