{"step": 3390, "herders": [[-2.235187799873583, 4.314395566259689], [4.432217026054216, -4.360003240436943]], "targets": [[2.64743138205694, -2.445549770609121], [32.24775686177146, -17.649641469121384], [0.17092665267500157, 1.0096708232197042], [-0.4575731927600604, 2.957851448969067], [-0.7158124307263037, 2.1529403206526276]]}