{"step": 2926, "herders": [[-3.765673441333438, 2.5979986953343293], [-0.9532808572477478, 3.94554153376371]], "targets": [[-2.1979072049163455, 1.343316621768739], [27.84110799599616, -18.723745096329743], [-1.279469356178445, 2.6520819853479707], [-0.8911947396737534, 0.6651190729807952], [-1.821574813275579, 1.150611186925342]]}