{"step": 2052, "herders": [[-5.701256075071464, -0.289563340347296], [-1.0349451966976344, 3.5185215497119198]], "targets": [[1.0652080067731238, -0.10397998660203678], [23.9435455623451, -20.501266869229767], [-2.453770298721479, -1.661878952675017], [-3.738112157178737, 0.39390910789313055], [0.003457006736145185, 2.202663847198838]]}