{"step": 707, "herders": [[6.463426528309407, 5.022244649091447], [-6.534099573665413, -1.0439078158995003]], "targets": [[0.15381468776287596, 6.000203704273504], [21.916900563928596, -19.080756042523348], [3.466086906703805, 0.15122676743328947], [6.072007041983849, 3.2678375285750474], [-4.797614593974442, 0.21482625306988518]]}