{"step": 793, "herders": [[8.168184238868974, 0.36818133262409797], [0.12207649418945246, 5.35386677105219]], "targets": [[1.0409869423489289, 4.118356312087059], [23.078914416274966, -18.975239588317482], [2.257890421073462, -1.671471194838243], [6.4418365397161, 0.42455247764345355], [-3.986856253130875, 0.6316137206380066]]}