{"step": 2783, "herders": [[0.32600040474392245, 0.21166851269713488], [-4.5297749920489006, -0.30533798766514414]], "targets": [[0.8069713360687778, 1.1391899303355664], [25.137153824825926, -18.987463697848085], [0.6957758804945816, 0.09208802754079161], [-0.3503973150940435, 0.9049268562210041], [-2.1159852546366955, -0.11015519444760345]]}