{"step": 2733, "herders": [[-0.05881371448810507, -3.620623330704546], [-3.322312524291901, 2.179588694723296]], "targets": [[-0.7910213887297932, -1.490576574896174], [25.160838586882033, -18.293836074201742], [-0.08608898157085958, -1.5617908286318665], [-1.2981103072046811, -0.9358716070106217], [-3.656272664020376, 1.1496482051353065]]}