{"step": 3494, "herders": [[1.782148510836233, -2.6623619694237655], [2.0840880043785086, 3.627098324727977]], "targets": [[2.559766006617161, 0.9205390644688507], [31.2066748009093, -16.728994893185664], [2.2426153773971667, -0.9947340561528516], [1.3223353799034898, 2.674927268239262], [0.6448637701615443, 1.6735210901334376]]}