{"step": 2166, "herders": [[-3.06804106944983, 1.3258858283761463], [-3.3209835276614834, -4.852465889022378]], "targets": [[1.1605926623335174, -3.235960251159147], [24.847924898600752, -20.17409657114708], [-2.2130088719952656, -3.4639471551496857], [-1.0295718501393127, 1.8208096532523035], [-1.9539211845622626, -0.09948773993391535]]}