{"step": 607, "herders": [[5.159252326686267, 7.894719413995106], [-9.694020829009187, 2.023292544865451]], "targets": [[3.746946326485598, 6.836167654770815], [24.016758437095316, -18.622959758935178], [6.082253987255293, 0.37950488019918044], [4.5806859806985445, 2.2680781476762646], [-7.9664411763745235, 1.0865631394188295]]}