{"step": 1117, "herders": [[-2.381780437517098, 3.5376907760481555], [-3.392204338880064, 1.945302134774468]], "targets": [[1.2034259014978017, 0.06484276794369995], [19.874126240988744, -18.371203304786967], [-0.5892662818880121, 0.5715635655253258], [0.7079532351695589, 0.8732150371792506], [-1.5186435401989438, 2.098753603125889]]}