{"step": 3282, "herders": [[0.13306153687783057, 4.825224702270707], [1.0756013023182616, 4.601662287600087]], "targets": [[0.23615656654822423, -1.3048726392773347], [30.59261662342688, -17.595961233860663], [-0.4592176864997704, -1.2676790638633806], [-1.17850088515685, 2.271321507450953], [-1.6058233511800237, 4.575698373664803]]}