{"step": 1103, "herders": [[-1.6322193505134655, 3.5229602634626644], [-3.6647628468049502, 2.018564115765127]], "targets": [[1.0192347719084462, 0.6621927524892616], [20.1846079604642, -18.330023631040063], [-1.0097910939699843, 1.2917098060863743], [1.0494558637505165, 0.376474226359539], [-2.0762997624954416, 2.5380467624899223]]}