{"step": 1824, "herders": [[2.8425284770859216, -1.3901287411615353], [-4.17452864926182, 0.0012961312282304682]], "targets": [[-1.5039985387668946, -0.3344683131432216], [20.118629975614205, -18.389249868632476], [0.8190623587075886, -1.4300985752379383], [2.3377434545150275, 0.820134570640867], [-3.256079790566622, 0.8817761874404615]]}