{"step": 1909, "herders": [[-5.901526759451016, 2.762542220051978], [3.9060346800436334, -2.0746569153196366]], "targets": [[2.7413913070215896, -0.5036924181898221], [23.609580589826475, -19.79712200090867], [2.6324736176625083, -2.029870590411087], [-5.231023150260503, 1.0150400033542013], [-1.3624928753578374, 1.6130835464048252]]}