{"step": 456, "herders": [[11.785462675780725, -1.2504377595452427], [5.83283624764495, 5.358334930386853]], "targets": [[3.7588629611753177, 3.391069500933255], [24.135577905587652, -19.585764903205046], [9.398996697684655, -1.2642591733773272], [7.115933050442503, 4.610784981201615], [-3.994134715857737, 4.317086042143654]]}