{"step": 3195, "herders": [[-0.6782321070401041, 2.6837348123145457], [2.9935890859418812, 0.17797548644851557]], "targets": [[-0.2621487956428506, 1.2811957863734067], [27.98487662980846, -19.390120876911652], [0.6255829791877576, 0.12342900768942469], [-0.2838201913707617, -0.06207448067191784], [1.0497614814215839, 1.9679190199645669]]}