{"step": 3963, "herders": [[3.940294618970625, 1.8810822229486], [2.4757977551372248, -1.3462519263547583]], "targets": [[0.6569164447012752, -1.8453298400555296], [25.48788010877883, -15.320193027939796], [1.7235100386681594, 1.4108025019557262], [-0.9435939463723713, 0.19944987854081492], [0.1032752671094917, 0.9387099394890982]]}