{"step": 876, "herders": [[5.377971899459238, -0.7446344130543009], [-2.1258427199185057, 0.2776675325975919]], "targets": [[3.924488348176583, -1.6261749271694026], [22.96463492269249, -19.826105193491898], [1.5940668788175991, -0.23999734540454726], [3.667736977886908, -0.2995834320652652], [-2.7848246113691477, -0.33387700804136633]]}