{"step": 1045, "herders": [[2.170251630062491, 6.000596020247277], [4.729530696781476, -1.52522065271836]], "targets": [[2.8671210950506105, -0.30314540439633747], [21.94939467919567, -17.878675686144472], [1.0535848781602652, 4.373535978811784], [0.12344515238096262, -0.7167288345529879], [-1.8979110868851625, -0.2629065516809135]]}