{"step": 1503, "herders": [[-1.4028996802028533, 4.112270620545867], [-3.9843241170328323, -0.8316594794016534]], "targets": [[-2.090539317217496, 2.0406439975667365], [21.10131519311158, -19.033225461123838], [-1.7354337226273877, 1.72645986399369], [-0.40985190052401116, 0.5257067316046452], [-2.2803971266785035, -1.4556560380903265]]}