{"step": 1059, "herders": [[1.356878398953613, 5.303877482497903], [2.9132474714363896, -1.2406289902420267]], "targets": [[1.9037357878825931, -0.8274715880776399], [21.90156887000516, -16.798495194179527], [0.5001621300349263, 2.960094311628573], [0.5203933200435105, -0.1690061002123888], [-2.380445258093501, -0.9270905340224974]]}