{"step": 321, "herders": [[13.240760016533706, 4.124311545754163], [-2.1354384378592997, 10.946506148951274]], "targets": [[7.6559096544574015, 3.9113344965478785], [21.90852148012976, -17.698429542002373], [12.32504545341166, -0.9060669206549956], [10.977268508512074, 6.076803212421975], [-1.5876261878459998, 8.797778323456066]]}