{"step": 3841, "herders": [[-0.28715636744749296, 0.721317890963691], [-3.447997414844423, -0.7884023781898296]], "targets": [[-0.5942433538047718, -0.10828670839846691], [23.450661640529066, -14.811450179138856], [0.39419900662171176, -0.4393976068951382], [-0.20337877130892154, -0.23383944852216482], [-1.9656187028946916, -1.9829227433779861]]}