{"step": 226, "herders": [[13.354496483021038, 2.915006451966481], [-5.69802320448363, 12.358568469992871]], "targets": [[5.5628268211842, 2.9949631595030883], [22.23332886575779, -17.003249086352845], [12.2384440096935, 0.9166458586819534], [10.54419453913215, 5.1886887624200755], [-4.549480252208981, 10.53744555438439]]}