{"step": 1004, "herders": [[3.926118694807047, 6.047306601512447], [2.725782352876817, -3.9767582962294883]], "targets": [[3.341621535711985, -2.551821563468893], [22.930937290620953, -18.69374070278994], [2.4695536422049367, 6.179630391482792], [0.7605875993440532, -0.34132397664933933], [-1.0853956377733542, -0.4120287062929786]]}