{"step": 2211, "herders": [[-2.7227703245929105, -0.6839798056367138], [2.4405585036426545, -3.7708325879842457]], "targets": [[2.1889183519449213, -2.214718941607108], [23.931789197585505, -20.26391942820476], [-2.439640974544007, -3.2115800925618645], [-0.6545501330578475, -0.1475946760253122], [0.33420312702845434, -1.7976739388784597]]}