{"step": 1462, "herders": [[0.27493810150441256, 4.578624351098044], [-0.7743946395691971, 4.453653015787162]], "targets": [[-0.8615555825296606, 2.558751205403618], [19.561169618803575, -18.50600153837151], [-0.8397996698984797, 2.536875413010816], [0.06874860802833394, -1.2678873674079822], [-1.7494297256037472, -1.1741815915559703]]}