{"step": 3307, "herders": [[-3.193573670994199, 5.504596056860836], [-0.15318560425620026, -0.23644896047735642]], "targets": [[1.2125325556540112, -2.58503872084325], [30.135905177169818, -18.14340959924334], [0.33124921711199695, -0.2944541862499763], [-1.8763418164799874, 2.2057001213429435], [-3.6135748877484946, 3.4998374395324836]]}