{"step": 3233, "herders": [[2.141349448039172, 1.134167741488799], [3.9754510678585397, 4.8928949899992045]], "targets": [[1.6095559035464453, -0.18954737729591026], [30.396268167733265, -19.06546830143151], [-0.09478887853981206, 0.8429407697806548], [0.08939648214501984, 0.7691367970754686], [3.4267924319530554, 5.402486976344741]]}