{"step": 2183, "herders": [[-2.313851526621449, 2.4762128649451953], [-0.6818069170501418, -5.0183067581100165]], "targets": [[1.0878873597635197, -3.5500689602850444], [25.041538434689603, -20.66547210261199], [-1.402272318930168, -2.7383822130543143], [-1.3225241777715588, 1.192981405875921], [-1.0028837797851855, -0.5714968955322817]]}