{"step": 3786, "herders": [[2.023310125805309, 2.2778268702646827], [-3.7713635249157837, 2.3380029304436443]], "targets": [[-1.3072914828144622, 1.923788305608047], [25.240389706753092, -15.737233107555372], [0.009285369328768889, 1.132203885627042], [0.3257715103454632, 1.9710061717881198], [-3.589385591380729, 0.8536748179273909]]}