{"step": 1537, "herders": [[-3.7677285149009894, 2.517105055598476], [-3.4148189829556106, -0.04469269796667075]], "targets": [[-1.9273514682723443, -0.0814090390065435], [20.164964711704354, -18.79914757002876], [-2.1878730365016157, 0.8672548165072189], [0.055641636582516085, 0.145763064514075], [-1.091492595345638, -0.8689534136291598]]}