{"step": 3646, "herders": [[-2.601986295200074, -1.5091313953353962], [2.3585519643586133, 1.809654112921814]], "targets": [[0.5902924420294088, -0.6831608062374221], [27.81350037085828, -16.344070218294256], [0.804972092591939, -0.8856605317437931], [-1.4806374591389986, -2.291283061596216], [0.5359101094274946, 2.1116579325872484]]}