{"step": 1896, "herders": [[-4.896193514856769, 3.8830930625021316], [3.6447823190141695, -2.8755882942490483]], "targets": [[3.0104431950364035, -0.9444337170611167], [23.336621004530645, -19.65161038086914], [2.187057314839312, -1.4369205667604645], [-5.099854011620563, 2.1767016744261936], [-1.2029223908179367, 1.1168910133071301]]}