{"step": 1733, "herders": [[-0.5586210405535854, -4.1474349274198445], [-2.389719640900532, 0.3778473358358264]], "targets": [[-1.7125273841085622, -0.933759416974535], [20.497893290999166, -18.435141744888565], [0.17338804498148525, -4.133734044466394], [2.1074515377569476, -1.1385907012272314], [-1.0951187169084295, -0.7165002893067048]]}