{"step": 2207, "herders": [[-2.518610963470696, 0.5595710021341567], [1.9369418207127131, -3.9777989232796642]], "targets": [[2.671416051111691, -2.196471794691849], [23.892506313076133, -20.61246382337554], [-2.336223917039626, -2.805589325432303], [-0.8004097575865556, 0.1759609328654823], [-0.1450812969538352, -1.9634107902090674]]}