{"step": 2314, "herders": [[-2.5327287432044026, 0.1024845042596218], [-1.4453669137408551, 3.970051823483135]], "targets": [[-1.0613924622367241, 2.6152933738400437], [23.97826086951473, -22.20253525881097], [0.23566182475231612, -0.4057890059223608], [-1.0892873118869586, 1.4963740975364368], [-0.721067246023259, -0.44883668219285516]]}