{"step": 1291, "herders": [[-5.7786259986993365, -0.6534486514194426], [3.8660672832965113, 1.3764483282335005]], "targets": [[2.9020854471018804, 1.2980674198721458], [19.74409102357415, -18.411458274831723], [1.0212254075498306, 2.877847797074274], [-4.146985610868991, -1.5838341621486007], [-0.003282047231004892, -2.8163507709978544]]}