{"step": 1564, "herders": [[-3.7154233843041893, 1.5270726611204044], [-1.9508921559964758, -3.524844979086932]], "targets": [[-1.4590739711166467, -0.48363943782915086], [19.746051478355568, -17.518622801229323], [-1.7422406874862044, 1.0153419831662163], [0.3377652132984523, 1.1389674617830698], [-0.07106728654219213, -3.2223442902245996]]}