{"step": 1900, "herders": [[-5.28928680055558, 3.5588252914155456], [3.8376429042938875, -2.4686861351662266]], "targets": [[2.881049765051122, -0.8803818017124194], [23.538451157415405, -20.028794710796376], [1.8669701797380367, -1.4409618877725048], [-4.923474688649189, 1.9119669061714246], [-1.0736395557794187, 1.3091740723819436]]}