{"step": 3437, "herders": [[-0.5772258070646865, 3.7674965580481086], [3.3218490048805385, -2.2715592201333483]], "targets": [[1.5603450212273726, -0.744885910784152], [31.058512231326617, -16.731252846906607], [1.2189118853767165, -0.2774854236919636], [1.8197214807225492, 1.5739999905929614], [-1.3200804553708712, 2.3249848197398904]]}