{"step": 3326, "herders": [[-4.554852034587324, 4.567951177764708], [1.1567837617472514, -2.8320032824229795]], "targets": [[1.5671862530097291, -3.654244688014427], [31.46177199725044, -17.875834386302316], [1.6797619824274133, -0.49072038923792766], [-0.5730448143964924, 2.302774051127587], [-3.4914537058985387, 2.797602373085815]]}