{"step": 1455, "herders": [[0.27493810150441256, 4.578624351098044], [-0.414253928327246, 4.421871088048289]], "targets": [[-0.49612805526045334, 2.5078577077178497], [18.77061496222325, -18.428165388295213], [-0.7940545049399899, 3.2621149228406052], [0.44665490875890634, -1.1008489004656004], [-1.7060431319095166, -1.0720886707890283]]}