{"step": 1849, "herders": [[2.0650011144009186, 2.785416224112331], [-3.4421476089445906, 0.778971156829089]], "targets": [[0.6650015015087631, -1.582152757983762], [20.839579062598812, -17.792512090462576], [0.7390429882131323, -1.5191167236463845], [0.08468118281971188, 3.306474238857233], [-1.161223189207521, 0.15387321589325204]]}