{"step": 1390, "herders": [[3.0420304810439434, 7.787231481905777], [-2.3992933623737596, 0.7388944724019697]], "targets": [[1.4273295710730785, 6.180668888409581], [18.563640047230397, -18.472552273354445], [-1.8520835939839442, 2.309717393056745], [0.8297329630479536, -1.7185279168156802], [0.7860987029997415, -2.1510040403943216]]}