{"step": 3117, "herders": [[0.9072663524700456, 3.242311850115631], [-2.2119882711984853, 0.2820971263886186]], "targets": [[-0.2032634008772249, -0.1450430361699931], [27.863921740794268, -20.861161029234804], [-0.8490563678599399, -0.9555481792315639], [1.6719362902168087, -0.10297642296483489], [-0.1952030153835283, 1.297146050526199]]}