{"step": 1093, "herders": [[-1.4885147462949904, 3.9111881975689777], [-3.728280714693874, 0.7581761231081504]], "targets": [[1.1580023908189419, -0.023915882280951567], [20.438374810948158, -18.04709847523525], [-0.4411009447662023, 1.9442860923469885], [1.0415187909136945, 1.0665289422121798], [-2.4873037777835942, 2.204244584568928]]}