{"step": 2997, "herders": [[1.940045202550784, -3.3915986803676104], [-2.9325677064844475, -2.050575653914594]], "targets": [[-1.57593467708433, -1.8031578052115615], [29.760078234154346, -20.67001641206297], [0.10898525395136222, -0.6041548932339664], [2.37245893854, -1.6105961937482804], [0.14610698642351128, -2.3103473033477253]]}