{"step": 1561, "herders": [[-3.7117784312409743, 1.7690989322784922], [-2.2818636903307006, -3.146066174372068]], "targets": [[-1.1990066555716057, -0.33495254133231933], [19.667604932431818, -17.690241376826272], [-2.309120213052587, 0.46209823171255515], [0.600536574086886, 1.1525346328288189], [-1.030237663673949, -2.940859846520917]]}