{"step": 1874, "herders": [[-1.385949746482245, 4.421855731607734], [0.7245545469174451, -3.9975910880954855]], "targets": [[2.181454426963604, -1.4365706226187442], [22.62346425726875, -18.854271366746254], [1.8314492583341724, -3.504986507504796], [-2.7639977761946564, 3.7999625720219203], [-1.3012245680364605, 0.727511518365808]]}