{"step": 588, "herders": [[5.678437354317441, 7.615047233797882], [-9.722393647605164, 3.455887658492357]], "targets": [[4.425820820892505, 6.518606679989589], [25.04866929611598, -17.710754742535396], [6.456921156132197, 0.29942438283485145], [4.577383941017535, 2.1589207710375486], [-8.512596492658993, 1.7326241979312162]]}