{"step": 2547, "herders": [[0.08725619942520879, -4.298224962043084], [2.612977657960697, 0.9886059409639139]], "targets": [[0.9536672624144638, 1.9266917688381069], [24.138990753336824, -19.484970655656415], [0.31385788661602476, -1.9043839048407893], [-0.33030277940551867, -2.243098392060611], [1.4966037505120418, -1.6500281281606148]]}