{"step": 242, "herders": [[13.880069783665324, 2.8078952102266093], [-5.345496187687623, 12.316012249461746]], "targets": [[6.0843509120460775, 2.671895520732896], [22.316818640392363, -16.78035649204619], [13.070118513645037, 0.3677413905364773], [11.65305502285899, 5.0410130969772045], [-4.106658698194517, 10.649078840521003]]}