{"step": 25, "herders": [[17.76625444725256, 3.9590416522628313], [-5.360600258441154, 16.48763587344277]], "targets": [[6.783676535382793, 1.315386437735731], [17.658611777667115, -15.031847703202477], [16.373636439291218, -1.077571556880981], [16.13930388154942, 2.887503115257132], [-6.115791833227661, 16.56137662662577]]}