{"step": 2164, "herders": [[-3.283543760814929, 0.9979164696487565], [-3.308304942247665, -4.9185590052022565]], "targets": [[1.0635041536156569, -3.3495922037945354], [24.49462144060724, -19.903129530122577], [-2.4869657416598683, -3.2823580208990584], [-1.0943065889187733, 1.8868178259027875], [-1.7219314547386442, -0.46249933336886767]]}