{"step": 3760, "herders": [[2.1044906461552566, -1.1497056864621242], [-0.6143569335906749, 3.552991763384584]], "targets": [[-1.3028319331472145, -0.021715240928774693], [25.732530441851193, -15.009292758038784], [-0.13341582981936106, -0.7219380068767648], [2.1917362390571347, 0.005684591038110809], [-1.5388181342706209, 2.6707881003602103]]}