{"step": 2629, "herders": [[0.6680073373514124, 3.2240077356424224], [0.2871348597835659, -2.602663924516219]], "targets": [[-0.208180187299649, 1.2609589743153111], [23.571349397265553, -20.489201440881192], [1.5700199188173884, 2.259246918908321], [0.04144922874676707, -0.9845521688977104], [1.3286806704425336, -1.4815311910649795]]}