{"step": 2079, "herders": [[-4.624815208225659, -0.9003625051158902], [1.1553093908915888, 2.218073253904906]], "targets": [[1.490459621768238, 0.5490916354729422], [23.404631258602933, -19.95160343365862], [-2.908509530565752, -0.858386122273354], [-2.579856857756297, 0.23573786631624777], [-0.6236084342440051, 0.631119986303434]]}