{"step": 2213, "herders": [[-2.8164036368009966, -1.2422875105095699], [2.5609766424397447, -3.697443969754048]], "targets": [[2.798929416161269, -1.6262855247479666], [23.56172814507911, -20.20057576185074], [-2.311676917551102, -2.760483822617062], [-0.3920643917288994, -0.09135786504794972], [0.4752860917333447, -1.5963311824454223]]}