{"step": 3085, "herders": [[2.7298566960195463, 2.219283686113269], [-2.776741887687586, 0.7230935150473352]], "targets": [[-1.9689967535345283, 0.7470618903094638], [28.152359426942475, -20.71564810048947], [-0.5085759794544418, 0.375245504782787], [0.7980686239570478, -0.1326854681747636], [1.497854610329226, 2.1182307392895656]]}