{"step": 1204, "herders": [[-1.3513695203159406, -1.3972448535250497], [3.5050950240402106, -3.1288279262980763]], "targets": [[-0.021009608917882144, -0.5826378575024005], [19.47320686093563, -19.220640072315568], [-0.38027533468393304, 0.8140270067915591], [-0.22128361173717132, -0.2649642496486329], [1.281684701863337, -2.5127022206540808]]}