{"step": 993, "herders": [[4.615247766883292, 4.468280176597614], [0.1520268892933444, -3.191762381306644]], "targets": [[3.115473661298286, -3.950427145688428], [22.932666127675645, -18.624584335378337], [3.203717438538225, 5.0913730502958785], [0.5909797208027998, -0.3500442137455397], [-1.888637987271422, -0.8976411478552117]]}