{"step": 2962, "herders": [[-2.2880916578598427, -1.4866566160372474], [-1.7716390792549435, 1.7138325324040955]], "targets": [[-1.0464938704148479, -1.0942634175195445], [27.900013548261548, -20.44065769507235], [-0.17557133771978056, 0.4483512878600287], [0.3415973868425407, -2.3553895865211287], [-1.4557684498301722, -1.0161232764281904]]}