{"step": 1431, "herders": [[1.1592648996967578, 6.015856185975503], [-1.1017638400693102, 5.538009467800538]], "targets": [[0.32685969468182663, 5.612905733346999], [18.816989472720966, -18.263349677921976], [0.06702597102153424, 4.0040573206237715], [0.5713854767630294, -0.42437270922147097], [-1.097777563871743, -2.196094502678952]]}