{"step": 2576, "herders": [[-0.9630516450602884, -2.869760834634307], [2.108354904513367, -2.562302300404792]], "targets": [[-1.5610225247726286, 1.4133581510350834], [25.196096775608027, -19.61133090223488], [-1.6431657773848187, -0.19989724552950788], [-0.6869372397075283, -1.3262194726323975], [0.8951225159741971, -2.706780547124442]]}