{"step": 486, "herders": [[10.52359257974866, -0.6215919610313684], [8.54402189024787, 3.419263940753921]], "targets": [[4.7685975842653106, 3.1617865138357755], [23.542192443760367, -18.955713597536597], [8.672013750879287, -0.5617671928809752], [6.922521913033858, 1.7691352323881389], [-4.714114274289017, 4.3355093495726384]]}