{"step": 1416, "herders": [[2.191465471680765, 7.0810680379837345], [-2.2362256707172965, 4.57507611419258]], "targets": [[1.0777755313103525, 5.630991632186227], [18.96227244920477, -19.061584873467158], [-1.0470187622627685, 3.6879094886926427], [0.8014219721522322, -0.283377705613406], [-0.20501658974931208, -2.320980449835061]]}