{"step": 3284, "herders": [[-0.2022789511947391, 5.0001011802894935], [0.7687452129406037, 3.5097135810772517]], "targets": [[0.2920344953585701, -1.5180737707397718], [30.88507394780242, -17.5306854404427], [-0.6243756088081943, -1.1338078703685728], [-0.9772614428137884, 2.073354375564443], [-1.371595449174601, 4.565570139165492]]}