{"step": 1002, "herders": [[4.112590722740138, 5.8361986881103665], [2.394325457406912, -4.022178483727444]], "targets": [[3.437216896035131, -2.7767594467901096], [23.363030272699003, -18.668085865251708], [2.3170064377760498, 5.849019295438035], [0.8371021167079569, -0.36927350741688564], [-0.8841408097045044, -0.4393154447572909]]}