{"step": 1370, "herders": [[3.6786517326775, 5.82693862516523], [-1.6309876033638309, -4.278167000083648]], "targets": [[3.6476565860279724, 6.413404903434798], [19.095516788641813, -18.498544526069097], [-1.631965232108753, 1.8102152601773225], [-1.0547461288326359, -2.129005488614248], [-0.2748683823373803, -1.4529383675107237]]}