{"step": 2649, "herders": [[2.2299830298780092, 2.695154019096609], [2.4043404558487547, -1.6539473450834445]], "targets": [[-0.4137877639642332, 0.64448225263179], [23.697055015880093, -19.38027021348307], [0.7110655653584926, 0.8273848760542808], [0.04463778586982891, -0.7915180812011889], [1.4914090308283023, 0.003036829405964142]]}