{"step": 3892, "herders": [[4.857760731764112, 1.2236953362550271], [0.7852225156713558, -3.6907401394571524]], "targets": [[0.761703627979447, -2.310717267478439], [23.728122222821824, -14.329911179852965], [3.0293728057005147, 1.9199960186450586], [0.18368335975197858, -1.6129964070363287], [0.7926458015891376, -1.7901333204485865]]}