{"step": 455, "herders": [[11.880056846313513, -1.1433568851911355], [5.390460474257338, 5.370648784973196]], "targets": [[3.804735438403022, 3.7786291353446173], [24.36880584162352, -19.76627692977271], [9.769462799878418, -1.6128937102877956], [7.072870055068484, 4.485242396028953], [-4.0783304606083455, 4.627998305656975]]}