{"step": 3917, "herders": [[3.6044551467239234, 2.686913362066125], [1.2649689144738143, -3.0246552252891292]], "targets": [[1.0002636558497913, -1.1071130415023902], [23.98693620250586, -14.82566649103513], [2.347583792582742, 2.280548895564219], [-0.1906713563455718, -1.3812424011875182], [0.4260626632197424, -1.3025253032608242]]}