{"step": 3641, "herders": [[-2.5874362797706687, -0.3172957656656128], [2.809937934303722, 1.081919409739286]], "targets": [[0.5446252904955673, -0.017836774172275218], [27.911936161928057, -16.901611292304516], [0.24863401790159317, -0.7327992020190235], [-1.6505239678573376, -2.159065797232632], [1.0339945087563525, 1.4391680342027493]]}