{"step": 2870, "herders": [[-5.251485689601904, 3.915474889125406], [2.732289630827738, -0.40716846239864357]], "targets": [[-4.255622329404515, 2.38902551271308], [26.86427282222617, -18.138045237529873], [2.8418273757689843, 1.6998605819159012], [-0.2866823741377727, -0.4425464489817969], [-0.18917153971793121, -2.0100525164564087]]}