{"step": 809, "herders": [[7.892083476651952, 0.8349498664741845], [-0.03788504028520251, 4.171984003867494]], "targets": [[2.2347301763330343, 3.7481007143460086], [22.484428476129917, -19.920605492723222], [2.771588190897325, -1.6363009144513643], [6.689190663770769, 0.3795871380851376], [-4.045012743083504, -0.3110912238379292]]}