{"step": 666, "herders": [[1.5871237217924774, 9.184034946695625], [-7.48109460249103, -1.0561886755977383]], "targets": [[1.181868611830563, 6.869657916562115], [21.52343352997913, -18.42611476550778], [4.533241739366784, 1.5228428757339267], [4.929582723405439, 3.7329930330582584], [-5.478934244472299, -1.1689500683975578]]}