{"step": 1438, "herders": [[0.7870099712071801, 5.832285134153735], [-0.6286003877590612, 5.714757404507734]], "targets": [[0.6108084273551255, 4.1914797031015425], [18.958833069313265, -18.813202633544112], [-0.5244248739497628, 4.046806852654481], [0.41413728238024616, -1.6686194323911898], [-0.8425878011769881, -1.5857938647705438]]}