{"step": 3476, "herders": [[-0.4100554339013661, -1.5204387783250652], [2.748808701546544, 2.08572369549413]], "targets": [[2.8518386106992093, 0.22561470164133843], [31.35926820720663, -17.26661878172823], [0.6149767609799726, -1.8979994872456682], [0.8509664092099853, 2.6971452588284808], [0.8887102405702113, 0.9269472327192265]]}