{"step": 262, "herders": [[14.381016348995812, 1.3507310852782404], [-3.9505288005536747, 12.585996585082542]], "targets": [[6.751359736640121, 3.697496699667323], [22.415982211084632, -17.079274295549872], [12.951740835104786, 0.022842071093223074], [11.416612298412657, 5.13557741007684], [-2.639466290399776, 11.406955345051902]]}