{"step": 1635, "herders": [[2.582867428367495, 0.2065477499990957], [-2.1513358116155725, -1.4698681928810198]], "targets": [[-1.3690841881913776, 0.023372533642815413], [20.866108260534116, -17.96500579724492], [-0.662825315633875, -0.46033966305767515], [2.132612276856055, -1.4704430821338976], [0.8753154463538794, -1.6688435300647333]]}