{"step": 1928, "herders": [[-6.380611210419215, 0.3729593673681868], [4.074746629105305, -1.430005030696282]], "targets": [[3.437819503425249, -0.02775124297010173], [23.06822905387044, -20.415112154885712], [1.0207320020848032, -1.6218876751302913], [-4.718066113995298, 0.09247010479557094], [-1.0634936021679717, 3.19658937253329]]}