{"step": 633, "herders": [[3.385481429020065, 8.872075737681458], [-8.82316621123815, -0.22652870320097673]], "targets": [[2.141889239737026, 7.932299979573939], [23.121134615493173, -19.019983111843406], [5.580696697683476, 0.7081162405799244], [4.6524689016921235, 2.567860116042804], [-6.943182929214365, -0.7158924172592726]]}