{"step": 1899, "herders": [[-5.13368148600654, 3.7154592831579927], [3.764314798131278, -2.6532653876584504]], "targets": [[2.830647798644839, -0.9468863372440437], [23.47657303209243, -19.932129419972735], [2.077728669358395, -1.2997583523143363], [-4.7944817991225355, 2.0753641449637454], [-1.129111703843896, 1.1725817498471836]]}