{"step": 459, "herders": [[11.650484533479634, -1.2825055955328388], [6.214127069413927, 5.368552868816347]], "targets": [[3.681754577795169, 3.2228542084248533], [24.30802303047244, -18.935001405540145], [9.680857747848913, -0.9447277089310202], [7.3349370799586096, 4.56385641245881], [-4.305103166247948, 4.287066172037454]]}