{"step": 795, "herders": [[8.133745022375276, 0.3914336425195947], [0.31505159642157166, 5.386679474135127]], "targets": [[1.0894353016895928, 4.174243402051737], [23.02614599158022, -19.58012760119676], [2.3086089224215423, -1.3968614172204095], [6.377714716395174, 0.820820764390715], [-3.938280472633889, 0.04001551720647578]]}