{"step": 3499, "herders": [[2.3144811752726953, -2.3588344257468523], [2.0447798628012945, 3.7639284791925363]], "targets": [[2.0779863808364363, 0.868620223492542], [30.55389946938699, -16.697249649352383], [2.3872095735668655, -0.7731621225509279], [1.3388878909864341, 3.4043270657727973], [0.8910018689894675, 1.387091860235906]]}