{"step": 1212, "herders": [[-0.413517514214875, -0.8808462697356995], [2.735622438426673, -3.4144053992313306]], "targets": [[0.6023031314648715, -1.0070978312381609], [19.14372592984147, -19.061652042376153], [0.20241591372969248, 1.328730752300751], [-0.13280670563877384, 0.09107283881715933], [1.0896217920917488, -2.4852646009634882]]}