{"step": 207, "herders": [[13.618373169019028, 3.6858753745356334], [-5.975157082622551, 13.04445768188856]], "targets": [[4.500952858550158, 3.454168534782661], [22.354013630533768, -16.608033093040376], [12.498827837163136, 1.0258257284712438], [11.664934893544967, 5.38133294214625], [-4.915527194537842, 11.364142541152471]]}