{"step": 1744, "herders": [[0.4929245511432353, -5.060626933315791], [-2.661034730048482, -1.3948136227987407]], "targets": [[-1.3992984807664883, -2.240479056656548], [20.455777864996048, -18.163441177296214], [1.4268094611895288, -3.303125333763007], [2.1370560987508607, -0.6731478595707054], [-0.24333144427777886, -0.8835287188062821]]}