{"step": 1158, "herders": [[-2.878527383850121, 2.027607247306135], [2.9174388140841714, 0.7832590168839296]], "targets": [[1.5675778914821985, -1.8034124467001178], [20.37012444892341, -18.66093069134884], [-1.9607697539147149, 0.12822563543471105], [-1.573714938964647, -1.0985081102427183], [3.492107535859278, 0.5042957947478375]]}