{"step": 1952, "herders": [[-4.297819178771284, 2.7843100511831578], [4.1299132021541025, 0.9685993296732246]], "targets": [[2.597936058006187, 1.5298197918790544], [22.995742065209587, -19.96365134561691], [0.23164827121081444, -2.2507093134631706], [-3.011861226108331, 1.0377632213657382], [-2.209204623162503, 3.580203316806332]]}