{"step": 3560, "herders": [[2.964498684899855, 1.897780661925827], [-0.3704360700218219, 3.141523173990105]], "targets": [[1.8360742814052518, 0.8060037574392027], [31.183798163046955, -17.326395440032936], [1.5358054436673103, 0.9738528151162635], [-0.9959125794866158, 1.8441255612380967], [1.0183770733459274, 1.140296969407467]]}