{"step": 1186, "herders": [[-2.6495753596869362, -0.091642434105221], [4.561932529152491, -1.8817765165604716]], "targets": [[-0.3086471058346199, -1.3547771333631284], [20.159680045236417, -19.563286504065456], [-1.31493585101909, 0.48232429274045685], [-1.0962786196259304, -0.2955697828956719], [3.163636432696342, -2.270414320945909]]}