{"step": 3859, "herders": [[2.187834931136068, -1.1762746238550768], [-2.4157046114824205, -2.836254015363125]], "targets": [[-0.13983007539972914, -2.163123654835373], [22.6621836511341, -14.415783428774237], [3.2697828675300813, -1.1012264700528305], [0.2819457818375799, -2.105256143534613], [-0.7740793985980747, -2.353468484396102]]}