{"step": 421, "herders": [[12.841469045765686, -0.05674166433534204], [-5.6868028324368805, 6.19907176292908]], "targets": [[4.855238563077054, 3.5938499841792817], [23.67515455314401, -19.199245996434428], [11.19685896640681, -0.7120262233219375], [7.260927627229154, 5.777707255717307], [-4.914222485831261, 4.864928271912723]]}