{"step": 3904, "herders": [[4.242906577771191, 2.071496190796608], [0.6793287339883274, -3.517368399653146]], "targets": [[1.0243778457427244, -1.709755719213149], [23.38313330481482, -14.938823572368559], [2.308959613887929, 1.96676332159274], [-0.1991203234739754, -1.7601310886212467], [0.920622506662894, -1.057993519041936]]}