{"step": 1730, "herders": [[-0.6120235086712562, -3.8517170092741035], [-2.3315903147975807, 0.6716747849160429]], "targets": [[-1.3633525382587501, -0.6453829470174051], [20.326623655021628, -18.309102269086615], [-0.1901254082773803, -4.324617292432152], [1.7001778029321513, -0.9161296881330094], [-0.9760156319208522, -0.8556561758921863]]}