{"step": 3375, "herders": [[-2.87000275185103, 4.1269556549011455], [4.97110144415495, -4.864647130229476]], "targets": [[3.9196100736491277, -3.8491502420501096], [31.44181930322616, -17.91384722154973], [0.2318254219118147, 0.40478884440417984], [-1.2938277950353532, 2.7927593615048707], [-2.078638193609841, 2.937019449655413]]}