{"step": 1800, "herders": [[3.545696289535052, -1.6405549831147967], [-1.5733661045683258, -2.5780550871601515]], "targets": [[-1.6347722749980107, -0.1201511933952743], [20.739596090771446, -18.817855407177426], [2.019855537757022, -2.1784836552537894], [1.7894412975179446, 0.2421379111300047], [-2.608958561943847, -0.4248338088505467]]}