{"step": 749, "herders": [[5.243562815910411, 4.965972106746866], [-5.55000519848458, 1.0824185492191787]], "targets": [[-0.08403812581512056, 7.092267621308877], [23.29905516841952, -19.9729080776816], [3.4286810078207095, 0.6075833071739406], [7.1856072004365625, 2.221252081520753], [-3.703507769730839, 1.1683803509762707]]}