{"step": 2430, "herders": [[4.032315420134422, -7.757579214129192], [3.3192146830336906, -3.4141746454704154]], "targets": [[0.8106133018938215, 0.8860051663448263], [25.566364091805287, -19.4766643793703], [3.602158980783344, -1.9089874793518122], [2.91877660868895, -5.452211441469582], [-0.3492290408267022, -0.22407398920846666]]}