{"step": 1405, "herders": [[2.635803098934473, 7.537932475140002], [-2.8169094821326666, 3.2117415181641418]], "targets": [[1.8741313345910926, 5.509934249897101], [18.041802657103243, -18.735734480686585], [-1.7709316266696227, 4.111032892860662], [1.466543563355032, -0.7610725757125307], [0.07164665894000669, -2.3743882895946156]]}