{"step": 3998, "herders": [[2.1867259539639616, 1.6824133476860517], [-1.1524326556983246, -2.6222705331165335]], "targets": [[-0.18546684363910904, -1.3589268874475848], [27.183809030772792, -13.265344795618601], [0.3867682404171599, -0.10029206901753349], [-1.853485688755728, -0.43719626447288507], [0.5207445690785572, 0.3890690445060936]]}