{"step": 923, "herders": [[4.4979421523391006, -3.70311270458746], [-6.414632934563647, -2.181432276772834]], "targets": [[2.8044854538214423, -3.1907596390938595], [22.210345454268133, -18.87600057052071], [2.946876106001424, 0.34279515712018105], [1.0933843466740885, -1.7977623956227438], [-4.439400255019161, -1.3939994654335721]]}