{"step": 3098, "herders": [[1.5103163371724624, 3.087126427495945], [-3.055545353056348, 0.37697325711568647]], "targets": [[-1.1716261836883348, 0.20828635894727526], [27.886804986170866, -20.863905080093527], [-0.04365828468692892, 0.4414993284502922], [1.3244945617609574, -0.5697273481989766], [0.518059330229706, 1.8271271406488325]]}