{"step": 3164, "herders": [[-1.7010604511047671, -1.3143396984167408], [3.012195238751771, -1.5689181202162588]], "targets": [[-0.43576333519177085, 0.9487953955239136], [28.78249729819032, -20.140808353704], [2.316191767980089, 0.03325932123842458], [-1.9032357831802598, -0.11197052805300628], [-0.7271050522871194, -0.009598670333534912]]}