{"step": 3407, "herders": [[-0.6532817467312773, 4.221062942052717], [3.5708608669482182, -3.466925555216088]], "targets": [[2.226817003968449, -2.102567545956155], [32.15769365866139, -17.640022896033514], [-0.2462055844935589, 0.21708315396513217], [0.7490124342486155, 2.118304813599524], [-0.36101193375029567, 1.7475634603234897]]}