{"step": 1143, "herders": [[-2.384209446697125, 3.504134347394272], [0.16064763556144723, 1.5533139698014016]], "targets": [[1.2556352736607748, -1.1296404662714241], [20.5779013812134, -18.641308418830516], [-1.4861420039379805, -0.3853287272071616], [-0.5219587559326127, 0.7464342070033977], [1.2082903102337141, 1.1035996701625783]]}