{"step": 1452, "herders": [[0.4062870691618721, 4.471479619716803], [-0.4702186478176916, 5.019255344764479]], "targets": [[-0.2840469420744079, 3.4403589511470343], [19.158155462952937, -18.54560654942125], [-0.33415814364503216, 3.6918845865434573], [0.11261331425163548, -1.257451016824002], [-1.7745090054968065, -1.078927354809969]]}