{"step": 3850, "herders": [[0.7704501291839917, -0.7085446411391159], [-2.8753308519724947, -2.2590101538100713]], "targets": [[0.19556753034413316, -1.6804116832334162], [22.972148851563222, -14.664361602852596], [1.9504243433266966, -1.2358219285678247], [0.8538778729086342, -1.5596239297445833], [-1.006348638489672, -2.1263181115068672]]}