{"step": 2089, "herders": [[-4.418761537536623, 0.28067018450940157], [2.040272177791968, 1.5068594785687754]], "targets": [[1.1161285112031976, -0.23733777111669396], [24.241423373436938, -20.219058876987177], [-1.8288210282973842, -1.1056594607816106], [-3.041487132982451, 1.761804976733816], [-0.9817892252919536, 0.44477403357583856]]}