{"step": 859, "herders": [[5.280724736312625, 1.1437994746931688], [3.225589098915535, 1.9775003382396958]], "targets": [[3.8951449210010956, -0.09479858805186459], [23.024869341584747, -20.399624745903004], [2.2371640519479152, -1.181042378373348], [3.059192095745629, 0.7638998568117623], [-2.5682135512049915, -0.09572761070265969]]}