{"step": 2110, "herders": [[-4.27364747539634, 0.65933173838145], [0.39167434134566426, -0.6354458613371121]], "targets": [[0.276491816192286, -1.2990945648522392], [24.91870767912464, -20.042844357617135], [-3.1037816988087426, -1.0065949620818504], [-1.4590911297667057, 0.6394919189146073], [-1.2776196522614756, -0.7208318217713685]]}