{"step": 1470, "herders": [[0.27493810150441256, 4.578624351098044], [-1.0430815278337642, 4.352424658091528]], "targets": [[-0.6582380892132333, 2.451462706182094], [19.943960503010285, -18.604677271519748], [-0.5073733328813979, 2.1213259743729536], [-0.500142999099053, -0.8112281937487734], [-1.6957278221904406, -1.3236324436534446]]}