{"step": 610, "herders": [[4.986740149564504, 7.999616677794588], [-9.57911426021666, 1.7711137811796234]], "targets": [[3.329919152734392, 7.020426382890337], [23.739981142127196, -18.53386865563465], [6.342000478791659, 0.2387129367196134], [4.584530634048066, 2.8477534816341215], [-7.61862130483322, 0.5827343905325119]]}