{"step": 3344, "herders": [[-4.422613401825007, 4.081445149842649], [2.693426995426274, -5.412219529601092]], "targets": [[3.2147354283286993, -5.22115127509959], [30.675858232809514, -17.681546120211873], [1.1161080034968176, 0.004569879166108265], [-1.0635503459374573, 3.0948462900679377], [-2.7614865513479336, 3.0745579511039747]]}