{"step": 3943, "herders": [[4.24297553561467, 1.3958077597635896], [1.8313619986582335, -1.7462909224576708]], "targets": [[1.243788230843553, -0.32368616138108913], [25.955888211319817, -16.078607932353922], [2.4922148106938327, 0.16586326936208753], [-1.26307329438699, -0.7619921444423516], [-0.09516685932440741, 0.12230944790955658]]}