{"step": 291, "herders": [[14.720765904626576, 0.25435168028241395], [-3.090970300876411, 11.642253912443842]], "targets": [[7.514183997175209, 3.7162809353915716], [21.646416752357144, -18.151268345893254], [13.444562424624221, -0.9896313057573163], [11.68337524306028, 5.699575139237736], [-2.7578381304988264, 9.491167451469131]]}