{"step": 2554, "herders": [[-0.2864398341565697, -3.9426864646006496], [2.026730358782391, 1.6179239072037708]], "targets": [[0.4957469048640316, 1.9041919108190184], [24.05587902039094, -19.446795817424913], [-0.4602591384390733, -1.6608758841071198], [-0.6198354785657388, -2.084196471932966], [1.9527643626614952, -1.1492564133890708]]}