{"step": 3254, "herders": [[1.6603802299324992, 0.6383334711620791], [2.6086207303972815, 6.360765771562322]], "targets": [[-0.23996774599193804, -0.9553543055019518], [30.143044530040694, -18.77683864693467], [-0.5119565299817912, -0.07807174926831661], [0.6763364901858591, 1.7373236772218088], [1.2450489284386592, 4.482821402161583]]}