{"step": 2031, "herders": [[-6.25961223282666, -0.29952141941534505], [-1.7684075844108176, 2.696561431887422]], "targets": [[1.0272129910554857, -0.3827266018925547], [24.96814545990078, -20.517269353505355], [-2.821136245415754, -0.542871610693551], [-4.175795497774646, -0.9001359526808483], [-0.6121769512671861, 2.6703272388398682]]}