{"step": 3675, "herders": [[-0.7705985445863469, -4.580088598591221], [0.08919822410160938, 3.64210197561939]], "targets": [[0.6551373017574496, -1.6434073321577776], [26.819573892738877, -17.11541701141022], [1.0178465819084064, -0.4172731127101856], [0.8584005226537276, -3.595047162313895], [0.1732856894934223, 2.001628477759499]]}