{"step": 3479, "herders": [[-0.18694731963139258, -1.7911175572305182], [2.9885623708725766, 1.824452106954382]], "targets": [[2.7455910183968144, 0.4318318607983721], [31.574814103849192, -16.801713472200394], [0.6813181921344877, -1.8749261765615464], [1.077696887645039, 3.3528972968219066], [0.7147576947844423, 0.8160465054692373]]}