{"step": 111, "herders": [[15.614733269862729, 0.6619462427614407], [-6.304597666108804, 15.6974178308447]], "targets": [[4.248325343800839, 2.369332446924326], [19.399727997096967, -15.72549764414247], [13.705271874877019, 0.5029584843875027], [13.058276420278675, 1.2069478289802857], [-5.441963620269426, 13.99733833449381]]}