{"step": 3321, "herders": [[-4.42430825247574, 4.8143313637581135], [0.5334515285198707, -1.7617753959648854]], "targets": [[1.351834948416914, -2.8925021659831565], [30.778699759285253, -18.145827594316412], [1.4909090331609076, -0.15408920443946256], [-0.7083237224135656, 2.3168449477470308], [-3.628903164756061, 3.1924667363862587]]}