{"step": 2291, "herders": [[-1.989725381201815, -2.5020913374790332], [-0.9759676436899383, 4.192500396178177]], "targets": [[-0.6391677301239521, 2.941075967958091], [22.790161213647902, -20.201492643243785], [0.32325094447559677, -0.12391179053798851], [-0.48500219077036466, 0.6820827053221721], [-1.6028183254097068, -0.8384410140242579]]}