{"step": 1596, "herders": [[-2.4409013959337282, -0.46418468210570263], [-0.36323236403651454, -3.163272996563905]], "targets": [[-1.0003649574216251, -1.9188858466577705], [20.79305408900012, -16.040278490502708], [-0.19778789177389297, -0.01214638797423686], [-0.6325463721954239, 1.4486825537300894], [-0.28900876724268765, -1.3893379208109613]]}