{"step": 2297, "herders": [[-2.298670531987302, -2.312394558202608], [-1.0821473921871265, 4.202551009758723]], "targets": [[-0.8269984669041011, 2.554441055667637], [23.174379018371674, -20.566505246543606], [0.37140872939191916, -0.31989069524452024], [-0.7759623898384649, 0.5933444610580905], [-1.3810597994458664, -0.7008870669047467]]}