{"step": 432, "herders": [[12.545950635355302, -0.6751484898243946], [-3.8249001051633655, 5.993634450526733]], "targets": [[4.099544144397164, 4.306315459228387], [24.242059404556098, -20.114888373107494], [10.701138624698906, -0.6309467888764351], [6.631211846447999, 5.0330628015921866], [-3.5023203876738465, 4.885592628422189]]}