{"step": 3556, "herders": [[3.0816373894196056, 2.0083483530310096], [0.01736696098004381, 3.2529072969672734]], "targets": [[1.6443791301985262, 0.17641420500378618], [31.050983045155494, -17.40741123332624], [1.488299363813687, 0.7101137576655486], [-0.7420035362119468, 1.4849024452129522], [1.0486947520109706, 1.3581366919344353]]}