{"step": 2841, "herders": [[-3.962544995382484, 5.317307714033608], [-1.5687480434471552, -3.69658956217907]], "targets": [[-4.053588572014902, 4.286457081649151], [27.086085518543143, -17.520895131638582], [1.6362636990563495, 1.5988218659625113], [-0.5026654033987186, 0.7483424067702122], [-0.4619550162601016, -2.4775856148211695]]}