{"step": 1605, "herders": [[-1.822372703100594, 1.0926524208486084], [-1.3305275029719377, -3.1948027804107837]], "targets": [[-1.4211071888492564, -1.5693818636646233], [20.731699961455277, -16.44310133297864], [-0.15864426387765573, 0.502840454561822], [-0.36148056556855196, 1.5474680005819856], [-0.3281175737780971, -0.7145377775683315]]}