{"step": 3423, "herders": [[1.1506948127239942, 3.7826640747656177], [3.5747252050927187, -2.872620368607472]], "targets": [[1.9903554143367428, -1.526946588704487], [31.706599097345386, -17.516393173393563], [0.6789683226811514, 0.19537426494290694], [1.5333707696985759, 2.6718599142086523], [-1.076441835575542, 2.434815005278473]]}