{"step": 2578, "herders": [[-1.2195394234124932, -2.0762784844974265], [1.9970141115748423, -2.7975961711721085]], "targets": [[-1.4013681264152766, 1.3889855434957306], [24.72691684468929, -19.683562270634763], [-1.7633570189536496, -0.24649044660254038], [-0.7846811196453245, -1.1008637156214913], [1.0772153866078025, -2.6362668468367856]]}