{"step": 2380, "herders": [[3.430336043062722, -2.7220181533583516], [-2.5119420124552416, 1.8517079215693797]], "targets": [[-0.4412806939871689, 0.27691738055585835], [25.321082958959515, -22.10061473642915], [0.8826062228376212, -2.631091426195468], [3.45624857428068, -3.6556300006793947], [-2.244914286318544, 0.0472391390313088]]}