{"step": 3189, "herders": [[-1.650225758999565, 2.1700675428145244], [3.231662098828233, 0.07192716996245428]], "targets": [[-0.036022966378935595, 2.1058849530665786], [28.258472686980316, -20.121427829413047], [1.495905676320989, 0.2208507535532428], [-0.38768012197486773, 0.7671725948942036], [0.411660114204293, 1.861171023844555]]}