{"step": 2021, "herders": [[-6.723539847959819, 0.1473566325064964], [-1.7073913841237447, 0.6130347728188721]], "targets": [[1.081485860558945, -0.0731574558260962], [24.85010343205095, -20.73740719569782], [-2.70466631914409, -0.8990030157498958], [-4.858682371430403, -0.2918561109405917], [-1.2699526957971186, 3.008606563108228]]}