{"step": 1486, "herders": [[0.27493810150441256, 4.578624351098044], [-2.5134509716233935, 1.9926318991133667]], "targets": [[-1.216697993090364, 2.603410548437526], [19.629510398730442, -18.64590845116278], [-1.9756419909689633, 1.4308347924712392], [-1.1482652965473312, -0.09285349493261502], [-3.3305384379735985, -1.1857611183693388]]}