{"step": 3420, "herders": [[0.9596184312689477, 3.77906128069478], [3.6145142156606758, -2.9254071653984637]], "targets": [[2.159828487932829, -1.659565974097343], [31.73459748229204, -17.54905012959196], [0.7571993819131864, 0.10506617973762905], [1.4738519360162263, 2.5096371727450273], [-1.178683529739682, 2.535317763559665]]}