{"step": 3259, "herders": [[1.425733925566782, 1.4065465691102363], [2.3238215772722026, 6.303185663688056]], "targets": [[-0.04772292085592415, -1.22600264365957], [30.072021555284522, -18.553324771472912], [-0.7469942447761172, -0.7646134755340726], [0.41879534520379963, 2.2858117697360343], [1.0245607178152698, 4.67942593461668]]}