{"step": 208, "herders": [[13.529664834147042, 4.034446243974524], [-5.905537561815631, 12.99891961418372]], "targets": [[4.5613279270264595, 3.180650601978099], [22.701574202490942, -16.317976959904467], [12.319160784640301, 0.9586561605237819], [11.40906296023157, 5.5518472923795], [-5.062525730804253, 11.542545057434292]]}