{"step": 600, "herders": [[5.318970326350522, 7.680070084787942], [-9.855196296319704, 2.4440592622996125]], "targets": [[3.9114860918706, 6.894681793700804], [23.886251261678453, -18.39854354526219], [6.335876392339683, 0.5329644898180458], [4.514708418174675, 2.25947991187192], [-8.235875586468376, 1.192213830884163]]}