{"step": 3820, "herders": [[-1.2614148215278493, 2.748180699429862], [-3.9539324247682175, 1.2650456874882499]], "targets": [[-0.6127492785847306, -0.002351537718570232], [24.20736405121784, -14.607307951358823], [0.1620042990665892, 0.29403093579066136], [-0.8477045205060497, 0.6975286903548676], [-2.062301318634072, 0.5537733009099277]]}