{"step": 2519, "herders": [[0.9582233184144738, -5.80468507489858], [3.4432054148755875, -1.939494312103649]], "targets": [[2.273540890274172, 1.6758848090140264], [24.57904868606198, -21.03406301866424], [2.270525875417004, -2.9722326229598273], [0.4766802097802811, -3.6204138962255765], [0.9559735098793997, -0.8680490697781654]]}