{"step": 3666, "herders": [[-1.5944109887213183, -3.875678685004173], [0.40752722063225966, 3.5301107082489955]], "targets": [[0.6398888001701326, -1.3092309986059445], [27.637771198604426, -17.663954406934284], [1.3600098692123623, -0.3532923820763618], [-0.23794213688593455, -3.823818970913056], [-0.12090569225780351, 2.467543863663316]]}