{"step": 3488, "herders": [[0.9243864925749006, -2.6821564803027034], [2.3199589155731606, 3.2780718811979903]], "targets": [[2.4040357827918237, 0.48884159033329894], [31.14536121409195, -17.283120764549544], [1.8709656404301596, -2.0914285543292412], [0.9829313035743332, 2.6955133983358692], [0.31873069666262377, 1.9259212569839685]]}