{"step": 1024, "herders": [[2.798928580242122, 6.137159511996862], [4.641986818453965, -2.7634318214349793]], "targets": [[3.712903710192247, -1.619620431884404], [22.316614783748538, -18.520648170875543], [1.6650686995405268, 4.387638972324013], [0.7889657906831283, -0.09552466669441274], [-1.4689650312795983, 0.40511421535915654]]}