{"step": 1935, "herders": [[-6.210695702827704, 0.37659032923216385], [4.327277409735658, -0.8868829614088953]], "targets": [[3.250081818179628, 0.20002341558720751], [23.194993838005605, -20.134179742757627], [0.4928685495021015, -1.4282017085592056], [-4.097674260589503, 0.6578981437044784], [-1.4026835645461293, 3.0850293039721848]]}