{"step": 746, "herders": [[4.649850861578768, 5.329520816264225], [-5.587269064292194, 0.9727437431056818]], "targets": [[-0.14125952890448246, 7.362836855263927], [23.36361701681313, -20.022515216816103], [3.459046972852311, 0.8998255883495636], [7.186726468588247, 2.426093080230567], [-3.9098562554381537, 1.2478432791325846]]}