{"step": 3021, "herders": [[1.0969606112054455, -3.91934902240768], [-1.3750318017198886, -3.29110567371928]], "targets": [[0.006656502805862871, -1.7695079135214615], [30.08925552748719, -20.765518759866996], [0.04088460192428839, -1.9615557312229202], [1.3516669667467256, -1.3810124202880052], [0.4350023402882787, -2.5451335821791172]]}