{"step": 3055, "herders": [[3.226177201637086, -1.0841935620286676], [-0.4003785150925145, -2.9184707427751033]], "targets": [[-1.0616838840034135, 0.4615824499230422], [28.28209834757248, -20.545417746871188], [-0.979404664018938, -1.5688144152539747], [-0.045882474893570925, -0.7718951220111495], [2.2857611549946917, 0.5419140915009574]]}