{"step": 1987, "herders": [[-4.122250472013017, 3.4003324407504216], [0.08352950085641703, -3.303950236024788]], "targets": [[2.461769711056172, 0.9356886503400308], [23.836885889354843, -19.16127387326293], [-1.4038155657843367, -3.154449925747037], [-4.86505179531834, 0.6942869228411195], [-1.7082757597504652, 4.547336161943988]]}