{"step": 511, "herders": [[10.105335616807306, -0.8135104347068748], [7.7962964848007354, 3.500077023943651]], "targets": [[4.840466426271327, 4.2486942737807825], [22.228382769033857, -18.07490335346076], [8.4640888714266, -0.8474919922588198], [5.941305623571494, 2.5346036218350694], [-5.049785779551805, 3.669222118221583]]}