{"step": 949, "herders": [[4.388004887759115, -0.7986713980491367], [-5.076904819906824, -2.843535527968485]], "targets": [[1.7823265234720573, -3.0959047109361375], [22.239509502909918, -18.29344931033071], [3.396412753325943, 0.9247941127630012], [1.5849268588404517, -0.9070220736007293], [-3.0549484789162356, -1.6237725060463672]]}