{"step": 34, "herders": [[17.690889606284873, 2.7477221528576483], [-6.393551960803182, 17.369853843125515]], "targets": [[6.429892989208104, 1.8320869385715906], [17.70592724946234, -14.302644141476545], [15.728028397305357, -0.6982842045047402], [15.58423452894178, 2.8515245044047077], [-6.88425823887025, 16.335186873531438]]}