{"step": 1157, "herders": [[-2.723643628262452, 2.3603407614541667], [2.5789864402254263, 0.7271792047936563]], "targets": [[1.3238064774162788, -1.6097121869648388], [20.509372691470087, -18.57226262304424], [-2.2572744845662673, 0.08540484018197278], [-1.4593919377185305, -0.921924350952586], [3.372774020658613, 0.7680076407074224]]}