{"step": 2916, "herders": [[-4.198935686047009, 2.389744954899955], [-0.15990600361073348, 3.594120491262565]], "targets": [[-2.3207416742802045, 1.9738947001076512], [27.31006245683345, -18.54227655076823], [-0.40180505717785175, 3.1270325375079855], [-1.0651797589216359, 0.53785650152724], [-1.5111236030934907, 1.0119234997288136]]}