{"step": 3033, "herders": [[1.3708554951829757, -3.2564627314670256], [-0.3448929660185669, -3.22563481037937]], "targets": [[0.4275155086646048, -1.3007534000948393], [28.80572834682007, -20.448071040523974], [-0.04915015369201778, -0.9471711544784978], [0.6059449663421433, -0.8217840661235876], [1.0681960010566842, -1.053301479232082]]}