{"step": 3525, "herders": [[3.300553055440495, 1.7180171904714912], [0.8281817752348203, 3.8351878125737344]], "targets": [[2.0915635843890885, 2.0988155932140775], [30.629076520215587, -16.32844768606934], [1.216042625001379, 1.7490565386272934], [-0.1075356030664478, 1.4809731275391487], [0.6517309014804467, 1.552626714855085]]}