{"step": 2333, "herders": [[-1.4271686979776466, 2.5631996985239724], [-1.4732584678458298, 3.9094489174241778]], "targets": [[0.02480598068148937, 1.9283617633668833], [24.21674472266728, -21.634146909489], [1.2118845465908237, -1.1890132103464492], [0.4068161186252185, 1.529326964360732], [-0.7100412875684303, -0.20762258367771555]]}