{"step": 2497, "herders": [[2.139059067901565, -5.480578149984038], [3.9362584679305668, -2.185602089372156]], "targets": [[1.6573874836222247, 2.2958023677789754], [24.774731617642, -19.92860474608028], [2.3728482174501795, -1.4733683258860895], [0.868760314603708, -5.267362791080103], [0.3103637054731009, -0.6554519653404716]]}