{"step": 327, "herders": [[12.819999964508233, 5.1648529440346], [-2.0703834242494272, 10.637697354939291]], "targets": [[7.316300674600392, 3.762427348300588], [21.37970828637626, -18.294577019049118], [11.918894000675465, -1.157997533745126], [10.679218277817396, 6.458165366689124], [-1.9821147851511647, 8.830916444626238]]}