{"step": 3365, "herders": [[-3.1002963800008785, 4.254814071866277], [4.449928286383573, -5.529860449380317]], "targets": [[4.134618928680204, -3.536717568992222], [31.791401812912014, -17.802864930254348], [0.7981416191510189, 0.21801639972430603], [-1.2434920416672621, 2.12447122692018], [-1.7392733713586568, 3.0358428646759057]]}