{"step": 1091, "herders": [[-1.508097347540907, 4.010475188728211], [-3.6573717418310276, 0.463065145149321]], "targets": [[1.1848248503793122, -0.11737537953337476], [20.454436532272585, -17.755673634590448], [-0.8068728846647497, 1.9613591794023344], [1.3872896730931155, 0.8937675213891192], [-2.8373340069743183, 1.6697084494699828]]}