{"step": 2647, "herders": [[2.2398149863026813, 2.7923527221484923], [2.259624095769737, -1.8275115770290538]], "targets": [[-0.5693863588778608, 1.1072790651689477], [23.437266082641298, -19.668682146039462], [1.1062887963704033, 1.0910717039493427], [0.017475085626452502, -0.7922784872402172], [1.755808066918274, -0.365067332735875]]}