{"step": 416, "herders": [[12.75905146473377, 0.14058719247799714], [-5.507118234579284, 6.438557289529769]], "targets": [[5.114732793095021, 4.017199137394765], [23.04781101855581, -18.62850303511926], [11.707979756279038, -0.5705444781341504], [7.115801885749623, 5.976473260897414], [-5.1505360779163105, 4.318035600582619]]}