{"step": 1380, "herders": [[3.9292171567183085, 7.221941505967538], [-1.9889304687286613, -1.922512074296959]], "targets": [[2.568235125169854, 7.359789174491206], [19.04283194053884, -18.65508945594435], [-1.8658984176146074, 1.3613001983600728], [-0.2958698004581718, -2.194502328407503], [0.4870943449807045, -1.9547986953626921]]}