{"step": 839, "herders": [[6.222723819120026, 1.8454153300422895], [4.4941726829811675, 4.266497711581752]], "targets": [[4.441890739051894, 2.5688067681151274], [22.714630090620325, -19.25483261224705], [3.0366450726007623, -1.6656628256205237], [4.173913602678062, 1.5710523155061191], [-3.187544006274346, -0.422728306538661]]}