{"step": 3520, "herders": [[3.260220041884921, 1.2351698512931157], [0.8067086371955502, 4.027197323463401]], "targets": [[2.1353637667166274, 1.919354600652151], [30.558630425847767, -16.352320747421288], [1.1569237651886817, 1.924282314080078], [0.03458372918460095, 2.0919590582539294], [1.0949331019119948, 1.4921554562663746]]}