{"step": 2875, "herders": [[-5.340555090556335, 3.6211693682366604], [3.1334881435304323, 0.34766498852513833]], "targets": [[-4.348878061543157, 2.0175268814264102], [26.192825789481166, -18.53008114847576], [2.6523749131098446, 0.9138634121839961], [0.3074768499276606, -0.33965232973212967], [-0.6851345778481571, -2.2499883210480935]]}