{"step": 956, "herders": [[4.444911691336093, -0.3375120682000123], [-4.795403942779911, -2.4768274143682563]], "targets": [[1.9853843258023294, -3.074660164961437], [21.80021974258931, -18.7428669970658], [3.3223486209088504, 1.0834766782203664], [1.4087955570903805, -0.675929151378817], [-3.1354558022467844, -1.5615124573685506]]}