{"step": 1753, "herders": [[1.2621362054826724, -4.9295220510393465], [-2.430398064213482, -2.5394478375322778]], "targets": [[-1.0018028695484413, -2.121092883197442], [20.543881644633036, -18.170864970239847], [1.4378368186030708, -3.2055501117105276], [2.5692139616148357, -1.355764220285813], [-1.1457845540757323, -1.0746163334931655]]}