{"step": 1843, "herders": [[2.715766857068173, 1.8392699705703899], [-3.797912913879127, 0.8398938889195382]], "targets": [[-0.35886000442561367, -0.924599267804493], [20.691090612564174, -18.243197511877064], [0.9816848525972126, -0.9360964785866304], [1.0048519359373018, 2.6716344444696642], [-1.5721941124870467, 0.36911910722765784]]}