{"step": 3071, "herders": [[3.2211554736973893, 0.6058558234311371], [-2.2534943598543506, -1.648633429055867]], "targets": [[-1.6820757038090528, 1.107084624152044], [28.165284277777953, -21.01491032622357], [-1.6976623347875535, -0.3797445064521956], [0.6578788083783524, -0.2551463036899546], [1.6654599941923816, 1.6047538949845892]]}