{"step": 1419, "herders": [[2.0667093333090025, 7.084545115178738], [-2.119294897734233, 4.6584471070298274]], "targets": [[0.6943760793103539, 5.749695328528548], [19.14140461425099, -18.77229033126456], [-1.000097472265371, 3.6831996762113213], [0.8501948256748084, -0.24564555356809858], [-0.16482032693374465, -2.5233277568467014]]}