{"step": 2281, "herders": [[-1.1102691014849815, -3.4225754604862177], [-0.7566161411950372, 3.9342185498727207]], "targets": [[-1.6330002877968501, 3.0385706488680855], [22.799795304846672, -20.59582543204712], [0.11003972619478807, 0.6144511086692287], [-0.9668851582632995, 0.5567297798013987], [-1.3933778855054029, -1.1098167983255443]]}