{"step": 1527, "herders": [[-3.6362993372347168, 2.8599301491556037], [-3.3955340166988686, -1.3670740983753955]], "targets": [[-1.7711395026824208, 1.0373117234046272], [20.768804305148258, -19.074723763096316], [-2.882972613706995, 1.5681945076073078], [-0.8375640763654231, 0.013160717462525673], [-1.411010686433505, -0.6678830929942479]]}