{"step": 3527, "herders": [[3.2780280806675273, 1.9345110800171148], [0.8887991615994786, 3.7002673790585088]], "targets": [[1.9792714801676472, 2.102955769411925], [30.741685650535246, -16.161377499287713], [1.1620754193325964, 1.961372560231872], [-0.3791987824164734, 1.8390392015521246], [0.4242912531141749, 1.5506868449220308]]}