{"step": 1447, "herders": [[0.6983307456335541, 5.584846430938317], [-0.5768519107378274, 5.5452339310284]], "targets": [[-0.21579205147946456, 3.553655570057375], [19.60079367643399, -18.743360116672005], [-0.2959880060368805, 4.013306316697349], [0.17928700417748444, -2.1953513382113035], [-1.7037694186040886, -1.7636500647267375]]}