{"step": 740, "herders": [[2.330499362197014, 6.770017065623512], [-5.685976220274764, 0.43980029707304436]], "targets": [[0.07178435264013633, 6.8766091870981], [23.252713252123304, -19.783419997004383], [2.923985436726401, 0.7101695091585487], [6.586819215353813, 2.264981122543926], [-3.6137186711308433, 1.4140262436425717]]}