{"step": 2230, "herders": [[-2.1350635009691, -3.9461218079793623], [3.764711989831575, -1.51104587511783]], "targets": [[1.995019511708927, 0.19935427117088333], [24.288783625868124, -20.587977198781623], [-0.8262358842874558, -3.7416526943833524], [-0.4738905399385069, 0.6430502003176669], [-0.14037287194626122, -1.9436428050632026]]}