{"step": 1167, "herders": [[-3.1426837587788405, 0.7814165428848756], [4.077889202153805, 0.41235706039250464]], "targets": [[0.41195035603069374, -2.1583544517132727], [19.98339606724793, -18.84681779121836], [-2.3165927760939553, 0.21800464370900047], [-1.5321992455669255, -1.1955177867100866], [3.645642030303651, -0.7302601570341565]]}