{"step": 2606, "herders": [[-2.3744669523742967, 1.7357356344774026], [-0.08176938948930912, -3.36798634577539]], "targets": [[0.07235029385657311, 0.860001570941707], [24.805856845477, -20.089588766076105], [-0.43580076063788703, 1.9476201946755045], [-0.7042522649342389, -1.8855895173950796], [0.6298554899340681, -1.5697254711781556]]}