{"step": 304, "herders": [[14.700732085491621, -0.6095069887436504], [-2.8052567160357067, 11.281517081295444]], "targets": [[6.877604131493217, 4.405660257264907], [22.389670680397504, -17.763311691433085], [13.137066639214256, -0.6124373006665433], [11.02961302981399, 6.091295427273129], [-1.8285232070683979, 9.651259158989053]]}