{"step": 599, "herders": [[5.403923322353128, 7.673009365967236], [-9.839288957288073, 2.6359843787954733]], "targets": [[4.041089884579814, 6.449010645442726], [23.944174706539645, -18.39986932634563], [6.308615858251493, 0.4318759939348831], [4.54677222861684, 2.2092133369474953], [-8.459098657913309, 1.1537696106586648]]}