{"step": 1627, "herders": [[1.4489379556228135, 1.5710841810849923], [-1.805375689402247, -2.486411264925308]], "targets": [[-0.9727805193762785, -0.1717409919069482], [21.54694925096885, -18.178417645016932], [-0.4927232650179637, -0.6152108912225657], [2.0109209341741274, -0.3793625058340039], [0.7269586279422193, -1.1254353649811017]]}