{"step": 2802, "herders": [[0.480281687671348, 3.1853033996512705], [-3.311070433793869, -1.1903153478822521]], "targets": [[-0.40099109402158306, 3.568584019587883], [26.362339451983736, -17.54396462760181], [0.7306639609110444, 0.25840587663918635], [-0.9754182542754476, 1.3209036252230262], [-1.0588429274878404, -0.9153901793030088]]}