{"step": 61, "herders": [[17.014286457298233, 2.7405082353755548], [-7.511420671209543, 16.638926709972687]], "targets": [[5.692233439434371, 0.7797467411520753], [19.839931103265958, -14.420596116013348], [14.082245956255852, 0.5380790143692855], [15.350634905227258, 2.488486847700111], [-7.242741279972498, 15.036140594479882]]}