{"step": 3677, "herders": [[-0.4739936884202579, -4.651180310680752], [0.12121753684940251, 3.6201924991051473]], "targets": [[1.0856365941051034, -1.6501128243922274], [27.07785817939583, -17.04186021827247], [0.8245805886410084, -0.10590789905580184], [0.7417552489850205, -3.2287900240187803], [0.025859059413213314, 1.9388059311268726]]}