{"step": 1406, "herders": [[2.5940065671896937, 7.446747727056211], [-2.7490292467172273, 3.5532776035959115]], "targets": [[1.5670572107258367, 5.057774084348881], [18.451050614568874, -18.50922571192162], [-1.9360044319629488, 4.0588947651177865], [1.2780426406543917, -0.8462608898099955], [0.21955328010046318, -2.169131774001765]]}