{"step": 3881, "herders": [[4.981006755029485, -0.20023005347677178], [-0.004444366606574629, -3.9178444301436257]], "targets": [[0.498571845270737, -2.288473148602375], [22.64286387924541, -14.001066163646682], [3.811961959109463, 0.916703840231512], [0.2136092028425774, -1.3972239104484387], [0.8674522056045698, -2.5801541062937696]]}