{"step": 3688, "herders": [[0.5233498372510537, -4.449039621568874], [-0.020701860284748172, 3.3845819264410038]], "targets": [[1.1243936715324951, -1.3192560664021706], [27.14227522906483, -16.13447336246623], [0.3380005708406998, 0.4966277282433233], [0.8118935329709321, -2.5465819067021074], [0.27637013473435634, 1.2024523766016846]]}