{"step": 2270, "herders": [[-0.4456919648293019, -3.9836485352425344], [0.5483942016782626, 3.111144279155825]], "targets": [[-0.8755963657107788, 2.936886339544383], [22.74286502717905, -20.953775535777837], [0.17477313627514335, -0.011438573078343228], [-0.5255041111861363, 0.7104336154558092], [-0.5401319587109517, -1.9344590365536436]]}