{"step": 3316, "herders": [[-4.178830161442154, 4.869723441398738], [0.10308444463259073, -0.7429646063036845]], "targets": [[1.1291574258247852, -2.8749072099199022], [30.993152444523542, -17.788081165092365], [1.7989729721221783, -0.3910165940501258], [-1.28182789358189, 2.2501011072206403], [-4.034798852982753, 3.7860776822328024]]}