{"step": 1108, "herders": [[-2.027203840634801, 3.5360892258695844], [-3.6647628468049502, 2.018564115765127]], "targets": [[1.1280847974527117, 0.17758082741642015], [19.721824297220767, -18.137036789931344], [-0.7725675931904454, 1.05220587771019], [1.0154606140366629, 0.7729749054854387], [-2.0158660989211885, 2.448444194965862]]}