{"step": 3542, "herders": [[3.2027698287270683, 2.367986363165986], [1.2042219303159765, 3.3235671696532365]], "targets": [[1.7399493020067798, 0.9341302279447924], [30.16301009513106, -17.178202385192343], [1.5117360160896174, 1.6249447698900121], [-0.5502272850651119, 1.725956386744109], [-0.09631314143469813, 1.2018813216613513]]}