{"step": 2858, "herders": [[-4.91225876573556, 4.360753378803489], [0.34506732423202596, -4.15496156220004]], "targets": [[-4.750903456255752, 3.036053724711959], [26.6332088222812, -18.186148305265778], [2.2719208686632046, 1.5874747264229312], [-0.06662992824009972, 0.4854176601689294], [0.772341545160478, -2.5252844044399496]]}