{"step": 2798, "herders": [[0.7967836125160702, 2.627882706839235], [-3.6385693114029083, -1.0040962142235839]], "targets": [[-0.2680486861706813, 3.0726098756372036], [25.530318940679546, -17.70179178926501], [0.7927291176800232, -0.07565633746025935], [-1.4299271013313792, 1.182891194070805], [-1.3936225758927367, -0.6627147030401943]]}