{"step": 2774, "herders": [[-0.29649054630515126, -0.6372824986413382], [-5.288722350726241, -0.3802043487482197]], "targets": [[0.7253853613106377, 0.33830951887151933], [25.250123926156444, -19.10526380233773], [0.3862711357577993, -0.41826119024139485], [0.2650994923233836, 0.8307435125914052], [-2.768736256072284, -0.19760338789782014]]}