{"step": 1809, "herders": [[3.097541457818044, -2.2868870468667475], [-2.9287645567998797, -1.6542566131500864]], "targets": [[-1.05743076029907, 0.08735659659415429], [20.763088505111437, -18.88433200207888], [0.9680953776181289, -1.9316290869480943], [1.5820190538059875, 0.5285585463753169], [-3.11969532175936, -0.40674877322707453]]}