{"step": 999, "herders": [[4.384554085894273, 5.3865756860769975], [1.7005743754627682, -3.832033288842907]], "targets": [[3.1588463698683813, -3.6970806850351643], [23.554963057160954, -18.846706709269462], [2.6495347403020038, 5.71559893668955], [0.8145782590947209, -0.3967299351729884], [-1.1970832453476126, -0.4186604537575081]]}