{"step": 1779, "herders": [[3.2282015934781465, -2.899586314989344], [-1.2799377035413977, -3.2070341019153497]], "targets": [[-0.3556874835921906, -1.0817056702688352], [20.655660831921036, -19.111050684332668], [0.2964399721386093, -2.768010929521092], [2.8332283885651814, -1.2110142293530206], [-1.3592181337342595, -0.5683687409295434]]}