{"step": 3114, "herders": [[0.987524919027861, 3.2375636712913543], [-2.3250274727358566, 0.6361244221849001]], "targets": [[-0.2999575800818138, -0.06586936553895793], [28.090267448938608, -20.843704432916073], [-0.5609782954467477, -0.6154630780941253], [1.579651841932129, 0.30866956163078335], [0.2468243652802069, 1.7833814715027199]]}