{"step": 844, "herders": [[5.824757316035415, 1.382624823617256], [3.623010880667765, 3.2763501589146893]], "targets": [[4.446237866126046, 1.6052826612039461], [22.302455277049134, -19.660793295402822], [2.9847816234698943, -1.4036748055182993], [3.930805172939562, 1.5172206632446539], [-2.959086516019527, -0.1967087131544174]]}