{"step": 1415, "herders": [[2.3230940621377716, 7.053406929055448], [-2.377102876118151, 4.416955865395144]], "targets": [[1.1517853433878817, 5.76686547791648], [18.766090280000295, -19.10366146058297], [-1.056637690005347, 4.020359093382233], [0.5656423210499217, -0.6247089582620146], [-0.22667015380256175, -2.365341115382036]]}