{"step": 1970, "herders": [[-3.6113417895183035, 3.884500424291971], [2.793733038011026, -0.06812373213956224]], "targets": [[2.22114679249581, 0.6590266778194414], [23.88709458917449, -19.06527216108863], [-0.10045286350900996, -3.078469547298968], [-3.740181622539758, 0.9617078846857838], [-1.4169135368466663, 3.477476108151883]]}