{"step": 2454, "herders": [[3.176712370786479, -6.697218969283763], [4.322582035786449, -2.9586255920259488]], "targets": [[0.9196521681775456, 1.1880743369038638], [26.144862761725914, -20.030108277201677], [2.7850309704825897, -1.6541244200431013], [2.6380957734677053, -4.580530730826234], [-0.9475795102179316, -1.5237786268787357]]}