{"step": 515, "herders": [[10.064701711094788, -0.8525669257141035], [5.584527758619615, 3.6803501097807465]], "targets": [[5.0823735423668355, 4.3316440890077175], [22.922090074889773, -17.86875490912642], [8.08444126315387, -0.6647283071495481], [5.483691984334351, 2.289272552681743], [-5.040253965252172, 4.077017165072698]]}