{"step": 1493, "herders": [[-0.06193897283109773, 4.52277971144381], [-3.3894844472856485, 0.6071721682365643]], "targets": [[-1.4716399607205917, 2.868626913650738], [20.313159589096056, -19.251046140948805], [-1.509510110744113, 1.152037783512997], [-1.188827674634521, 0.3366951944976131], [-3.330599912261959, -1.037774015045654]]}