{"step": 2940, "herders": [[-3.9221310119595247, 1.4492962679969845], [-1.7655670894344755, 3.2985419479622466]], "targets": [[-2.794026580512667, 0.20547855952953684], [28.110652751322323, -20.03434707800277], [-1.3329710721010963, 1.2107949287565567], [-0.6247034780709684, 0.12954768400112493], [-1.2780803071861229, 0.5309615080187209]]}