{"step": 830, "herders": [[6.669303853792116, 1.4923928555597439], [3.612383981559867, 4.666696549588098]], "targets": [[3.980534546890227, 3.35753551821993], [22.877174959988324, -19.600865465563068], [3.663320106999278, -1.5960031178807077], [4.425315946436411, 1.5323410447962542], [-3.144531948859615, -0.56157315586064]]}