{"step": 319, "herders": [[13.338410551787083, 3.5908344516850956], [-2.174848227702141, 11.071076077515842]], "targets": [[7.37908874765032, 3.9438905852324755], [21.8701300696619, -17.487148627716156], [12.445779970075778, -0.7540071107998414], [11.38051411138657, 6.411120851537524], [-1.6367960778063224, 8.766093431505775]]}