{"step": 1786, "herders": [[3.6862613612632105, -2.27316473419727], [-0.09796655460984921, -3.5565419635055693]], "targets": [[-1.092679791715014, -1.20382799374741], [20.438556281932364, -18.637678678130328], [0.720452792541521, -2.4580530424827853], [3.0387275546259542, -0.5557587968249216], [-1.5445490874263623, -1.3883130156478114]]}