{"step": 2195, "herders": [[-2.5252048741901114, 1.9672088545085589], [1.0444788806698695, -4.611831746567547]], "targets": [[1.9593077902447416, -2.781714010217329], [25.066630087131887, -20.67042178899409], [-1.6078074093723242, -2.5804627074175337], [-0.9649206917486173, 0.7944452050192955], [-0.4144489965263414, -0.8060362651036708]]}