{"step": 2535, "herders": [[0.8730535270057544, -4.6576252404775875], [2.8247151576410565, -2.2925416232932534]], "targets": [[1.7194881017270292, 1.360980588598252], [24.159030282645404, -19.661801660130557], [0.41081580184289135, -2.6677600054262953], [0.18973994181896525, -2.939196902875855], [1.51601883679604, -1.054493521460286]]}