{"step": 1599, "herders": [[-2.2596827511184614, 0.028946201590256126], [-0.5628147993694057, -3.1761303124743785]], "targets": [[-1.5458660571875948, -2.142614692120495], [20.783544094596145, -16.052336929726195], [-0.1137405441158703, 0.13288714559922302], [-0.8158460168897489, 1.4570252060907478], [-0.01857765693091698, -0.7584894642484725]]}