{"step": 1619, "herders": [[0.13649732287729638, 2.1228885191380424], [-2.1476693293624596, -2.9738583887057852]], "targets": [[-1.652543844560082, -1.0325077315888735], [21.879728847872105, -17.19587346550874], [-0.11352412040986937, -0.24069377570420875], [1.2347167442242108, 0.8711784832890366], [0.38415991164175045, -0.7891974746187231]]}