{"step": 3514, "herders": [[3.1532460978296983, 0.4659211910921345], [1.0484142678715538, 4.1081509455258445]], "targets": [[1.9891638671421412, 1.5174031039960854], [30.10252467338745, -16.643122028122946], [1.0064811201359296, 1.0958060477117029], [0.084388593890241, 2.2945238248395534], [1.6748851674713696, 1.8233856887313904]]}