{"step": 1163, "herders": [[-3.1040036526916, 1.558034795189692], [3.5114979459562057, 0.728922906983754]], "targets": [[1.3303452535421132, -2.0234742334137894], [20.221576746161965, -18.835359428632422], [-2.4202282101428927, 0.3281811279603527], [-1.526006891030743, -1.4717884033569422], [3.9734863811977768, -0.12511734759158835]]}