{"step": 3047, "herders": [[2.5286572724944167, -1.946690340250854], [-0.012859602940113374, -2.897037976378457]], "targets": [[-0.2668007702479413, 0.603080615238853], [28.808498981266094, -20.505250670829202], [-0.1682802654570548, -1.4226151181884465], [1.088859444698011, -0.6677558523836427], [2.178764370458651, -0.08161325445833384]]}