{"step": 3101, "herders": [[1.4228543043698323, 3.1145934442007914], [-2.994484131194085, 0.3910522204360636]], "targets": [[-1.1267882168287275, 0.7858634119978639], [28.012222376170016, -20.851793823252468], [-0.06313685364963632, 0.25258835999691226], [1.8490589521064398, -0.2879396412800706], [0.8489875625006074, 1.88471514076941]]}