{"step": 57, "herders": [[17.00621534831258, 2.8156876686206123], [-7.455456741417031, 16.81320472635441]], "targets": [[5.767818678382063, 0.7722420627600243], [19.43631962212046, -14.396400191862057], [14.262927170677223, 0.28241330628508643], [15.580899538627392, 2.2428449650067868], [-7.065979914276624, 15.041712463062566]]}