{"step": 535, "herders": [[9.276439629857729, -0.3075700324924166], [3.1873211862510304, 6.2223267752725]], "targets": [[3.855915555024159, 6.48528157294321], [23.54697655530965, -17.615258720068933], [7.079337266667152, 0.15773282728821955], [6.124055345037704, 1.7668895743179622], [-5.7144102880255145, 4.85835814570279]]}