{"step": 1459, "herders": [[0.27493810150441256, 4.578624351098044], [-0.6234475446830138, 4.4815611978629635]], "targets": [[-0.6609280045826169, 2.2857215595603506], [18.61886923868762, -18.465027738768754], [-0.8527015479289569, 2.9767826478295247], [0.02028048431340064, -0.9492705051939043], [-1.6003194299644408, -1.4236520359920106]]}