{"step": 2968, "herders": [[-1.1651763819048178, -2.460558723364433], [-1.229903298172883, 1.230331572129257]], "targets": [[-0.5964510146912605, -0.1907999620962258], [27.893797247938576, -20.339421157788717], [-0.14510178427610662, -0.09161341817710573], [0.4960610091697384, -2.6870202197478776], [-0.6542687856800768, -0.8000212042523601]]}