{"step": 1880, "herders": [[-2.513950824170834, 4.5801231294728115], [1.5999016129435237, -4.239859859464907]], "targets": [[2.573664165296823, -2.003239838956477], [22.943767511301367, -18.652109898755658], [2.252970544937404, -3.146906730210722], [-4.064705541398004, 3.034432576360916], [-1.4704020127172777, 0.3503230683713337]]}