{"step": 2912, "herders": [[-4.351261434457982, 2.2965247940893154], [0.015230740403146648, 3.193077511419116]], "targets": [[-2.548468493366292, 1.637016571842102], [27.00873949759121, -18.397352239219142], [-0.41857036389967994, 3.2224311112175954], [-0.34553132310336593, 0.7863393367908731], [-1.30785587808641, 0.7696985253329169]]}