{"step": 2967, "herders": [[-1.497161102758464, -2.1693356692771264], [-1.592262593732801, 1.6904171293958956]], "targets": [[-0.7491625893354045, -0.6637233423448574], [28.489425692568336, -20.84275581157178], [0.05352847469927258, -0.08949861478672189], [0.45865920940552707, -2.633074580435765], [-1.1308862385880774, -0.6222178945837883]]}