{"step": 1775, "herders": [[2.7903995592467834, -3.2988880929632334], [-1.940514807525353, -2.74173329805824]], "targets": [[-0.8679959042230778, -1.3468278416155883], [20.393274017203595, -18.58873031803199], [0.36638706073689, -2.8765414114164005], [2.972516451700944, -1.172635528066069], [-1.0116352238155613, -0.4979463968362756]]}