{"step": 2082, "herders": [[-4.52619391891085, -0.6924552495542469], [1.6559790838985944, 1.931364146151597]], "targets": [[1.431828770629589, 0.8538228394896304], [23.928341966949315, -19.808712498599146], [-2.2773743175737735, -0.588489561861627], [-3.044450620065871, 0.5933394618985137], [-0.5338556624278817, 0.4033526887137838]]}