{"step": 3661, "herders": [[-2.1417042858989515, -3.350345994661648], [0.8640387085039387, 3.1513797673660626]], "targets": [[0.9833331456324592, -0.7762471281995461], [27.602991857866314, -17.302857265990028], [0.5707113657114793, -0.7669710815500218], [-0.858817721155031, -3.0292484574029768], [0.07700405205487582, 2.682038705632103]]}