{"step": 1523, "herders": [[-3.4210657562358238, 2.9358133905892467], [-3.557564476942664, -1.2661825564990912]], "targets": [[-1.1730276028157083, 1.2595896974993381], [20.579359686770093, -18.974463834451804], [-3.034230016497838, 1.898746727782526], [-0.3981306691939236, 0.7610007103006631], [-1.6284466267528233, -1.0159484288577068]]}