{"step": 2561, "herders": [[-0.5278374244816669, -3.8200592924495287], [2.448514518021719, 0.13140522439704105]], "targets": [[-0.364215332113915, 1.4333472336169646], [24.685727366733396, -19.46258772315396], [-1.1615870656481482, -1.6903743492331802], [-0.5336205212071098, -2.622495734601601], [1.6830999366252188, -1.4466827724453002]]}