{"step": 3717, "herders": [[2.1230487572941064, -2.8758837259047723], [1.872405325397595, 1.0825475023924573]], "targets": [[0.536340260845838, -0.3087817009864231], [26.910460608574105, -16.56578150347056], [1.0940702862809912, -0.10856096336174764], [1.657752980101756, -0.7407494317047224], [0.08576999836447319, 0.4755425947320315]]}