{"step": 3148, "herders": [[0.7684906861343579, -0.6470312686528705], [1.103432339564476, -2.7997151091610903]], "targets": [[-0.1083954091464347, -0.2463238994826003], [29.102389477496075, -20.354127435807012], [1.6900767949244908, -1.6816974153098447], [-0.8651682389411078, -0.9790006093467314], [-0.8295771492296965, -0.6572128799639116]]}