{"step": 2118, "herders": [[-4.348551732948023, -0.47273910836926464], [-1.2066885625543202, -0.5781369366808057]], "targets": [[0.2436896075703264, -2.059162817237903], [24.455590956863112, -20.677323701399793], [-3.115877390695582, -1.0786319582892139], [-1.6779346864100775, -0.06409687823793561], [-2.0513568619943063, -0.9326164722763778]]}