{"step": 2232, "herders": [[-1.9872553190389945, -4.135158522231762], [3.723143126194222, -1.2321139253060822]], "targets": [[2.139671335273116, 0.21409506036793519], [24.388709094064257, -20.523311969012095], [-0.6315517908585826, -3.7605210901612973], [-0.2214201332829166, 0.7556927106282223], [-0.08344884673251962, -2.0620187594941157]]}