{"step": 2657, "herders": [[1.6514652312385258, 2.496013794456919], [2.5009193974240707, -0.6822373019200509]], "targets": [[-0.5016270432081769, 0.4311748848398703], [22.63382577297666, -18.853309610133692], [-0.20714551470463724, 0.7917924168448734], [0.295996325927271, -0.33643246921764713], [1.3776764873272838, 0.5639907796754277]]}