{"step": 2784, "herders": [[0.5282047900855497, 0.5343988023512922], [-4.392402263933571, -0.28775791016939806]], "targets": [[0.8471472558250671, 1.397878498885912], [25.166852991764234, -19.344507176437375], [0.7747648721928384, -0.11113371045068755], [-0.7751787779560035, 1.2720769504629796], [-2.182626531773143, -0.787095973395754]]}