{"step": 3653, "herders": [[-2.456957836998934, -2.4537864860794856], [1.6561554170304325, 2.4707266979285754]], "targets": [[0.9656702637887715, -0.9506037108558303], [27.46896028431392, -16.993175313787212], [0.15053690470469927, -0.8233930310529859], [-1.3848097999105708, -2.9281588402597003], [0.10790802225246827, 2.070153758930002]]}