{"step": 1697, "herders": [[0.6863691391148916, 2.175696076850425], [-1.4028692001684622, 2.219637795867247]], "targets": [[0.17104572645099866, 0.5090085100236224], [21.43988559864731, -17.81113541349848], [-0.09351020174620578, 0.22582042755198578], [0.11301051410309049, 0.6472408751720441], [-0.5572140004661157, 1.2823049090043916]]}