{"step": 1895, "herders": [[-4.681837336633541, 4.0393484221462606], [3.447070250010053, -3.1108756113734546]], "targets": [[3.3380389461245175, -1.0803930606433103], [23.255090321280566, -19.544265118834307], [2.3363005390901757, -1.326478128319903], [-4.764181910556857, 2.3370340134128846], [-1.5405640618764647, 1.126787993919176]]}