{"step": 1201, "herders": [[-1.6412644029216872, -0.9399958372404766], [3.8596768926174194, -2.7716865374994275]], "targets": [[-0.09741449270786867, -1.1786719431609147], [19.746099279564874, -19.574310646115094], [-1.0215115101117678, -0.10337534037043905], [-0.2689783022740323, -0.4167039874939463], [1.8967044429619337, -2.786768261238811]]}