{"step": 2282, "herders": [[-1.3287315147109395, -3.2158414540193503], [-0.9945867516543367, 3.9980631488287255]], "targets": [[-1.158511225570897, 3.0358239434898575], [23.080830039838787, -20.67689591138637], [-0.02656555023500294, 0.86170996422231], [-0.7717729342224081, 0.8661255265057374], [-1.3431408376683436, -1.1082466929532073]]}