{"step": 434, "herders": [[12.493838759323319, -0.681761396578903], [-3.90760411778153, 6.010294679121921]], "targets": [[4.022021491967517, 4.611811884013967], [24.042340449368947, -19.966705313305102], [10.526263973747, -0.3356671426603821], [6.875379635680336, 4.567290881613948], [-3.5718779344530858, 4.0872566005238165]]}