{"step": 872, "herders": [[5.384132350409485, -0.23360669811894852], [-1.3038588124689738, 0.4390319268764462]], "targets": [[3.881060609863511, -1.4949592804605452], [23.301978212820128, -20.128654111463465], [1.746821128407903, -0.522851482094696], [3.3459790134669958, 0.36089280026497256], [-2.7926681886659623, -0.004736224961699093]]}