{"step": 1014, "herders": [[3.180675431827402, 6.52805469830351], [3.9771769843139024, -3.454347395701705]], "targets": [[3.8781459300106276, -2.1425156134595706], [22.103932293655845, -18.753681337699764], [2.2391143776628364, 4.908059061680896], [0.6395388591294269, 0.3703267511333082], [-1.5910865250614952, 0.5885468041759088]]}