{"step": 100, "herders": [[15.727133627188458, 0.8462687672344933], [-6.696789738170601, 15.666472287155365]], "targets": [[5.021443107497384, 1.8827453590053953], [19.260613764256675, -16.016802382421197], [14.00417416853157, 0.542564850550771], [13.708917596240589, 1.0978629490416487], [-5.689893342607476, 14.571397892229083]]}