{"step": 3700, "herders": [[1.0528415306935315, -3.9169282306645], [0.24419085274435198, 2.9011418952549697]], "targets": [[1.2761001564268313, -0.795569688954664], [26.771701299469658, -16.369351846088854], [0.9354745799260985, 1.034228803326485], [0.8097247949524142, -1.8327303816149156], [-0.09514220335332033, 0.8189843935913744]]}