{"step": 3491, "herders": [[1.2163882899073197, -2.7612390390599324], [2.196487029748513, 3.402072417111977]], "targets": [[2.2854954214244576, 0.593907486938197], [31.686302395888717, -16.966141116849343], [2.001918532196821, -1.7794005000840558], [1.0050202829398165, 2.807115945617925], [0.4482493857947365, 1.7456387172416974]]}