{"step": 3967, "herders": [[3.717297838071029, 1.9827286824313175], [2.057356088896147, -1.9152414697699214]], "targets": [[0.17876492520433862, -1.8147726780815532], [25.781965197415598, -15.492941697677331], [2.3562285247209127, 1.2862918970486947], [-0.6713308096475691, -0.2899596659350736], [-0.45456280827604173, 0.8561127441453801]]}