{"step": 1712, "herders": [[0.08127614573495612, -0.5055386078027915], [-1.810013564013718, 1.9393474382243001]], "targets": [[-0.8846230012784668, -0.23905583079275755], [21.295862309337398, -18.112544758804948], [-0.38402193032200005, -1.3599634997701169], [0.7951108308898293, -1.1408410608038364], [-1.3383524309781702, -0.19661718915106297]]}