{"step": 1607, "herders": [[-1.654419885959801, 1.3799763435670425], [-1.4951394958693414, -3.1177722477718626]], "targets": [[-1.5879468812206485, -1.8320983840831806], [20.749272226625465, -16.646608443455374], [-0.13197786708711406, 0.7967126702931067], [-0.09532098380554291, 1.3546342856788554], [-0.35917139660930697, -0.8885385608226519]]}