{"step": 1517, "herders": [[-2.8638440410309967, 3.1420507276440217], [-3.8462722828912774, -1.1457373323915063]], "targets": [[-1.5214727159011756, 1.1552514608462245], [21.032862119659377, -19.0192959137343], [-2.822202803634656, 1.6093422137419686], [-0.7433970538778859, 1.2090886534575487], [-2.1033178175186213, -0.9432945550387215]]}