{"step": 618, "herders": [[4.3755103029905875, 8.34782245890836], [-9.362920828925574, 1.0061259099793478]], "targets": [[2.819938625357975, 7.584128999900722], [23.18505176908742, -19.24735092261117], [5.953597446776722, 0.11663155518316509], [4.967137280250182, 3.3471282661653587], [-7.148928857319662, -0.1675675312855315]]}