{"step": 2256, "herders": [[0.04564223353446431, -4.340401678216408], [2.7191952745513204, 1.4992888761336127]], "targets": [[0.5136415234198362, 1.6627458378481452], [23.90351681197548, -21.36787863703718], [0.5678997986196733, -1.5275695363778325], [-1.0537575007707127, 0.545433067021275], [-0.4721665745798302, -2.3850081404749153]]}