{"step": 2881, "herders": [[-5.434199430878348, 3.2308682146647207], [3.4725543395270155, 0.8730383508467929]], "targets": [[-4.328996111882049, 1.8674868284799666], [26.309216487875716, -18.234271270698976], [1.9570499120485372, 1.285544897200539], [0.5297847933717652, -0.26577268487340383], [-0.5140691108446738, -1.4975404567979562]]}