{"step": 895, "herders": [[4.994599155152911, -1.6027679062190041], [-5.0305669731117515, -0.6885649943451638]], "targets": [[3.085076474091918, -1.6216762667916076], [22.176010562915952, -18.816788906755296], [0.9560010787649862, 0.2311952438837803], [2.838930484961228, -0.45194932681804767], [-5.685243553220168, -0.8171333046120985]]}