{"step": 2086, "herders": [[-4.496898296686017, -0.09659790720531947], [1.9343190932328145, 1.7268361014315738]], "targets": [[1.1479092338839445, 0.11316425642898514], [24.26440864999248, -20.166058387555466], [-2.3331639054284476, -0.8589959576001387], [-2.6944535874616067, 1.6389887298739423], [-0.7681323214292055, 0.40759565324226615]]}