{"step": 2095, "herders": [[-4.499312217574304, 1.142956949101281], [2.2599223807374464, 0.8506595672694224]], "targets": [[0.7010727540263049, -0.4001053053001334], [24.130346051694133, -20.119921305285615], [-2.0576990079084, -0.7969988721332422], [-3.1391439068810425, 1.6812654562058778], [-1.0860532937797103, 0.18855854407575548]]}