{"step": 850, "herders": [[5.746969148063412, 1.494428371785796], [4.215763412390514, 2.7706701946608185]], "targets": [[4.358337196756052, 0.9017610158617155], [22.48229670675347, -19.78845424270175], [2.257732687751847, -1.2564976848266507], [3.293108539649525, 1.3065639635537691], [-2.7675598814385025, -0.35562028192207323]]}