{"step": 3012, "herders": [[1.54824124732975, -3.713745862162245], [-2.1131267600050165, -2.9207249600374205]], "targets": [[-0.4112776565533782, -1.9526000174486284], [29.75452932798829, -20.840427675992895], [-0.2590122528158619, -2.410721753423611], [1.7187580086307677, -1.6550374783627577], [0.51541582934299, -2.7150204365939365]]}