{"step": 2375, "herders": [[2.9931074080894384, -1.98532303851183], [-1.8480495863063742, 3.002797644935782]], "targets": [[-0.4579457122027353, 0.6327892219124518], [26.00515494810668, -22.014245937774213], [1.0644900042952348, -2.6099753755517745], [2.8966765810350616, -2.451089356697209], [-1.9918871646375593, 0.2403903240343663]]}