{"step": 1211, "herders": [[-0.7482952137742269, -0.6501196349871032], [2.8717418945480375, -3.379702403515294]], "targets": [[0.641832345395031, -0.9467251751026791], [19.164062411156987, -19.213904727006877], [0.42162641791766764, 0.9146004981689229], [-0.1451443762490675, 0.016146200646121413], [1.247516358026266, -2.2933867344036476]]}