{"step": 2995, "herders": [[1.7354498125881397, -3.50087714369198], [-2.944630654415437, -1.8405443229469425]], "targets": [[-1.870857918217114, -2.116809402163607], [29.487087906330768, -20.671419807282614], [-0.1790285183795, -0.6607530561533009], [1.9814118610350981, -1.7723241250280033], [-0.2821993494678544, -2.1139665828550522]]}