{"step": 1777, "herders": [[3.0270194771739134, -3.0625184347278176], [-1.5660507983343397, -2.9851513057427264]], "targets": [[-0.39835122972003534, -1.2799496635475305], [20.546275504273815, -18.932976931168085], [0.22700558779828348, -2.9687360280223727], [3.00159503952517, -1.358000911874638], [-0.7959693225007747, -0.5651028013964683]]}