{"step": 2340, "herders": [[-0.12345916666542539, 1.4082716328995089], [-1.4732584678458298, 3.9094489174241778]], "targets": [[0.6956791507434184, 1.4851092013186373], [25.06314122048474, -21.99681411701346], [1.4378006440820048, -1.4508553889166964], [0.19375312410379225, 0.9761344716341597], [-1.0808017659568832, -0.7968779092505895]]}