{"step": 2120, "herders": [[-4.376271203273838, -0.6372265088958959], [-1.5382144360374967, -0.7244295515218145]], "targets": [[0.2820132806354182, -1.6377304253192628], [24.542237355029336, -20.719673661767565], [-2.9464490436990873, -0.8396494461478865], [-2.029420122937309, -0.17771304925841064], [-2.2570654591262502, -0.8011132088772088]]}