{"step": 1974, "herders": [[-4.088292105690777, 3.2113922233488457], [1.9243951175841219, -1.350287681942623]], "targets": [[2.2392120835989178, 0.49323826565683304], [22.86710115974647, -19.099213867898417], [-0.15349572439652873, -2.7079419396716373], [-4.48788693119814, 0.8689930340066543], [-1.2585915953767837, 4.18829648749565]]}