{"step": 3552, "herders": [[3.1288071942080835, 2.176093017184678], [0.5533720253041503, 3.25353849266695]], "targets": [[1.1126623535877083, 0.6517935822223461], [31.044781921055662, -17.45835340831285], [1.5550548057264866, 1.081478817949705], [-0.7659637637299307, 2.14782975482555], [0.8073511382764014, 1.3330223191286463]]}