{"step": 994, "herders": [[4.523348649413588, 4.752179576037122], [0.7358733592463949, -3.4822321364507456]], "targets": [[3.229650933050238, -3.8948817316176467], [23.09233305469132, -18.484275517007955], [3.2721413575204927, 5.559701562745919], [0.4729666436537236, -0.37276126404132337], [-1.8088851576825737, -0.8950682244805751]]}