{"step": 3470, "herders": [[-0.9429704776525342, -0.28476066204074013], [2.882948875745934, 1.9747503770873052]], "targets": [[2.00265251150469, -0.1960656945126159], [31.940919716070557, -17.298690854979558], [0.17630019011747172, -2.251622431525676], [1.1511687077455135, 2.13177151722965], [0.6296614038669619, 0.7939369486009604]]}