{"step": 2036, "herders": [[-6.072400532651594, -0.5085278839218522], [-2.213940859823598, 2.0482567217283068]], "targets": [[0.8944368081957391, -0.9419032678176678], [24.712442114818224, -20.011315099260948], [-2.1873681172684423, -1.256606542190358], [-4.224352829639183, -0.5159875191785066], [-0.8719921390184712, 2.426951952466209]]}