{"step": 2635, "herders": [[1.4648538254719603, 3.2125993429627493], [1.1028457087706667, -2.612989516703361]], "targets": [[-0.4789783880457308, 1.495326704119223], [23.055097509449677, -19.800539018392065], [1.9682081517743693, 2.095023873894583], [-0.33536411625853363, -0.6469408657535971], [1.664734362315834, -1.5532243630069142]]}