{"step": 1550, "herders": [[-3.7677285149009894, 2.517105055598476], [-2.616150755283876, -1.729237438773708]], "targets": [[-1.1230572867988222, -0.24312981886956592], [19.739608075162398, -18.25428401643062], [-1.842522820758794, 0.4698693483831363], [-0.11662186616881082, 0.34997960967168595], [-1.4175695418911027, -2.737774864245053]]}