{"step": 3091, "herders": [[2.30122955912528, 2.7086032226369907], [-3.05562083488141, 0.656340385623905]], "targets": [[-2.16664586376988, 0.03528300736626389], [28.074648312887504, -20.95014986250097], [-0.6890617869361121, 0.3615760982068992], [1.2021052519131068, -0.7304616329851705], [0.6755814990856449, 2.114254513140456]]}