{"step": 3897, "herders": [[4.647308748476974, 1.6669464205205247], [0.8272128883668239, -3.6879105988726684]], "targets": [[0.8463015743385288, -1.800520960724302], [23.278808327177437, -14.174114753950924], [2.8327415390036843, 1.817162996699769], [0.24259333710216147, -1.8709350866470729], [1.0689074623928823, -1.0517900695107734]]}