{"step": 2981, "herders": [[0.2178482036861008, -3.5903169884029094], [-2.129689782012318, -0.3580251196704655]], "targets": [[-2.0677868799173402, -0.9506027385164251], [28.653183707154465, -20.432826749555137], [-0.004270671609127086, 0.16311050401109362], [1.10220799731087, -2.2167289800418226], [-0.601777071672496, -1.1975888737944778]]}