{"step": 1359, "herders": [[2.6285724848249674, 4.304695815730426], [-1.734590079957916, -4.878029810434193]], "targets": [[2.766720758631139, 4.891043254414773], [19.214886278481917, -18.504368445655228], [-1.2480355656355664, 1.4318611554564247], [-0.6710989572243531, -2.459659774358772], [-1.2948450764041022, -2.8085196856306336]]}