{"step": 1185, "herders": [[-3.121232837390644, 0.4098795947599354], [4.644704287541599, -1.6356168612617692]], "targets": [[0.011313548601921186, -1.433647301669341], [19.899490690628916, -19.024258623560787], [-1.017302469877113, 0.1444211081914835], [-0.6940303197121513, -0.22898084450197986], [2.9219197881766625, -2.339225761077939]]}