{"step": 3182, "herders": [[-2.036436064168428, 1.3173989304883758], [3.505946770799193, -0.11151075454716715]], "targets": [[-0.7488500241649656, 1.9395529181237348], [28.270040820494888, -19.591285855753856], [1.808795464154955, 0.028535509650065877], [-0.4083263318165597, 0.739272144659739], [0.06672793009345256, 0.7475573375368736]]}