{"step": 624, "herders": [[3.9144488907423893, 8.61352919424664], [-9.130705402607962, 0.4865428401149221]], "targets": [[2.5089136900288387, 7.444095086654519], [23.421865990023132, -19.028649524822576], [5.931658155252168, -0.305712077094814], [5.070235444398509, 3.1408282402925805], [-6.920545553422961, -0.5084566620712769]]}