{"step": 2553, "herders": [[-0.21171273036126245, -4.02845803756872], [2.183712248951112, 1.3096753752768162]], "targets": [[0.6568949023582817, 1.9436309753546688], [24.070340665646192, -19.506743250943423], [-0.06324649153175144, -1.4256571506144549], [-0.4081355836024068, -1.9873136180804716], [1.5071165037038978, -0.9294686666233501]]}