{"step": 164, "herders": [[13.953125515040332, 3.0313546672065894], [-6.3953898449721684, 14.12286237260318]], "targets": [[5.54327766078394, 2.9982528561163653], [21.262904618207997, -16.379154468474052], [11.455388037857379, 0.7953799026307373], [11.970891415664308, 3.9771778914487506], [-5.7847480309852, 12.418549372855086]]}