{"step": 312, "herders": [[14.011935487542416, 1.4722084110190576], [-2.3863101617860623, 11.297130820298758]], "targets": [[7.4514318852575485, 4.2751580375897085], [21.48088575563254, -17.557511077993553], [11.860907047356042, -1.047905031189055], [10.853320994861368, 5.846213044759074], [-1.7620882389581305, 9.64823892392938]]}