{"step": 692, "herders": [[4.274227987407034, 6.471057755440356], [-6.546160583466827, -1.7833891990404638]], "targets": [[0.4822093311636815, 6.839076973574158], [22.249019981538424, -18.89740858332779], [4.008790187595259, 0.4607936495043486], [6.127025970720034, 3.8477033932416367], [-5.2121862864326465, -0.9419178646399464]]}