{"step": 1546, "herders": [[-3.7677285149009894, 2.517105055598476], [-2.836770788847423, -0.9572970616592904]], "targets": [[-1.1312989213792115, -0.018153241710697238], [19.81069198340473, -18.673051903612013], [-1.1516889233668328, 0.6204393163003343], [-0.1573338381935046, 0.7311254294560354], [-1.1972897528095676, -2.314388548399261]]}