{"step": 1136, "herders": [[-2.384209446697125, 3.504134347394272], [-0.9324784500146803, 2.9095708108429252]], "targets": [[1.1740297741938726, -0.6267694138352164], [21.372077302630636, -18.97219011512652], [-0.9849385685810905, 0.1672387759227687], [-0.09164926579248996, 0.9510382797374719], [0.014884837978278276, 1.3555734835255686]]}