{"step": 402, "herders": [[12.15184019273048, 1.445404631768274], [-4.3862694332471595, 7.341412804070458]], "targets": [[5.447905119457852, 3.1859016771486144], [22.664416945185653, -18.826906629571106], [11.399801439850863, 0.07656378773333096], [7.542094862602589, 6.726146870340454], [-4.466517356447381, 5.144891104560048]]}