{"step": 1955, "herders": [[-4.102681683247955, 3.0951737259716268], [4.093998903973265, 1.1669518522094706]], "targets": [[2.7570409104124396, 1.2849303985113747], [23.09179394541676, -19.761697539837535], [0.1978348088218893, -2.3706188829820847], [-2.829349718161277, 0.8276608106164285], [-2.0688381997334804, 3.5347842225542507]]}