{"step": 1926, "herders": [[-6.393431692377304, 0.42234181386714026], [3.948038490259666, -1.605974486844231]], "targets": [[3.2988394718515557, -0.29792554119130743], [22.94268921886472, -20.682281692803773], [0.7522086708135942, -1.7269562254844943], [-4.808125249302021, 0.07098316379035519], [-1.0891187169807939, 2.6056895570304297]]}