{"step": 1918, "herders": [[-6.478220651372229, 1.4880089328171164], [3.54546419476724, -2.528094385192426]], "targets": [[2.3500990967110478, -0.5275658062455342], [23.026875425734445, -20.516660716909826], [2.4144420602187453, -1.944716362813423], [-5.097648119110132, -0.33111866336831886], [-1.1372872238179264, 2.148863687840721]]}