{"step": 2193, "herders": [[-2.5335853449781736, 1.996987979738643], [0.7488759217888056, -4.737770842892664]], "targets": [[1.8613102904552035, -2.6679722244498483], [25.092449910253418, -20.994705996036416], [-1.5393767269252148, -2.3726103279272244], [-1.263792888516974, 0.9173295021941023], [-0.6629722712226235, -0.9987082312841944]]}