{"step": 1365, "herders": [[3.170670551255737, 5.040937977975396], [-1.7157385016042717, -4.57349993665618]], "targets": [[3.5151487383190814, 5.28323679828439], [19.281789013357194, -18.72139313567704], [-1.6039551985928908, 1.3363954880005227], [-1.0896270776698285, -2.4144619240456677], [-0.6451853348401053, -1.985935761793044]]}