{"step": 3931, "herders": [[4.015530487084129, 2.297934654376446], [0.41922574463812545, -2.533495973545795]], "targets": [[1.0605703860968725, -0.516661496760819], [25.199072442457087, -14.813300645388907], [3.326704527511043, 0.7138385831065958], [-0.8208790624563979, -0.39989193328647965], [0.13254536005757675, -0.42830118637251147]]}