{"step": 2653, "herders": [[2.094485241326804, 2.4864812173632487], [2.480869151824602, -1.2558589935998041]], "targets": [[-0.24116755472164625, 0.5817069418371963], [23.00037796229177, -18.97488457202711], [0.3275415459583024, 1.1533627077328152], [0.3902383607018791, -0.858578293681399], [1.123942311332772, 0.19193620018116053]]}