{"step": 1917, "herders": [[-6.407895109202817, 1.7911633186482405], [3.6369895053120045, -2.482847622373932]], "targets": [[2.300894139984965, -0.5498463909350626], [22.89381464361274, -20.554559022978204], [1.922891104668049, -1.7689439410793573], [-5.377569359674023, -0.17975397604478438], [-1.5693680476141711, 2.291827721062696]]}