{"step": 2337, "herders": [[-1.049267087686221, 2.790783983495122], [-1.4732584678458298, 3.9094489174241778]], "targets": [[0.2636951360996884, 1.4737476693402523], [24.537524386339555, -21.917566185170188], [1.0901930432766849, -1.1782608669764891], [0.6289455572691557, 1.0953359340826596], [-1.009642804325081, -0.3306759558290243]]}