{"step": 1749, "herders": [[0.9076191318851284, -4.980277629674227], [-2.593147571711644, -1.9847008438281326]], "targets": [[-1.448672249269891, -2.616952259357967], [20.56973147286561, -17.954312604426786], [1.586631495730137, -3.4898433068020815], [2.632422327838866, -1.2803131614601542], [-0.6342034288657608, -1.2680539517971336]]}