{"step": 85, "herders": [[16.131299766745673, 1.6986777315637018], [-7.474404245470352, 15.953296628181462]], "targets": [[4.716481599624667, -0.0948833615683039], [18.844925717503045, -15.984444994653192], [13.891531673464863, 0.5011958862007103], [13.78734695898681, 1.2521488464091037], [-6.215181089198243, 14.531549520524576]]}