{"step": 1948, "herders": [[-4.804020899603436, 2.056654308831929], [4.272006437173532, 0.408215587785976]], "targets": [[2.560045510165379, 1.5588706560474446], [22.922598362251513, -20.04102551357912], [0.6379644574609119, -1.4288832526643656], [-3.1775426214550175, 0.9160824064949762], [-2.100401381476979, 3.1946811984018555]]}