{"step": 1413, "herders": [[2.4044897193073114, 7.097304120783782], [-2.5304299428430035, 4.263332290101373]], "targets": [[1.4659813588406356, 5.357836756776994], [18.63448396415158, -19.107778451198534], [-1.0967887476278575, 3.8450262699780335], [0.4257969212732945, -0.685034853424284], [-0.08830562650199522, -2.295368128567601]]}