{"step": 2471, "herders": [[2.577960877225637, -5.034397102296254], [4.040108945046171, -3.034937275838919]], "targets": [[0.42979590681078406, 2.2235808387642457], [26.06494345721541, -20.611145504307125], [2.208241870932632, -1.1340911868139727], [2.9379825267069215, -3.691170328099118], [-1.2680019169706127, -1.641500732026062]]}