{"step": 329, "herders": [[12.691414715226905, 5.475281880087513], [-2.1064188067807454, 10.586218159346986]], "targets": [[7.438667611085244, 3.9264879620367488], [20.630258229437114, -18.378266538407093], [11.956894880711634, -1.242295349623359], [10.835348018386005, 6.212653098930901], [-2.0178784369998954, 8.630178855291264]]}