{"step": 1353, "herders": [[1.9955936484759187, 3.3944598029914848], [-1.8911049188386388, -5.060267156750277]], "targets": [[2.752239284840251, 4.178927533800613], [19.40214201500265, -18.553101480309117], [-1.7994540581767202, 1.4945478527866791], [-0.8542224245686103, -2.328366412541634], [-1.1321687953900794, -3.1903053477776786]]}