{"step": 3503, "herders": [[2.751408111721344, -1.6887417289892652], [1.943607156082736, 4.033368261927233]], "targets": [[2.4547616363656917, 0.7138021712408049], [30.43874215408544, -16.94291424723892], [2.4465201349952768, -0.12822961178171494], [0.9764519763648838, 3.0871050267784064], [0.8707813213589821, 1.8838534732805885]]}