{"step": 3146, "herders": [[1.1966304607337293, -0.3853313971767739], [0.8189657826931837, -2.794547372745058]], "targets": [[0.3962522079027347, -0.09780281036719149], [29.322220831711366, -20.480727760918747], [1.6766972540913707, -1.7468358926369367], [-0.7363878550031215, -0.9462302347745967], [-0.4674154247683751, -0.19763888048365902]]}