{"step": 3965, "herders": [[3.7818847461842244, 1.953058575952883], [2.2784242243469457, -1.6330829266593152]], "targets": [[0.4698440364341325, -2.0519791840993635], [25.713445562293867, -15.159529831412083], [2.0889295112790403, 1.340669666220368], [-0.6991029314464345, -0.14742770563749952], [-0.19320444486954813, 0.9142619801356473]]}