{"step": 2334, "herders": [[-1.2064783898827125, 2.6929553944776856], [-1.4732584678458298, 3.9094489174241778]], "targets": [[-0.08745288948093807, 1.8468249022213803], [24.497549460341332, -21.662106458191875], [1.0911929211861964, -1.123336971505621], [0.5593820178509075, 1.5063787625438663], [-0.9024151882829327, -0.5034392084477313]]}