{"step": 315, "herders": [[13.736233178986932, 2.2350115205182393], [-2.3331006956999065, 11.271135949248977]], "targets": [[7.571186339072906, 4.149728503715769], [21.531723501993955, -17.3488439311997], [12.121810289613714, -0.7922621414879301], [11.09215104499352, 6.114775834976727], [-1.61644168373798, 9.281214890197896]]}