{"step": 2269, "herders": [[-0.4297079253536632, -4.016519375555776], [0.8740135835657088, 2.912932389383939]], "targets": [[-0.8575392454721381, 2.800097609326045], [22.869530602428767, -21.0561662071398], [0.4503729357831761, -0.3929160024171398], [-0.5048308247671205, 0.725486370629606], [-0.32651856883465585, -2.3121178044229116]]}