{"step": 3801, "herders": [[0.12227443538086935, 3.0851878393588144], [-4.426162631524885, 1.5819880774794914]], "targets": [[-1.8096941977361496, 0.8186212749038737], [25.706228878282413, -14.698135077021197], [-0.05966988261729586, 0.7039925805226754], [-0.5156145010191387, 2.4066709210365866], [-3.037918649035357, 1.0482101198610596]]}