{"step": 652, "herders": [[2.160018514141395, 9.271314673174329], [-7.909111140176286, -0.8354096705803692]], "targets": [[1.2275044240025523, 7.750821692542565], [22.471202119131963, -19.415893742688016], [4.303398158996677, 1.7626684183190442], [4.436905306940429, 2.9611585144339614], [-6.112865518795755, -1.0304568481859104]]}