{"step": 645, "herders": [[2.535022085441949, 9.248409776923484], [-8.386502755445214, -0.4837577359276254]], "targets": [[1.5453423303402405, 8.00777978046696], [22.69614812817176, -19.258305989345402], [4.598195059355419, 2.043651612133992], [4.087227201279853, 3.161859701254055], [-6.361831627356532, -0.7562782075695118]]}