{"step": 345, "herders": [[12.480538304795134, 4.4401126723775715], [-2.2934226028890308, 10.142070436124879]], "targets": [[6.678106984157184, 2.958186461602304], [20.361831168259, -18.459903128614208], [12.077940154584404, -1.128856552290298], [9.739761888095712, 7.049915379391486], [-3.0295499123102663, 7.717894036790234]]}