{"step": 2986, "herders": [[0.978141010960967, -3.557561642903661], [-2.604424552263896, -0.9932872843658316]], "targets": [[-2.477277317628014, -1.4945374530670423], [29.233077988600066, -20.52300747969666], [0.241604629063966, -0.2234207193327186], [1.4673865519720886, -2.563044744052235], [-0.4383227746028938, -1.3527777842318465]]}