{"step": 3705, "herders": [[1.2207074903023298, -3.7212669988228297], [0.7185761989597972, 2.6368956168183866]], "targets": [[0.7973724900401997, -0.7767269169352204], [27.172585325799165, -16.71356474984753], [0.9510285760393038, 0.5881342278930157], [1.275597707044461, -1.6988113053744214], [-0.04775998332824459, 0.6029316290527131]]}