{"step": 3994, "herders": [[2.3077733301701655, 1.7509830430818658], [-1.0748674499545128, -2.5539621262023844]], "targets": [[-0.6917816141291115, -1.339750240450016], [27.01644476880966, -13.181547305225381], [0.8653534641078832, 0.5682856383399407], [-1.2690974573090388, -0.5272370588865329], [0.6789018891865727, 0.6140111144433671]]}