{"step": 3264, "herders": [[1.2170236894810558, 2.306293820126282], [1.9027790218805853, 6.3582054574889115]], "targets": [[0.3290870096760562, -0.7731528606415417], [30.362918909083646, -19.056410057040964], [-1.3728746371367966, -0.9894994291421376], [0.032085608690255896, 2.4141172941756865], [0.827919981773604, 5.18316534051441]]}