{"step": 3052, "herders": [[3.0650349529151324, -1.3487960996386634], [-0.2237910775145026, -2.930575280032452]], "targets": [[-0.6931270344562775, 0.3319648632942764], [28.51559578742148, -20.257972039417616], [-0.7392661419530788, -1.5037526333174842], [0.0334436104761619, -0.6336331334356442], [2.646806919480381, 0.26550501854002984]]}