{"step": 2724, "herders": [[0.3617716361513736, -3.7790775380762263], [-2.068892524610665, 2.2103393562998073]], "targets": [[-1.0606612277148222, -0.8991195613246978], [25.062664829366902, -18.32166847167959], [0.5798759400512998, -2.4428249189699227], [-0.8605921976326478, -0.3123470080545308], [-3.0679579212013004, 1.5823057337777031]]}