{"step": 1719, "herders": [[-0.3678731475452607, -1.6565408567385547], [-1.810013564013718, 1.9393474382243001]], "targets": [[-0.7755093772190288, 0.05239168839373243], [20.998209390705494, -17.974366460125108], [-1.1327419208029146, -2.5092284704486385], [1.2303881564205232, -1.0749242363382037], [-1.317154808269241, -0.02078411273923511]]}