{"step": 2339, "herders": [[-0.5755408314931294, 2.03027596631887], [-1.4732584678458298, 3.9094489174241778]], "targets": [[0.5504178639909058, 1.627413878644406], [24.928696716465698, -21.884837000441667], [1.3055380829343035, -1.133176607141203], [0.4230023307041346, 0.9704989319761387], [-1.011227851041861, -0.5096365800308602]]}