{"step": 2766, "herders": [[-1.4019141776091024, -1.5296337943077696], [-5.6053007176248935, -0.11886399965432091]], "targets": [[0.5472726036447599, -0.9543376603709596], [25.305615845209893, -18.878596296959092], [-0.08220555840432503, -0.15247990683639717], [-0.9464262308845406, 0.3838431809347974], [-3.745908589644573, -0.9105248470815027]]}