{"step": 446, "herders": [[12.108773909486631, -0.6971074668989129], [2.529562032202381, 5.6159441403195025]], "targets": [[3.929834672663165, 3.7381584129084966], [23.933055364735694, -19.926625217529704], [10.300640450564778, -1.0304809815259237], [7.090656627323942, 4.294207430750479], [-3.8851571773952243, 4.425518724455135]]}