{"step": 989, "herders": [[4.761906587733707, 3.909168438739676], [-1.3115945536411062, -2.5291360111149745]], "targets": [[2.8691062597986257, -3.513345999978274], [22.779752798794043, -18.80114133287545], [3.267750198477408, 4.580231632539249], [0.581751096983106, -0.131244654357663], [-1.537340831653759, -1.1171492970320018]]}