{"step": 1040, "herders": [[2.333437387898956, 6.052891185228588], [4.778190712883632, -1.7849819243943776]], "targets": [[3.2580891841621598, -0.5568314785950512], [21.829843914240936, -18.01121036509763], [1.5692780164541615, 4.321723989748334], [0.44069439252535797, -0.5055670158574073], [-1.7623231038110825, -0.3446215002630547]]}