{"step": 2013, "herders": [[-6.572428742524797, 0.890547240800858], [-1.9860755328139768, -2.7070251441302813]], "targets": [[1.5846357241274385, -1.160657884793436], [24.896609986485522, -19.557102445623297], [-1.9324234739842434, -0.6107512195822128], [-5.662885104931165, -0.39967938439612277], [-1.0203376607760253, 3.1300814793934326]]}