{"step": 3356, "herders": [[-3.7667127344566413, 4.013162882960443], [3.881716116952333, -5.904220422067336]], "targets": [[4.190268920825633, -4.460389954687346], [31.197062849821332, -17.77997495597144], [1.2587573018525267, -0.493230896266706], [-1.828225372627738, 2.1019826311349292], [-1.8466138547653557, 3.0420945311112235]]}