{"step": 908, "herders": [[4.807790830407546, -2.791863165364189], [-6.587118597020186, -1.5822960758948332]], "targets": [[3.1850586676380233, -3.2230654618734693], [21.8876041966947, -19.100824809635363], [1.6612069760907158, 0.7773927478128162], [2.202240887263105, -0.3724716229243853], [-5.610879475969426, -2.3291743993734615]]}