{"step": 151, "herders": [[14.03611164540964, 1.9888520135598522], [-6.316072498991818, 14.786012222517893]], "targets": [[5.262485027622583, 2.5673507024843594], [21.068721425221796, -15.936119696370623], [12.783846179502245, 0.7301403596917995], [12.245961804236549, 2.957201432132067], [-5.695251689993033, 12.594740206717018]]}