{"step": 2492, "herders": [[2.326574557906098, -4.991671143782657], [3.7996050314138263, -2.4995384509220577]], "targets": [[1.3637865207009057, 1.9009537202266742], [25.04430026963976, -19.729054010336093], [3.1360784267772615, -0.8763716181157324], [1.4405799948475262, -5.3000174802979325], [0.8193012251912164, -0.997422574880195]]}