{"step": 307, "herders": [[14.690938166296998, -0.6204244374188088], [-2.7006300159976906, 11.258045774029224]], "targets": [[7.142049392616789, 4.503680642242089], [21.857797273182697, -17.993108312324267], [12.919428929830486, -0.8878935450880784], [11.126049522988195, 6.207059461399509], [-1.6790032838614, 9.715014097645733]]}