{"step": 1735, "herders": [[-0.4393904215867458, -4.370182128436048], [-2.4856841028768795, 0.0733953929698804]], "targets": [[-1.7247279616641165, -1.1411046001360974], [20.6740708332828, -18.54333543356606], [0.24982438035150029, -4.255750324152335], [1.8156517596772654, -0.8297762439605121], [-1.0622248178853524, -0.7317185477294454]]}