{"step": 2972, "herders": [[-0.5172948272334821, -2.898231721859833], [-1.4640985030202769, 0.6285613942962003]], "targets": [[-1.0187309061099246, -0.8163932299345767], [27.80699183672703, -20.11658059237128], [-0.04540517707822378, -0.2655004617992779], [0.9579543462907143, -3.11972565928709], [-0.7672979366789052, -0.22032188926035445]]}