{"step": 14, "herders": [[17.81324696561341, 4.43509014447696], [-3.993387280166115, 14.876101694118912]], "targets": [[6.821743468558873, 0.9172891869146887], [18.197152872401958, -15.28145343836227], [15.599490951493868, -1.2086021300030196], [16.530205044538217, 3.3917416433267826], [-6.152844468201454, 16.238586883831594]]}