{"step": 3767, "herders": [[2.7961374772529273, -0.39174644869037983], [-1.3364197094025132, 3.6403409152876627]], "targets": [[-1.3431419416328414, 0.953761688279948], [25.13650527270813, -15.370866748841275], [0.5565664578760081, -0.2783153292818912], [2.3884650802766143, 1.0377428407332447], [-1.881130427273325, 2.395905217431037]]}