{"step": 2933, "herders": [[-3.6682437030707686, 2.344052685770922], [-1.3243125946102279, 3.8266041115920975]], "targets": [[-2.710691072558148, 0.7025478001166374], [28.045415290367266, -19.282909402292965], [-1.0893055407390662, 1.8516972750492795], [-0.2174741595457662, 0.03761986445630297], [-1.7532761803944514, 0.24506584857297553]]}