{"step": 3139, "herders": [[1.6775139494577258, -0.09021636966450859], [-0.44957265368666327, -2.28260124855532]], "targets": [[0.38428511361341366, -0.17094645338729716], [29.3607518261632, -20.78618983156546], [1.168354503083544, -1.9027788777194892], [0.02601003383420014, -0.02299889534291657], [0.18022850930668144, -0.11651218114663978]]}