{"step": 282, "herders": [[14.410732161316773, 1.4052586029218892], [-3.177148418410539, 11.808184323024552]], "targets": [[6.610458365876476, 4.0493447767725765], [21.027675277417703, -17.29818966797446], [13.40499039914924, -0.7699538153236882], [11.723783143513023, 5.322756332117562], [-2.264615309723871, 10.084794358231356]]}