{"step": 1692, "herders": [[1.0980949067286598, 2.0927591545358903], [-1.6271657783189597, 1.945439359642852]], "targets": [[-0.09692695005916468, 0.6313108345368038], [20.359853711538307, -17.911347238891302], [0.0027153069192624724, -0.020971446967290863], [-0.0715535643556032, 1.0061035680836832], [-0.3086200078024476, 1.5783579970262636]]}