{"step": 3319, "herders": [[-4.3213012412632885, 4.861138065242204], [0.33925011092767615, -1.2721817860486548]], "targets": [[1.125594718991281, -3.124898923615389], [30.93771104883709, -17.732996214465043], [1.64447589166652, -0.3157862842700637], [-0.8997232385127389, 2.406606062438536], [-3.897702151702843, 3.5405270013888437]]}