{"step": 2684, "herders": [[-2.2047162082321727, -0.8221171933212542], [1.7355054148878062, -1.0791177740379463]], "targets": [[-1.7425696432092368, -1.707944846265446], [23.442795885154073, -19.448018019597704], [-0.75565520133703, -1.358821094165243], [-0.02738408026180869, -0.3067659044627587], [-0.2550155152382876, -0.5554816394580893]]}