{"step": 3578, "herders": [[2.298378367372823, 1.7776687524003651], [-2.1169645000924984, 1.3089204685078402]], "targets": [[0.8070312009274347, 0.8475127591916872], [30.00287713165071, -16.357885424903692], [0.6492639574214052, 0.5002149522826475], [-0.9847262989683028, -0.030375418481045413], [0.7036300115570622, 0.06004357013126894]]}