{"step": 3532, "herders": [[3.2015822749688865, 2.3769005284145126], [1.3392322353606902, 3.5027997413178626]], "targets": [[2.214076098065106, 1.9215703388176846], [30.922157151125603, -16.086100819516485], [1.0011665577695235, 1.396358789474456], [-0.4567512181908848, 2.311837910885965], [0.14215210762824465, 1.4682650284149485]]}