{"step": 3628, "herders": [[-1.4640091438883718, 1.5125361420896044], [2.638750940862586, -0.6103512052783248]], "targets": [[1.220932556619588, -0.6132880841000161], [28.550619965905877, -16.262460283380094], [-0.4187982741015479, 0.04501414699786063], [-1.5435609084995918, 0.0211675353818645], [2.287133330747131, 0.9189306981350267]]}