{"step": 2303, "herders": [[-2.5551994014583572, -1.7385824787962838], [-1.3117782719059232, 3.966124912648572]], "targets": [[-1.200156099684265, 2.1933821766668022], [23.248598402377258, -21.61179109218852], [-0.08799615834769603, -0.7283122098988907], [-1.152832642032063, 0.9993395515481206], [-1.4839390180932033, -0.09641015847173248]]}