{"step": 3311, "herders": [[-3.650411864638459, 5.202395256988382], [-0.17745026846201745, -0.33172802275220337]], "targets": [[1.4204869283084207, -2.588771119702688], [30.671020387364972, -17.745791232275717], [0.673543916697377, -0.4836976809298822], [-1.4724793047093347, 2.4867814443680545], [-3.649205804323011, 3.5903170083111404]]}