{"step": 1013, "herders": [[3.3261769072835774, 6.501702367494717], [3.778081776525596, -3.6165461566086132]], "targets": [[3.761908481333798, -1.868081081349676], [22.375465657095194, -18.84178566231967], [1.8570417996800554, 5.262862051460961], [0.47673033031353207, 0.029311380316660807], [-1.7447034349362096, 0.27804426633418267]]}