{"step": 2061, "herders": [[-5.432337586957835, -0.04927707979677411], [-0.6751622242260216, 3.4226583295919037]], "targets": [[1.2423867041344379, 0.2819355398486372], [24.025176970841052, -19.622699053866437], [-1.8028887676614658, -2.127505319149077], [-3.3250189225722617, 0.4437669796468701], [0.14317056811852522, 1.222078991778056]]}