{"step": 1057, "herders": [[1.4498864642742044, 5.434462396676198], [4.077064187589132, -1.2845944526858608]], "targets": [[2.0512439047666438, -0.9295604683226297], [22.386625754600846, -16.519458483914736], [0.561494093485481, 3.0880933360761538], [0.5962307916854749, -0.0783969788913182], [-2.233316031513807, -0.6014355322483045]]}