{"step": 2160, "herders": [[-3.777695035174756, 0.23915655498974264], [-3.3558868324019318, -4.827604193180816]], "targets": [[0.6336329387865479, -3.4589137349847854], [24.259964950068046, -20.232097034639914], [-2.2255727885809797, -3.963916757040542], [-1.1972427189610275, 1.680996118977036], [-1.9947538933442486, -0.3044865332352579]]}