{"step": 2864, "herders": [[-5.219136835197691, 4.072563432572697], [1.6667114099508558, -1.7462462943103068]], "targets": [[-4.257242783996193, 2.803451324211494], [26.31592564308863, -18.301636746038547], [2.960702268581915, 1.0548256850241915], [-0.01952464894545969, -0.12206263492096042], [0.4791582443206246, -1.8460036155560244]]}