{"step": 3844, "herders": [[-0.28581762353626505, 0.1549892411369715], [-3.264035605766286, -1.5321767641007464]], "targets": [[-0.14026539572354024, -0.852812425656362], [23.105388712304848, -14.574155726421004], [0.9167452762376669, -0.9676860026981087], [0.28130329482752015, -0.5471064888123368], [-1.5008341499849007, -2.2665915264365886]]}