{"step": 1886, "herders": [[-3.647617826471895, 4.36906527459944], [2.462843574213688, -3.985138461866184]], "targets": [[3.0054167673304493, -2.009376883006945], [22.967119932695976, -19.24140450248645], [2.3765690095849203, -2.2541202633303783], [-4.318352416045145, 3.0287490485697837], [-1.4246944544409037, 0.9484778200106279]]}