{"step": 113, "herders": [[15.553162703411955, 0.6463496141540332], [-6.256734153095241, 15.652114273421772]], "targets": [[4.204603144521698, 2.233834354155548], [19.37630720238301, -15.477780354995284], [13.665194064739334, 0.4694156703324885], [12.98676316456375, 1.2706259553228048], [-5.21735663348351, 13.925720192590857]]}