{"step": 392, "herders": [[11.391451991905535, 3.0599739533854016], [-4.010473782555315, 7.838787131718708]], "targets": [[6.092923965520647, 2.895753522851905], [21.98143299357465, -19.41570974994775], [11.160964096933425, -0.36377065842224293], [8.121451476006571, 7.219288565265127], [-3.5165096976967662, 6.143638068834208]]}