{"step": 2014, "herders": [[-6.660438878824663, 0.6811724323821333], [-1.9109484162871908, -1.6175380669915302]], "targets": [[1.1995284714902743, -0.8442460001951257], [24.991584673755597, -19.60680965612547], [-2.104453773343161, -0.6229512295798705], [-5.6072734971866, -0.2374416159019912], [-0.8713163422809983, 2.7747038645502307]]}