{"step": 2711, "herders": [[-0.6363189664658784, -3.8958797652446036], [0.465033665130029, 1.1217638894684847]], "targets": [[-1.5176197578117192, -1.016955522569393], [24.424931295489728, -18.933703324993502], [0.5155785747638136, -2.810891096203445], [-0.44870653701919605, 0.1860767142022079], [-1.0028123485973077, 1.722418920796518]]}