{"step": 484, "herders": [[10.608207164910786, -0.6805861110593638], [8.588529113586075, 3.6344710647695004]], "targets": [[4.695643404373301, 3.1171286460722447], [23.690171847304693, -18.99331141757075], [8.544723153388246, -0.24440480244699475], [6.841967092319622, 1.8151231834219645], [-4.799291143188942, 4.207755568928951]]}