{"step": 2603, "herders": [[-2.7078327985829, 1.2349584655479497], [0.4398770403413666, -3.331909423721925]], "targets": [[-0.11997510299859787, 0.9374732553129936], [24.957796731991007, -19.860023708627786], [-0.7509656255877224, 1.6730356884197188], [-0.8156414297518491, -2.115361955633118], [0.11187217316922776, -1.8007521961612254]]}