{"step": 3178, "herders": [[-2.0717547831905967, 0.8394197309988047], [3.498408072191433, -0.3739545563153922]], "targets": [[-0.9565480731008877, 1.2566688299445468], [28.53014051511189, -19.39432739818604], [2.047242357383559, 0.5303884680056148], [-1.1113154661681008, 1.1297880762052095], [-0.06002262995466287, 0.6004163670421333]]}