{"step": 147, "herders": [[14.196112611873309, 1.568481867219763], [-6.146034113946122, 15.068114635332808]], "targets": [[5.387202998083069, 2.850016504181168], [20.558548167795063, -15.470424393330546], [12.193768114774768, 0.6768471508452603], [12.1067052938358, 2.7273429456879392], [-6.062913749937291, 12.815812157017213]]}