{"step": 1836, "herders": [[3.01137134645469, 0.7982202114533234], [-4.078279092401404, 0.8724070416790055]], "targets": [[-0.8346893818305153, -0.6227462330924977], [20.513346374649874, -18.20445021797201], [1.0257770173625582, -0.6863740561187119], [1.6541624813833444, 1.78190484277836], [-1.822418965983049, 0.6632368735375147]]}