{"step": 1468, "herders": [[0.27493810150441256, 4.578624351098044], [-0.9895438998606562, 4.3926121721687545]], "targets": [[-0.8809768044446544, 2.6987486829932896], [19.705455709986452, -18.661244124843748], [-0.6404795680322911, 2.3778906835700577], [-0.1667250044158891, -0.7952798030985011], [-1.53794548004752, -1.4424846034574124]]}