{"step": 3030, "herders": [[1.2344301417197805, -3.444135650437654], [-0.5120286858359422, -3.2717230381511837]], "targets": [[0.30359487000457686, -1.4944922223056984], [28.972531370688955, -20.25182930774354], [-0.20225347970358137, -0.5044514636958616], [0.7045340843248967, -0.966760571643021], [1.0953354190206674, -1.1203952545095057]]}