{"step": 1297, "herders": [[-5.598950038947395, -1.3119428112263347], [2.9428666964795513, -0.21861216847065224]], "targets": [[2.492481923680869, 1.7166138964153062], [19.658787709870758, -18.754336748645095], [0.8697309954125766, 2.97413590295145], [-3.774608972456141, -1.8310930315150502], [0.6462666091630236, -3.521343616590723]]}