{"step": 896, "herders": [[4.90733182179292, -1.7102935517195794], [-5.351479836649198, -0.7398602825602677]], "targets": [[3.1992871895155335, -1.7637904284561319], [22.07106426489487, -19.13756554729367], [1.0522631987696434, 0.12732702771533277], [2.5599135490974323, -0.046160073261621415], [-6.0966346970181275, -0.8727108501736536]]}