{"step": 1747, "herders": [[0.7222296289652317, -5.003555254984363], [-2.590962739976799, -1.7125013639437487]], "targets": [[-1.7142749585903685, -2.3206540955908586], [20.581338293683743, -18.083197773942096], [1.3964247153198146, -3.457524629978857], [2.553911689095827, -1.3164434384423471], [-0.5999756513259059, -1.1505813309134787]]}