{"step": 2952, "herders": [[-3.8440293859451784, 0.33825620602593887], [-2.133296582544688, 2.265665651276043]], "targets": [[-2.0728863827061175, -0.36720838226865493], [27.94515660455387, -20.744761310700184], [-0.5372603821298901, 0.36009199355565835], [-0.6695355787804989, -1.7292888634757668], [-1.6670915671448119, -0.4023001604337836]]}