{"step": 2068, "herders": [[-5.163042720688806, 0.21010966638314216], [-0.2401134687266095, 2.968224507665826]], "targets": [[1.1056010848045406, 0.9900171170292278], [24.066442450753456, -20.15648549394243], [-2.5866010489525735, -1.955610615413536], [-2.958798991519183, 0.5135915153999576], [-0.3523809897744019, 1.1921489897262894]]}