{"step": 2237, "herders": [[-1.657212237383065, -4.3885832874225015], [3.6392222476489673, -0.7284714006420223]], "targets": [[1.8846952993148092, 0.2745722056199984], [24.228566239350837, -20.959334792154444], [-0.43190506580224286, -3.412741287730743], [-0.7953129201157748, 0.8102217163200295], [0.1085430100823411, -2.3601124712425627]]}