{"step": 786, "herders": [[8.30126401042351, 0.6075796339765648], [0.7842377672271321, 6.234864113776304]], "targets": [[1.330745541132229, 4.246482061017475], [23.007810987122856, -18.968272832846402], [2.8184607048508354, -1.075039249820027], [6.298450399893875, -0.4027600742683877], [-4.267373998901841, 0.6418936370037684]]}