{"step": 2463, "herders": [[3.0272317892181717, -5.89299700994937], [4.17322082431788, -3.078788480873221]], "targets": [[0.603917188613653, 1.6407163521278119], [26.213370524131598, -20.40689286386879], [2.661766266898561, -0.9631625767579626], [3.4665291664283124, -4.025000201866455], [-1.356331814850231, -0.9951223477130222]]}