{"step": 128, "herders": [[14.79436919264928, 0.8910522817501462], [-5.816417272365617, 15.903532215293515]], "targets": [[4.653514503472774, 2.0529612915880877], [20.424689553943285, -15.419704831513867], [12.576938083391811, 0.32502318029903654], [12.788862393762393, 1.9918424091776785], [-5.107855503591468, 14.294533012459581]]}