{"step": 5, "herders": [[17.206863653377237, 5.126857311109912], [-0.5099499122034128, 11.233646520936494]], "targets": [[6.846696094398825, 0.673504098144315], [17.738639463876126, -15.407137301644958], [15.720422707476024, -1.4054471186897295], [16.95131548467175, 3.66240209792628], [-6.460863805033145, 16.73617818334761]]}