{"step": 3774, "herders": [[3.0867297155963835, 0.8428153701729629], [-2.222894117057549, 3.299025390752863]], "targets": [[-1.40716769432507, 1.2829588822184317], [25.24727007380354, -15.936398556417245], [0.8647300207730227, 0.29385889152312067], [1.8363899249528635, 1.3327680470964278], [-2.3271759115633426, 1.877644083266901]]}