{"step": 1964, "herders": [[-3.4120632764540426, 4.13743661110545], [4.1233481303172175, 1.5630715073428518]], "targets": [[2.3538563136249375, 1.0589260888478946], [23.608315231771094, -19.296893799601182], [-0.07333923391613148, -2.5434372587348633], [-3.2562028747436926, 1.0498870198994126], [-2.2064319954374696, 3.7338931706765535]]}