{"step": 2965, "herders": [[-1.8613448549356182, -1.8396370206548254], [-1.6142712591404855, 1.7335194249153356]], "targets": [[-1.0397511454769595, -1.0828180861312533], [28.09642562502881, -20.663754242939774], [-0.3991340349692182, 0.3933203171681508], [0.3581136037337956, -2.552180068338728], [-1.3106259389018804, -0.7479161241804102]]}