{"step": 1648, "herders": [[2.397917509049576, -1.825603294537055], [-2.7398968807712616, -0.271551312261805]], "targets": [[-1.6225612957745157, 0.48004767776753177], [21.253420619376538, -18.520812464057713], [0.07627635850990877, 0.1181830206818068], [0.9490793973337779, -1.3914054364932116], [0.9109510089307163, -1.9338211849221492]]}