{"step": 453, "herders": [[11.946256102600314, -0.9994563315604988], [4.865877765753859, 5.436013357398128]], "targets": [[3.901931719075338, 3.391013651014633], [24.21411879478218, -20.317512090307048], [10.026206770234571, -1.7070309062753322], [7.075662121781663, 4.230499928435906], [-3.9491727738095, 4.4215734138987886]]}