{"step": 1629, "herders": [[1.7543354069978103, 1.2368064124190092], [-1.9020598355945293, -2.1783287351419354]], "targets": [[-1.0420095754969692, 0.011993029042282527], [21.290729535446044, -17.86439023914025], [-0.3353013498844052, -0.35209857895921437], [2.3657288624191786, -0.8804853580427443], [0.5923986115215609, -1.1689509428320124]]}