{"step": 2241, "herders": [[-1.2939277171493326, -4.5064529990714055], [3.551947292038757, -0.3540969167107743]], "targets": [[1.5661512031045537, 0.5238517101018557], [24.357628830390283, -20.98394088254351], [0.32318657427182584, -2.931060952191724], [-0.7879184357740059, 0.8192569390909721], [0.0020132806847106555, -2.8091434628234246]]}