{"step": 1994, "herders": [[-4.677170740928624, 2.8558774306800947], [-1.183417018228613, -3.6959139202426634]], "targets": [[1.8445201144786412, 0.34049085041240984], [24.02128287125945, -19.49159377684679], [-1.8542282065133222, -2.5277217231201066], [-5.37145776843516, 0.43415844948618154], [-1.3694352715844762, 4.487078994786897]]}