{"step": 3216, "herders": [[1.2397784754962038, 2.236701355651712], [3.185597999296962, 2.647708924108415]], "targets": [[0.2927469566431125, 0.7418344829330282], [29.31394469655834, -18.12638184022861], [0.5796108324445761, 0.3315720856553869], [0.5893585938949888, 1.0263874017830237], [2.642576265550195, 3.4479296115931812]]}