{"step": 753, "herders": [[6.159552577013908, 4.378610802196186], [-5.393328662641316, 1.1832863635262316]], "targets": [[0.024053989474532272, 6.373781921423921], [23.50971658543351, -19.720638164369213], [2.893631249428174, 0.3483095450265329], [7.341517894462309, 2.182738223320569], [-3.3534589463584226, 0.46310361699814445]]}