{"step": 2749, "herders": [[-1.3346652046158578, -2.869638061526215], [-5.034681437165208, 1.174784815276237]], "targets": [[-0.2716483515624723, -1.592937535218267], [24.927041969348394, -18.689838131386395], [-0.24768813684299307, -1.4464235466180244], [-1.5460040966004138, -0.6677575647564242], [-4.2973924428923445, 0.011029585297455374]]}