{"step": 3708, "herders": [[1.4917728548448994, -3.496846912966443], [1.069045948555575, 2.3312020587345]], "targets": [[0.7320033805257306, -0.8731666658872164], [26.48833672329096, -16.83207317379932], [0.9023906991871601, 0.24598417457503524], [1.6948612054125056, -1.298683746917709], [-0.13923732305980235, 0.36376306465692393]]}