{"step": 342, "herders": [[12.278707928083865, 5.4239174187441135], [-2.1677690863124837, 10.182062848254256]], "targets": [[6.8448355158944745, 3.025973902272307], [20.19110696316217, -18.3407957005391], [12.129419936064272, -1.010275079056179], [9.928692337386535, 7.0098727648361585], [-2.5703448959058424, 8.479941439941658]]}