{"step": 3547, "herders": [[3.2028749769988663, 2.1218055293640403], [1.5902183194209338, 3.161306979404553]], "targets": [[1.794288520052537, 0.8652952939307236], [30.47375904366832, -17.063188966605775], [1.9020354371777297, 1.577895426165102], [-0.5612276792202138, 1.8481120208269841], [0.22718018399542952, 1.4447480242731192]]}