{"step": 4001, "herders": [[2.117075895913409, 1.623081539334606], [-1.4765809386537598, -2.3461643658994795]], "targets": [[-0.23319112707500617, -1.207635579025483], [26.751979515649275, -13.250111689328437], [0.5251199794194015, -0.05356715921486808], [-1.885010529346399, -0.31342313657157445], [0.5939670973989428, 0.41531580085946446]]}