{"step": 983, "herders": [[4.939522711619744, 3.111336460218813], [-3.4451899281797527, -1.7991675555668294]], "targets": [[3.173356821702899, -3.290288465610243], [22.678998577863766, -18.570723513933935], [3.2986329431766617, 3.7422694221603963], [0.4514733890367308, -0.5454763439792272], [-1.757692257953417, -1.1030511813421422]]}