{"step": 2442, "herders": [[3.4244565914414333, -6.910397358286151], [3.9128622908641773, -3.8123065264301124]], "targets": [[0.6778352650321835, 0.9891843451450302], [26.189274436068153, -19.598275107054377], [3.6184685850859197, -2.0346029641508645], [2.483704252323936, -5.3395313069939245], [-0.6310401800557686, -0.9043428211659423]]}