{"step": 715, "herders": [[6.823986410659538, 4.290813479358725], [-6.467982196846171, -0.34777465879512315]], "targets": [[-0.37447512254174786, 6.069611773218417], [22.62535375468284, -19.761886741763956], [3.3372369339834504, 0.3884467602509871], [4.981249878662332, 2.6400417456867418], [-4.9267846948004586, 0.023203920597649474]]}