{"step": 1878, "herders": [[-2.0883920158948763, 4.571809565188219], [1.3151862787103377, -4.218939598359938]], "targets": [[2.13629346142581, -1.4752620143643984], [22.820790292830733, -18.98801181229193], [2.323161434065887, -3.151066382923826], [-3.832211277852449, 3.600185381098268], [-1.3319998658655001, 0.6300333261573243]]}