{"step": 2826, "herders": [[-2.099318773659015, 5.785217168285729], [-2.492543674417417, -2.876762779473558]], "targets": [[-3.1945254632403897, 4.0058706762913], [26.505133841032755, -17.56627306018767], [1.1843812194162615, 1.647646965866142], [-1.2807763733945225, 1.162595058107171], [-1.2645450366199276, -2.5969361369781847]]}