{"step": 2538, "herders": [[0.7474877479192165, -4.604342538895905], [2.853531309084958, -1.000418136555795]], "targets": [[1.838947353557147, 2.0955037529959455], [23.893110166421536, -19.380653257251378], [-0.02534478652372074, -2.767835697386431], [-0.12797356746826472, -2.2925107336003268], [1.1662036426684117, -1.137346878179023]]}