{"step": 3529, "herders": [[3.2374224324832275, 2.1236220433179125], [1.0444801096961556, 3.6330082487055413]], "targets": [[2.264950510891869, 1.9940654628631291], [30.825111146513873, -15.944298687837108], [1.2031422931715414, 1.9435035782519277], [-0.21643488874348335, 1.809543143466507], [0.17206071127895098, 1.5134886291888816]]}