{"step": 399, "herders": [[11.939416405503074, 1.897112068669173], [-4.21149034754262, 7.596170834036767]], "targets": [[5.6581426913374795, 3.3265569630277665], [22.393732006141498, -18.904014031360987], [11.337176291594206, 0.3082437247307152], [7.4360322624712225, 6.9627427222987155], [-4.084967716809432, 5.489158702091597]]}