{"step": 1659, "herders": [[1.7427210168503784, -2.468915671571083], [-2.6973613789319257, 0.8695507659291493]], "targets": [[-1.0894146400143883, 1.0023167800223722], [21.01770522015174, -18.431615820243476], [-1.1395361209350356, 0.06928710042824203], [0.5650064203870567, -0.889723440556049], [0.7289590329580238, -1.0689778331510666]]}