{"step": 3981, "herders": [[3.041892340971902, 2.002733049893387], [0.15587396631961276, -2.806939207436]], "targets": [[-0.9252353433782777, -1.7970766579178323], [25.40450789834026, -13.506207518041096], [0.8965210174155818, 0.7902702167827673], [-0.7850021875240691, -0.683386910569632], [-0.040248782264535876, 0.5237684717389489]]}