{"step": 3202, "herders": [[0.383170827119401, 2.911957721636714], [2.707980329844433, 0.7862889497188641]], "targets": [[0.21406286063766947, 0.9058647963261772], [28.32323098314654, -19.240777926104847], [0.45323037984194126, -0.06245483683862335], [0.2733370489146266, 0.3652719005448306], [2.604023068672606, 1.9244993343127803]]}