{"step": 1703, "herders": [[0.7960552085698034, 2.028626840291185], [-1.569551831666478, 2.1300779409460673]], "targets": [[0.14571068019886535, 0.497976636267238], [21.558255852392417, -18.157711231006022], [-0.22450672734017132, -0.5744571973791754], [0.2330767138788689, 0.3184617811668397], [-1.1666858187545186, 0.5709906389114924]]}