{"step": 1035, "herders": [[2.4845332702126175, 6.132363627820867], [4.741964971640195, -2.263154243053699]], "targets": [[3.359008031887165, -1.1126784221176504], [21.863542513615982, -18.352201028252992], [1.6379582863030075, 4.492006440549901], [0.9812098022029191, 0.19093870293594734], [-1.7075325702573254, 0.33056873921669083]]}