{"step": 2186, "herders": [[-2.3687101393109464, 2.3268546164190775], [-0.049203232190983714, -4.978972180746557]], "targets": [[1.103916782814482, -3.0776154468219206], [25.316188840856228, -20.772079908083235], [-1.3734284019847103, -2.61187380181533], [-1.347825994359724, 0.8613869833746889], [-1.1567533050480225, -0.8801331936469585]]}