{"step": 679, "herders": [[2.2319564064093695, 8.182630010022494], [-6.830396476589799, -1.6127173998032582]], "targets": [[0.5486260738050819, 6.565145758100188], [21.920545948997802, -19.198866367809206], [4.298362488872838, 1.5497732472425125], [5.792988295242471, 3.8305389082390455], [-4.5762891708411475, -1.375594573947305]]}