{"step": 1206, "herders": [[-1.300936061924536, -0.8617008930075162], [3.2738199204400287, -3.23684037880852]], "targets": [[0.06723997047024986, -0.703530193655884], [19.491496239019845, -19.104492145288447], [-0.10791913252556823, 0.9125049293837387], [-0.2577730166787298, -0.09851938612383344], [1.0733990370222815, -2.3687175371782447]]}