{"step": 3160, "herders": [[-1.2061212991069747, -1.3493625826997286], [2.6356842938040472, -2.040190863368413]], "targets": [[-0.24641939800982166, 0.8547623405585265], [29.022956643758317, -20.33104930112616], [2.7253457603727504, -0.3905810452347649], [-1.428653537125188, -0.8773249056409461], [-0.9467696618680346, -0.19897205497204967]]}