{"step": 1976, "herders": [[-4.369128399871182, 2.902804816338439], [1.599978135567966, -1.7785752242072463]], "targets": [[2.1937999066753173, 0.4303860700852973], [23.15915587523757, -19.02209803175447], [-0.5057590777138279, -2.9705114703046815], [-4.692070009694525, 0.8518958417921381], [-1.5158001917488335, 4.169822410028385]]}