{"step": 533, "herders": [[9.422852601105186, -0.4201232588557827], [2.951403205884839, 5.954497998341163]], "targets": [[3.7672379951970054, 6.44502354331688], [23.525762550823973, -17.73512012178836], [6.947911164473627, 0.2716329151376593], [6.479373836045384, 1.4175161212986347], [-5.338156970765324, 4.753117158456097]]}