{"step": 629, "herders": [[3.666129430020589, 8.705193136423253], [-8.94632655543862, 0.09752896610232142]], "targets": [[2.2498848364206236, 7.869260844063111], [22.914709131476698, -19.1370294757892], [5.985715962113294, 0.30563284922153955], [4.701667597344375, 2.7255962031307397], [-6.922393656243222, -1.0674176631388441]]}