{"step": 3382, "herders": [[-2.57563968687229, 4.170425412706104], [4.826381997459112, -4.671215990462468]], "targets": [[3.183851102432369, -2.9306390726287725], [32.30869685698877, -17.43308114248779], [-0.16145305339394814, 0.5823985021962365], [-1.542113801369189, 3.138827084513276], [-1.3399577174608759, 2.274879875412181]]}