{"step": 2200, "herders": [[-2.4108225368260863, 1.6083059743142718], [1.8723814371831495, -4.2979522664961545]], "targets": [[2.127101948481886, -2.402789536032923], [24.407902228968666, -20.476013453986173], [-1.9011521873659503, -2.698312830277954], [-0.9084896625965869, 0.24422984671702697], [-0.48488548550768046, -1.5562617868697557]]}