{"step": 2741, "herders": [[-0.2411961563692342, -3.4389544222732593], [-4.330220387503191, 1.7911000760443372]], "targets": [[-0.7216294647855992, -1.4478845177627], [25.251123238732276, -18.40240243989358], [0.28751542451955503, -1.5516311115012493], [-1.2469974796300853, -1.0313379754437537], [-4.368306199054502, 0.5111009442990498]]}