{"step": 3804, "herders": [[-0.21622677947301802, 3.3295863704881543], [-4.368604526072651, 1.5829272378402766]], "targets": [[-1.8857634207810845, 0.47780108751399136], [25.470000660144848, -14.872450715262357], [-0.2640754600961759, 0.37926161959416], [-0.7961373158131879, 2.1465597754249823], [-2.6005901842456747, 0.9884953596158347]]}