{"step": 1308, "herders": [[-5.126861659668185, -2.387676323838317], [2.0285602433224956, -3.4448350186626255]], "targets": [[2.7778355556398147, 1.6378958988963281], [19.591420266167383, -18.87848883512277], [0.6886674521613723, 2.3693070808783214], [-2.993361824389268, -2.4086070202423606], [1.2935291894232634, -4.3223233258169556]]}