{"step": 3441, "herders": [[-1.0332673175371823, 3.680994039995563], [3.2329254404916385, -1.9405648855594597]], "targets": [[1.4574214708829005, -0.5334682678215655], [30.39984138370108, -16.708630401579054], [1.2868291952062259, -0.2318024911186362], [2.3586806892285304, 1.4010848840449583], [-1.583153693569146, 1.911662608924408]]}