{"step": 2910, "herders": [[-4.433422678046234, 2.306352388828648], [0.16543694406923515, 2.942970804087309]], "targets": [[-2.5862718438598877, 1.4914782301325273], [27.209092394818327, -18.48763677841258], [-0.5683246939833356, 3.1344141478266834], [-0.33812115821882954, 0.23492059866129017], [-1.4829783544310764, 0.8260954317730855]]}