{"step": 157, "herders": [[14.015717360920474, 2.2681217001054685], [-6.3820197777850725, 14.476567778421012]], "targets": [[5.300324774365632, 2.3877661435360054], [21.185368045857153, -16.424568505326203], [11.811378726769144, 0.8381887338234162], [12.90178259498848, 2.7355872587641343], [-5.885589971651395, 12.44790399210672]]}