{"step": 1151, "herders": [[-2.384209446697125, 3.504134347394272], [1.6244847616534313, 0.7419921044928977]], "targets": [[1.6548795708702522, -1.6878531605875995], [20.767324440716543, -18.702891303653555], [-1.700480252970105, 0.35177665185154017], [-1.285715596060045, -0.10019334464939153], [2.3953544988649513, 0.508382282829925]]}