{"step": 1582, "herders": [[-2.2585463380435082, 1.3440779814573343], [-0.12873569038464883, -3.782845992992053]], "targets": [[-1.6601368070518259, -0.5104205810793343], [20.750949910770206, -17.210863253539397], [-0.6516013229743807, 0.6881018075578506], [0.3912334295306788, 1.6759008720466888], [0.24621985296475274, -1.4099061401821533]]}