{"step": 3776, "herders": [[3.0812757933001147, 1.0484660022031993], [-2.413646616241211, 3.227103039346654]], "targets": [[-1.5380939188820335, 1.2921021844813354], [25.421159543277124, -16.356672090505697], [0.9519971249758137, 0.5572996119998896], [1.544111485616871, 1.6682886523057006], [-2.7449759658008337, 1.6795800137864763]]}