{"step": 2149, "herders": [[-3.669373723625502, 0.8616637867630332], [-3.7515592484434994, -4.138479169097552]], "targets": [[0.176526242228156, -2.835197557385653], [24.339939407710265, -19.999790361596073], [-2.3403172677832393, -4.189597307013431], [-1.8655053819649539, 2.1235757995888593], [-2.601327674989183, -0.4196130989068643]]}