{"step": 2415, "herders": [[4.763594006161279, -7.171771700714018], [0.815093946898902, -2.8310829305716516]], "targets": [[1.1497370966339377, 0.45039481568043305], [25.33077163770185, -21.435070915708856], [1.9531427455930606, -3.1683416157565487], [3.260224253859879, -6.540957505676753], [-0.19987596048003337, 0.35861848392495665]]}