{"step": 3072, "herders": [[3.149825672952098, 0.9118092535293956], [-2.355727013650324, -1.1115764607846645]], "targets": [[-1.5309319771615353, 0.9402374485927454], [28.23051263152476, -21.091121167338674], [-1.445748766722483, 0.12373274535802148], [0.6703941815007125, -0.38437398085994423], [1.6810371489559504, 1.7332991773224946]]}