{"step": 3915, "herders": [[3.712804411722561, 2.5816285310090197], [1.1119340152093424, -3.115190594956081]], "targets": [[1.1614109585725068, -1.3681034993170476], [24.07967712258233, -14.824784988915376], [1.9804591984208766, 2.1745341206297666], [-0.29466982432226674, -1.6142632901899734], [0.5931168435431591, -1.1439210084816889]]}