{"step": 722, "herders": [[3.4874043279115057, 5.959718214212699], [-6.2957042176238485, 0.04929750931886297]], "targets": [[-0.15894800150907043, 6.329796152076132], [22.284239852366753, -20.10147123738264], [3.6604142806908815, 0.7737457737855842], [5.823708304050878, 2.664211690469923], [-4.243014902335093, 0.6568904481284434]]}