{"step": 2343, "herders": [[0.2691081948260258, 0.8195861673934504], [-1.4732584678458298, 3.9094489174241778]], "targets": [[0.8615904105045544, 1.3881614864785532], [24.91423112518523, -22.281615854609722], [1.4076411758364547, -1.4307303859515763], [0.5078738076525333, 0.7428639362639681], [-1.249543420288482, -0.5079130012651385]]}