{"step": 3959, "herders": [[4.113993845434438, 1.6942799112023412], [2.9080859991904835, -0.735677139439068]], "targets": [[0.6730808742551271, -1.651814059506174], [25.31749917196305, -15.390570770482945], [2.3106849793476067, 1.4555778910204333], [-1.5846642891549927, -0.0011112322153412624], [0.11141314808060632, 1.1234074382253363]]}