{"step": 2416, "herders": [[4.638458964149078, -7.278521810413565], [1.1038719708999245, -3.0732032159062976]], "targets": [[1.206112614748413, 0.7213024174880793], [24.96671936628622, -21.25857330637609], [2.217582756242342, -3.4417371092141216], [3.0859177939256637, -6.676568117225507], [0.06164572587452477, 0.44687867028519634]]}