{"step": 2428, "herders": [[4.139845459057886, -7.776559083547091], [3.0094601255802074, -3.4810513995562733]], "targets": [[1.1173571809554326, 1.3003362496598807], [25.262887669675127, -19.597285084503504], [3.7871904677571084, -2.2652332527623478], [2.8103402334307845, -6.2808391558675325], [-0.37368183381055853, 0.31988501562263993]]}