{"step": 1781, "herders": [[3.3758484563591327, -2.734733252071094], [-1.0195216971728176, -3.3649013209129666]], "targets": [[-0.6166651707348589, -1.528130735614811], [20.728268748479785, -18.885030163056083], [0.7338533432075938, -2.4274106419433825], [2.8041840209041906, -0.9971649341129438], [-1.2400393156431562, -0.8371921853202442]]}