{"step": 2892, "herders": [[-5.278263701485038, 2.5924327971469747], [2.0505856943582588, 1.2324765679865437]], "targets": [[-3.388515933082194, 1.731275262965681], [26.552309810886296, -18.637925472610014], [0.8733527214273633, 1.3376319752754926], [0.6179215739086921, -0.4745295755852842], [-1.7185790601854323, -1.0022764338788923]]}