{"step": 2097, "herders": [[-4.49363097732472, 1.3299324826400583], [1.536342357679473, 0.7898327187884273]], "targets": [[0.5977083115864174, -0.1637880528830724], [24.31667794319399, -20.521455241279842], [-2.008934690946616, -0.6843077061435165], [-2.752618523628354, 1.46296419850625], [-0.758887137391991, -0.13002502505083]]}