{"step": 1374, "herders": [[3.834491798016786, 6.4540381763306485], [-1.9702778762777324, -2.243248077008601]], "targets": [[3.485625084559824, 7.214031548485344], [18.674172668258553, -18.275671601935993], [-1.6675702868764948, 1.5827757812475596], [-0.8666095194461859, -2.513451927604238], [0.07237827718992829, -1.5328213892380613]]}