{"step": 3585, "herders": [[2.2773053752573613, 1.5736359099437425], [-2.3688811615990693, 0.8022543327252263]], "targets": [[1.0884608075186872, 0.24872910823633043], [29.480098016316283, -16.250599062849933], [0.43411695189427013, 0.8659118350562313], [-1.478673627806976, -0.357656419434191], [0.7199744302829474, 0.1673561457589614]]}