{"step": 1357, "herders": [[2.439638780629468, 3.9952461062511153], [-1.7720477976858962, -4.936445276789135]], "targets": [[2.91749319364657, 4.778033460863913], [19.338905427949108, -18.935448028845634], [-1.394295949994785, 1.3785684473094917], [-0.8136647736856408, -2.613404296113497], [-1.0461133755633896, -3.1246101449319115]]}