{"step": 527, "herders": [[9.802224807384109, -0.8269161026128813], [3.759118049237001, 5.261862848562477]], "targets": [[4.018634268681287, 5.720288098295924], [23.080433027337207, -17.650993519715154], [7.525887960405633, 0.11979556970199473], [6.2241083214220225, 1.7981621247223254], [-5.565845607944328, 4.564884447307618]]}