{"step": 1830, "herders": [[3.0809536130334387, -0.16103729040250214], [-4.299867205052742, 0.49892652166459356]], "targets": [[-1.1187930499689984, -0.08904537073590564], [20.007356966882938, -18.469522126099392], [0.9081869405304328, -1.0220881106690405], [1.5082514864869931, 1.189087020886221], [-2.6976555278434393, 1.0396433592159586]]}