{"step": 1509, "herders": [[-2.115183682502318, 3.7434057937581233], [-3.9409402070399695, -1.075451008063839]], "targets": [[-2.337849818666072, 1.8773664605337552], [20.798485580419197, -19.261826994747217], [-2.360645609835879, 1.3709273373412227], [-0.38671769158215463, 0.7265047185145916], [-2.564269212635365, -0.7184966426030079]]}