{"step": 701, "herders": [[5.834439090855974, 5.431273344483388], [-6.5275025734063785, -1.4422617774970754]], "targets": [[0.4882638308125063, 6.301508210747013], [22.095616407336014, -18.977614824494445], [3.7028146102867625, 0.26096673731198156], [6.243292269264421, 3.501120022100331], [-5.193225645733432, -0.6120232959610011]]}