{"step": 738, "herders": [[2.690043332559982, 6.47486591927995], [-5.772914099029142, 0.31157381820487806]], "targets": [[0.24104224658181406, 6.943443265127039], [23.209630484718545, -19.8176392717354], [2.9733994226711657, 0.7039314683232566], [6.3023062475998275, 2.2750229950565055], [-3.7297880690667005, 0.8377071597067289]]}