{"step": 1441, "herders": [[0.7930254349902672, 5.808812645006223], [-0.6418899757240627, 5.687699018700107]], "targets": [[0.5551321078981768, 3.758060693156571], [19.195281473285082, -18.497844776285397], [-0.5169680032928288, 3.776671875745939], [0.19421405372254127, -1.8788545299251975], [-0.9606131290254428, -1.6030619820367444]]}