{"step": 1080, "herders": [[-0.8772142485641385, 4.51383258579791], [-3.039229647240323, -0.6862198918387471]], "targets": [[0.9199090331201043, -0.21819300239491457], [20.902409756258265, -17.79456291203724], [-1.279526858350843, 2.3476353075412186], [0.9263444151337602, 0.3458010133760011], [-3.0583054367470215, 0.08739549572204897]]}