{"step": 370, "herders": [[12.589986851870789, 1.037035166306108], [-3.5348067042749407, 8.721568124341562]], "targets": [[5.041117574406563, 3.734255820860513], [22.24035651424788, -18.412982300574093], [11.608827190840236, -1.0274039624087945], [8.225782049741554, 7.004655169261161], [-3.5994568977670234, 7.119739883169131]]}