{"step": 1833, "herders": [[3.0217401937381574, 0.18078308845918356], [-4.269483837361375, 0.6609455798619774]], "targets": [[-0.6437487860499388, -0.2360647038205973], [19.84611999710087, -18.330756543199715], [0.6655941264811842, -0.7898359427949829], [1.9278561455630068, 1.2700405112225959], [-2.236317846167824, 1.0472744208008533]]}