{"step": 16, "herders": [[17.841198842907318, 4.323812205680746], [-4.397028075020122, 15.29087734368887]], "targets": [[6.765591256497168, 1.1615963646721006], [18.457559578794143, -15.275976251406187], [15.9929755594955, -1.3772367905835667], [16.45183707824053, 3.463215691067683], [-5.894147282425498, 16.350275228579047]]}