{"step": 2983, "herders": [[0.45067735203637527, -3.5857482226740856], [-2.3248364346157295, -0.5408932576420258]], "targets": [[-1.864423692171445, -1.153070188133792], [29.11073489229401, -20.440493560631495], [0.056729427374388616, -0.09247706308500875], [1.3218798687982698, -2.1859809202606315], [-0.6406209813920982, -1.4418050443822208]]}