{"step": 2815, "herders": [[-0.76384378157586, 4.981722502355672], [-2.8798117642663486, -1.9526213708955635]], "targets": [[-1.5477217723724592, 5.080341962821202], [26.56753131974132, -17.36808435573481], [1.6401382287771842, 0.669013982419745], [-0.8083131152613253, 1.334166590657296], [-1.5888697214131433, -2.042946860865949]]}