{"step": 1525, "herders": [[-3.5537735082411155, 2.899609495403854], [-3.459092807915131, -1.3477428358299364]], "targets": [[-1.3316128994229453, 1.1380482129494005], [20.527023182862315, -19.010924024668274], [-2.841734650335194, 1.8246341852167092], [-0.4968158155913385, 0.29718746210549724], [-1.6865066197851422, -0.8204363619509103]]}