{"step": 2786, "herders": [[0.6926588276151214, 0.8563434315327854], [-4.272593804850006, -0.43898641966176843]], "targets": [[0.8467457429646552, 1.727735035088494], [25.267636990824816, -19.181954215083138], [0.759644727387062, -0.09089435148991504], [-1.007247075418858, 1.4562314806204526], [-2.053885311754165, -1.010159867255731]]}