{"step": 2681, "herders": [[-1.89981212671623, -0.2778296162220121], [1.958550088451908, -1.0474529296111208]], "targets": [[-1.7798623324012512, -1.423450838335868], [23.687534748398214, -18.778213564374234], [-0.578237441528745, -1.0997737149407152], [0.341626319632556, -0.16486892124591418], [0.012770414284258513, -0.5580928203734188]]}