{"step": 744, "herders": [[3.959698222963385, 5.723767297265014], [-5.5813348175856135, 0.8496957165415588]], "targets": [[-0.4273284518141807, 7.013611899879516], [23.31273833030637, -20.174784441909413], [3.116278052725337, 0.6728135892070556], [7.150100268623448, 2.5853948945279224], [-4.183017781381737, 1.2428099725954782]]}