{"step": 2242, "herders": [[-1.0267009264756437, -4.49378878019616], [3.4674578807671366, -0.15103253628780428]], "targets": [[1.446975270932712, 0.6550927544187036], [24.167689886858092, -20.944789101507848], [0.4761667896265107, -2.9478297099045383], [-0.8765436933941156, 0.8508832754653234], [0.21628636382046434, -2.541482047132293]]}