{"step": 1803, "herders": [[3.469798721278202, -1.8862369047392638], [-1.9507799938738672, -2.2912338254153575]], "targets": [[-1.647714592269245, -0.056364282046491326], [20.677711615487286, -18.789813510741215], [1.882337827136226, -1.7087180805127533], [1.8170442316832311, 0.3957730282840324], [-2.861772910047994, -0.3949840024498966]]}