{"step": 1796, "herders": [[3.922359142442812, -1.0364653159434147], [-0.6334205342907949, -3.1020880047311534]], "targets": [[-1.5572793951067718, -0.7058556423582375], [20.603353610741802, -19.073760481178816], [1.7814605749545824, -2.041729940263509], [1.862492580598932, 0.22903939972736437], [-2.6932241397636387, -0.8901861627264998]]}