{"step": 54, "herders": [[17.03744688527237, 2.8993326287770214], [-7.389795051507625, 16.84789124447701]], "targets": [[5.917517898168837, 0.9398067553818554], [19.02873344900983, -14.154037670164612], [14.374330699790352, 0.620648360449606], [15.343550068118805, 2.134974106712508], [-7.188313247565335, 15.259669675073503]]}