{"step": 863, "herders": [[5.3772415813307175, 0.7746628753467253], [2.2129217125573057, 1.538872785926916]], "targets": [[4.37549119051187, -0.2184184614988868], [23.287202836142793, -20.25247708696709], [1.7636050400604593, -1.1502019903672251], [3.1590147952777965, 0.3315304613879161], [-3.17189122831574, -0.32953145916413284]]}