{"step": 1569, "herders": [[-3.6130807403468106, 1.5847212764275214], [-1.3805909099210139, -3.8737585549929907]], "targets": [[-1.3614529251676475, -0.6274475824293364], [19.78710117816601, -17.364729901107232], [-1.7173173207566554, 0.9410853815409868], [0.09929811275029873, 1.3286505136186861], [0.2028261008215102, -2.9454658316273763]]}