{"step": 1386, "herders": [[3.437817981327469, 7.763295401006121], [-2.328884065979132, -0.14082178206572338]], "targets": [[1.8852252760420247, 6.554909886452267], [18.62004141079474, -18.146093292353797], [-1.7521754995916008, 1.7107234551471169], [0.6820366045121402, -2.260736238586347], [0.8835003148511106, -1.7070734081257595]]}