{"step": 2129, "herders": [[-4.376271203273838, -0.6372265088958959], [-2.923516411042704, -1.244473455116454]], "targets": [[0.6345537686523415, -1.5103570227490277], [24.226067664674023, -20.887627834868503], [-3.2726737306807197, -1.871668844516817], [-2.133443568423534, 0.6659083590423585], [-3.2998759831276017, -0.28844285172377576]]}