{"step": 2294, "herders": [[-2.2179409012966205, -2.336737565767743], [-1.0439822317624843, 4.228587419487831]], "targets": [[-0.8409932412743885, 2.626458296723944], [23.21223221898862, -20.578039518490293], [0.40871685424491144, -0.6125104030712785], [-0.6485304263912292, 0.9038506811998177], [-1.5785134697025565, -1.2453655828624102]]}