{"step": 3890, "herders": [[4.924647485421149, 1.0380427230361484], [0.6392543776538295, -3.7313573670068036]], "targets": [[0.9788731989593757, -2.100915932676238], [23.42776199170276, -14.208766845348833], [3.1414655663036744, 1.596235577137536], [-0.0304416236600068, -1.7917867093134452], [0.3738504566752628, -1.4108507963666521]]}