{"step": 3871, "herders": [[4.180813774172045, -1.1490935085255023], [-1.3396052824617297, -3.689286128790061]], "targets": [[0.6494466849277256, -1.5593031889821385], [22.525313398645757, -13.704539103684889], [4.4992764011112705, -0.07555402573543527], [0.16103823102812045, -1.9905367709471513], [-0.029511457511888023, -3.0101155446820425]]}