{"step": 2464, "herders": [[2.7530702774482103, -5.3592972203072815], [4.214048322327403, -3.391206558105562]], "targets": [[0.49953569733844055, 1.3385679983163383], [25.61252126775773, -20.38877358916776], [2.3275487475451127, -1.0592089921180234], [3.2894685860866497, -4.0156782149549795], [-0.8121899998943497, -1.3057341534362976]]}