{"step": 3611, "herders": [[0.4954773379209828, 2.303924992555231], [-0.04904652207025273, -1.546563334355041]], "targets": [[1.1133325270135286, -0.9992848308793942], [29.456744542044838, -16.802392540397374], [-0.2574852465252336, 1.0524821273246936], [0.0032783261687629878, 0.21513319122684346], [0.8169585665546818, 0.14246401249245438]]}