{"step": 930, "herders": [[3.9772823094299636, -3.9752713622335922], [-5.886592207952933, -2.2689956710866963]], "targets": [[2.221084846354105, -3.184391243431634], [22.264029466820833, -18.800540555113596], [2.7485302334899697, 0.6769178932105431], [0.6311073180775992, -1.554546529756661], [-3.9343327771614676, -2.3395744533481464]]}