{"step": 2331, "herders": [[-1.6080036028154643, 2.4303386081756027], [-1.4732584678458298, 3.9094489174241778]], "targets": [[-0.22172430476797153, 1.8270047611955582], [24.517192947926958, -21.81662604222872], [1.3630400882511793, -0.9310583594952397], [0.21880278472606154, 1.4881656192164427], [-0.6979353384749738, 0.017198018467388276]]}