{"step": 2398, "herders": [[5.087185067118886, -4.995206332475153], [-2.7666235523289546, 0.009512077688526244]], "targets": [[-0.12038840808335971, 0.21176628369620396], [25.692562934347034, -22.128859254260924], [1.146246111067633, -2.4616673639132434], [4.437709759177672, -6.075404458615909], [-0.6659077860846768, -0.2626461877304021]]}