{"step": 3008, "herders": [[1.8524643971324228, -3.5280017580721528], [-2.637678844305348, -2.587439876101285]], "targets": [[-0.7298458533055237, -1.8793288651905153], [30.082932543084656, -20.504057738582304], [-0.45243319083059597, -2.151830286871985], [2.0147814026238944, -1.0649128652914153], [0.5012769991741564, -2.810667145549558]]}