{"step": 174, "herders": [[13.677971826610253, 3.9710602251444937], [-6.205267478479289, 13.930362198349561]], "targets": [[4.874225401518339, 2.765346146492135], [21.53982707324546, -16.734874479666335], [11.961974187154812, 1.076069885613416], [12.089297444190846, 4.344595278095649], [-5.571498437957114, 12.123436383042142]]}