{"step": 2779, "herders": [[-0.42311562833880595, -0.26968713589204557], [-4.670941612532476, -0.3469596872195362]], "targets": [[0.7822325950081328, 0.789577765151634], [25.431459551925677, -19.30664964689047], [1.2127720968350257, 0.22902207915752218], [0.17105381042697043, 0.8673995296948369], [-2.5864878096582147, -0.35681965482319267]]}