{"step": 178, "herders": [[13.609962114385429, 4.187215500771551], [-6.221688398046077, 13.838961404145028]], "targets": [[5.302518543791026, 3.028291332249559], [21.72627867001283, -16.67321519350795], [12.09873894355763, 1.0333361707816173], [11.729659260781414, 4.519547652375034], [-5.438836443167192, 12.489312576089402]]}