{"step": 3380, "herders": [[-2.6431269964659023, 4.1468851056971365], [4.910394853439354, -4.784931581050657]], "targets": [[3.2495121846913344, -3.007884049683777], [32.14124607963129, -17.56808725218002], [0.1034126730555062, 0.48228793130445147], [-1.5121505283663512, 2.967349080215904], [-1.3164051683776585, 2.0614891938618762]]}