{"step": 3333, "herders": [[-4.515431353513568, 4.238850952584283], [1.6825914418133074, -3.7431805704740646]], "targets": [[1.8739094211474647, -4.280417615421884], [31.23246622676835, -18.389780857679906], [1.9012863150190609, -0.37937257254080675], [-0.5286669234543857, 2.1410071273245115], [-3.4600708083753524, 2.683789149881948]]}