{"step": 828, "herders": [[6.798380795612814, 1.409034905547117], [3.369741357454703, 4.689094223952998]], "targets": [[3.878092581785156, 3.530059433078217], [23.12181687079102, -19.569146897191857], [3.712482090353523, -1.3493079252402156], [4.51380061190763, 1.493551324230889], [-3.357107124581408, -0.6436742298411626]]}