{"step": 390, "herders": [[11.759725901792576, 2.0844242889680453], [-4.025951762142086, 7.860071162749954]], "targets": [[5.6721507656922805, 3.218182567146318], [21.865435803486896, -19.076870297105927], [11.09666705576926, -0.5143346208179472], [8.202317533128308, 7.570716019049527], [-3.2431336386248826, 6.380978722646952]]}