{"step": 2988, "herders": [[1.1633192727791066, -3.603647202462837], [-2.7780074621804007, -1.184703260828373]], "targets": [[-2.372209415780362, -1.6567417296822564], [29.260235198213486, -20.678574312445548], [0.15453415853923158, -0.13607499941243706], [1.4328503374911687, -2.3795279278063535], [-0.6478129325876871, -1.3720279344503574]]}