{"step": 1426, "herders": [[1.3863293123543632, 7.194177768780662], [-1.6159973646656094, 5.015983284820185]], "targets": [[0.2719550353637783, 5.338103341518351], [19.09990510968883, -18.561447960417286], [-0.93710942392647, 4.189848029792589], [0.17955371699173495, -0.03433702913337014], [-1.1491570248985479, -2.2940457340664637]]}