{"step": 462, "herders": [[11.487190015846755, -1.193783292419708], [6.880542737235881, 5.374097543856074]], "targets": [[3.2989311625926976, 3.6386753007240795], [23.85480080287523, -18.77243737975849], [9.115792498892617, -0.8039067529455721], [7.736272985936105, 4.327585327386284], [-4.4376656974614175, 4.2108143580873705]]}