{"step": 3565, "herders": [[2.9434987966019164, 1.7887205158638648], [-0.778794200061332, 3.0528266555802768]], "targets": [[1.1697600750441928, 0.8463493334454334], [31.024607716952627, -16.868078466753513], [0.8057293555961013, 0.5658239883760792], [-1.2352440683079802, 0.9793487995414452], [1.1249288373919988, 1.0446098645612711]]}