{"step": 3500, "herders": [[2.539443654588017, -2.1903104811877068], [2.0212463674445185, 3.919376490395411]], "targets": [[2.5126043917308403, 0.7332606129792416], [30.600292942591363, -16.831967184648526], [2.4106184713327203, -0.4996715189687086], [1.044752938004535, 3.251241805974718], [1.177017996273144, 1.5391800983197637]]}