{"step": 3324, "herders": [[-4.495933105415448, 4.637572451987031], [0.9336868269725859, -2.508122618759985]], "targets": [[1.7303206845734418, -3.3358006775131903], [31.2636715856254, -18.171220836500233], [1.8192527670056127, -0.41541668058565523], [-0.4899096083958276, 2.44226980694353], [-3.7478939598778287, 3.199519779599065]]}