{"step": 3014, "herders": [[1.4352816565677904, -3.784989087623861], [-1.8590456510253888, -3.067936945122733]], "targets": [[-0.6729860474561482, -2.384986640315998], [29.678227120209332, -20.71414301699504], [-0.2614376448290965, -2.030268985483847], [1.6371574783332388, -1.4187411623060373], [0.4426563814001685, -2.847822075052497]]}