{"step": 3279, "herders": [[0.5012033853305863, 4.372296428614971], [1.0756013023182616, 4.601662287600087]], "targets": [[0.2257531737104415, -1.1975023219385097], [30.39823466622017, -18.560242345505667], [-0.9878178425504964, -1.1473085846677156], [-0.9319133950448784, 2.072897790544859], [-0.1128597789941107, 4.601054631242422]]}