{"step": 308, "herders": [[14.649682297163295, -0.675971640436375], [-2.5857037297776735, 11.248304242876854]], "targets": [[7.338112652055504, 4.793402085147804], [21.758642471500114, -17.83055312067514], [12.456982507730432, -1.0616811501659331], [11.056361407940633, 6.3042727024601986], [-1.6441519383792982, 9.93527253796251]]}