{"step": 2658, "herders": [[1.3157265924002426, 2.45805473906399], [2.54066005253531, -0.41005944878547834]], "targets": [[-0.5708412713722045, 0.3671109072507211], [22.740064926841708, -18.949329418650766], [0.006776281356767305, 0.7441014057926916], [-0.208012025064932, -0.08283320112113604], [1.5533691890667483, 0.5268129665065077]]}