{"step": 2185, "herders": [[-2.332223294773198, 2.4344342316862546], [-0.35042937266425633, -5.013196877115481]], "targets": [[1.166712036296734, -3.36768022137388], [25.280226998026176, -20.724535839606006], [-1.4226780723044508, -2.602763463350688], [-1.3274510798011043, 0.8851001142874777], [-1.0179639006791223, -0.5857757180548853]]}