{"step": 1507, "herders": [[-1.8735468700442754, 3.846502941366914], [-3.941178950236564, -1.0731506720462083]], "targets": [[-2.3732003532169794, 2.1516647660982935], [20.872014272533, -19.161263263210955], [-2.0434871606039944, 1.4230141437031787], [-0.2773534777182297, 0.7710306465368235], [-2.493758789829529, -0.6890117963337371]]}