{"step": 1728, "herders": [[-0.6518974032171364, -3.4941606505897482], [-2.3135150243997957, 1.100925336659504]], "targets": [[-1.2186724675230114, -0.8815762169547823], [20.211747182817373, -18.478118308342644], [-0.28775997007269427, -4.381094890764455], [1.8276373113103725, -0.9758632508145753], [-0.677972418557539, -0.6588696118773459]]}