{"step": 1944, "herders": [[-5.610250680381149, 1.1193141462358056], [4.306306087055776, -0.059833458713848764]], "targets": [[2.7575045527082596, 0.928083833354858], [23.171005212939512, -19.712781201568134], [0.7186779414547679, -1.3756849441873393], [-3.132146945754378, 1.4259826850215551], [-1.7519714789209657, 2.972727741762173]]}