{"step": 1267, "herders": [[-5.506034834805342, 1.2931609139641196], [3.311822299090168, -1.88869268797793]], "targets": [[3.349341198041842, 0.17747818517613428], [20.415747051194426, -18.998970863825015], [0.6587736153708216, 3.127659396106029], [-4.926342278524973, 0.40256161618107056], [-0.7190666111395374, -2.5685371409653825]]}