{"step": 561, "herders": [[7.154199411326695, 5.253753472036145], [-6.31225957916317, 5.741897914123508]], "targets": [[5.407697762518366, 6.387726953587332], [23.653001777225718, -18.005096176808866], [7.038974781334626, 0.100147874843032], [4.597748452585417, 2.118371219374291], [-7.739711846479528, 4.400334745771738]]}