{"step": 1602, "herders": [[-1.9824263971049312, 0.7894180429568458], [-1.0961377099871936, -3.2006288633339564]], "targets": [[-1.6933449773732179, -2.0137379908427433], [20.54430109583676, -16.330217586594074], [-0.3860073789798154, 0.544165784311527], [-0.4509314993245452, 1.3847031112186632], [0.10907446073906457, -0.9044542043860064]]}