{"step": 1794, "herders": [[3.97853564325668, -1.2599300314332673], [-0.0777600341727791, -3.2885460463025336]], "targets": [[-1.1450352990850812, -0.5922299129768807], [20.272254370830357, -18.978107515051086], [1.5371288629039368, -1.8990022703082745], [2.1070664855684034, 0.1343711514222919], [-2.462761204598396, -1.3319253889149523]]}