{"step": 2761, "herders": [[-1.6407712196591322, -2.0954672667731984], [-5.655635591789327, 0.3028269239001934]], "targets": [[0.19528616963333167, -1.0803157644530823], [25.096357201222066, -18.583731542646763], [-0.1709785039115558, -0.8200851903251376], [-1.2386504388141508, -0.1288323019444591], [-4.1978923341618986, -0.5640401167340946]]}