{"step": 3023, "herders": [[1.0355731447156316, -3.9350006426272075], [-1.1579556964531064, -3.3166243250640575]], "targets": [[0.026576277430501342, -1.5499978896084654], [30.127343214094598, -20.699757992673042], [-0.00765363749873392, -1.6756248772627005], [1.3760639681299154, -1.2441403380196199], [0.5859914686790941, -2.369386148468412]]}