{"step": 177, "herders": [[13.651412458061904, 4.103185258660855], [-6.204157356965286, 13.863767484438966]], "targets": [[5.055583111793655, 2.773865086504235], [21.594381978448546, -16.69543886024365], [11.659013631433709, 0.9222351908534729], [11.958699593850369, 4.169549333803618], [-5.692550629436225, 12.336405191173126]]}