{"step": 974, "herders": [[5.098887356276022, 1.8965500332121348], [-3.926594306228801, -1.9106951617922454]], "targets": [[2.8774882360405405, -2.8819557871275654], [22.129813101448566, -18.56306353316426], [3.8547430531145603, 3.2703494995381357], [0.4356700684742596, -0.23806859042530182], [-1.6025749442386135, -0.7663001213619258]]}