{"step": 2346, "herders": [[0.7393663470045362, 0.6861988634988176], [-1.4732584678458298, 3.9094489174241778]], "targets": [[0.7241377665822447, 1.8055331698889756], [24.625764703637508, -22.3871723854969], [0.8384939521803112, -1.0164879973105232], [1.0788715879977062, 1.0913052290755745], [-1.7084709202881547, -0.6032679164534729]]}