{"step": 3949, "herders": [[4.24297553561467, 1.3958077597635896], [2.7215157166031423, -0.8898449374937347]], "targets": [[1.0573365093728726, -0.601107104835568], [25.87259178140101, -15.991697309020637], [2.7260031340357154, 0.6280779449010716], [-1.4178808498635842, -0.708001465001622], [-0.36890243428130415, 1.073751901991306]]}