{"step": 2758, "herders": [[-1.5234173851643928, -2.268443699599712], [-5.608048950150239, 0.40677843303766253]], "targets": [[0.14453610913354728, -0.9929695530182832], [25.470117098763343, -18.68489662407885], [-0.3620613069864306, -0.466527404574818], [-0.9554385218800795, -0.4621304858269797], [-4.427040326837396, -0.21385590733341295]]}