{"step": 3974, "herders": [[3.500406246372115, 1.9566794678477142], [1.0066563516366072, -2.454649312813909]], "targets": [[-0.3995054927495394, -1.8863591518634153], [25.918234352677253, -14.260345861002092], [1.467939756389419, 1.4697494576094752], [-0.5688350314789294, -0.857112933348216], [0.4658447628728789, 0.8802373303223803]]}