{"step": 1086, "herders": [[-1.3331811714435031, 4.178840072565798], [-3.535300133178186, -0.13898214791990304]], "targets": [[1.3363303495204983, -0.10188325153449843], [20.62110112043255, -17.6305568726664], [-1.3114702426902036, 2.333324836046887], [1.3820119782406568, 1.2102971964775189], [-2.409995731452928, 1.2605182710688352]]}