{"step": 2474, "herders": [[1.264926775416285, -4.407615720925155], [3.9979354141189885, -3.5490181976621495]], "targets": [[0.20764836894145014, 2.6257847011404833], [25.686684581358175, -20.41634521780724], [2.1737638681675193, -1.5022934584007157], [3.004979467928291, -3.8348571978365524], [-1.1639486847729579, -1.082660394224757]]}