{"step": 1867, "herders": [[-0.12529224675546058, 4.196296862673809], [-0.0025703621431018286, -2.88665301056763]], "targets": [[1.680330665354202, -1.5240441260335937], [22.31188483926864, -18.88564773208472], [0.7796591575961453, -3.5611142383370193], [-1.3630894402815088, 3.197632504104221], [-1.0147684575385052, 0.7118090944815798]]}