{"step": 2755, "herders": [[-1.5365218353380639, -2.490162277126196], [-5.390581551427843, 0.6884335998085679]], "targets": [[-0.13782301316293247, -1.2126362064902254], [25.061620641274626, -18.87747054548587], [-0.12524163847417508, -0.9569337985545556], [-1.1206848843809138, -0.3778483391111722], [-4.733987662793573, -0.2953734324544522]]}