{"step": 3352, "herders": [[-4.0361335282553, 3.970439679784841], [3.4723317740504522, -5.94886598524273]], "targets": [[3.922158589222735, -4.659674267773432], [30.940640435990336, -17.72974249423537], [1.1766824054271963, -0.24498886734977326], [-1.691486169423249, 2.1786410336931383], [-2.2262189576775047, 2.8168989059944116]]}