{"step": 3123, "herders": [[1.2633563001669443, 2.320811733888269], [-2.068459697260283, -0.6041584185639117]], "targets": [[-0.04157897291665951, -0.31439867107647473], [28.181133290534724, -20.932871715400136], [-0.8288486119570264, -1.1340188306019758], [1.0428865404306298, -0.20969452131092015], [0.1495954185316148, 0.6127496268538903]]}