{"step": 647, "herders": [[2.429204034884176, 9.283239131955263], [-8.306228908227158, -0.5511962135439861]], "targets": [[1.8095650852327212, 7.905952652873071], [22.397509500385965, -19.313957524089762], [4.7816168425094965, 2.2870020260808683], [4.017752258391031, 3.1139948394463013], [-5.932316692285631, -0.8014961888265253]]}