{"step": 2975, "herders": [[-0.22996166868450169, -3.146544060900642], [-1.5728703666260428, 0.2711138440568141]], "targets": [[-1.3225047773985712, -0.4184978579471363], [28.14450577917309, -20.25617697287187], [-0.12077951380775123, -0.13602925747782338], [0.6951426816857924, -3.0005644273422387], [-0.4787298846109123, -0.6090531861289797]]}