{"step": 3392, "herders": [[-2.0029434587782537, 4.333269042867521], [4.3297749655554725, -4.225507792904824]], "targets": [[2.435499412575052, -2.367272438959118], [32.08796932292392, -17.516694230477366], [0.38035657532697814, 1.0786385691318556], [-0.5033436891398617, 3.005296872069824], [-0.4789485616490091, 2.0981533458610526]]}