{"step": 951, "herders": [[4.109412372121543, -1.3382509160793423], [-4.972290006289116, -2.7661731532055125]], "targets": [[1.6286255441710862, -2.931932353896668], [22.0557658639426, -18.756277895883287], [3.4028516118852647, 1.2131338448222657], [1.2583572852359448, -0.8504840229942063], [-2.7441463300049183, -1.508404483611828]]}