{"step": 3519, "herders": [[3.182814514032656, 0.9929811258323251], [0.879923655185257, 4.045207874757602]], "targets": [[2.4728717931797384, 1.743296002995038], [30.35660565188078, -16.531802125816146], [1.349958920032399, 1.477590872146151], [0.24282782421278676, 2.4325557835807077], [1.495178631986021, 1.6223452479278377]]}