{"step": 2745, "herders": [[-0.8765794583469806, -3.0881719003962056], [-4.72673026439656, 1.4451033116305667]], "targets": [[-0.5617612560061631, -1.4214735082510805], [25.04093021509918, -18.303331524646993], [-0.05925734613537653, -1.691841159343478], [-1.3754586301443277, -1.3850924443924348], [-4.393563745062172, 0.3622749139556334]]}