{"step": 3816, "herders": [[-1.0148373249388656, 3.109031807201257], [-4.007834300411079, 1.4428817547948716]], "targets": [[-1.2316589177048685, -0.3438749652827924], [24.551906026372617, -14.746347318365473], [0.0969250896063613, 0.3528773223982438], [-0.7068820784833542, 0.8922192248916735], [-2.515428175783755, 0.39199577366855065]]}