{"step": 981, "herders": [[5.033454912093388, 2.866092606479624], [-3.554343404388188, -1.7591147399221683]], "targets": [[3.0432793164863092, -3.132158315854575], [22.598000701544883, -18.661512407858314], [3.357807852731224, 3.4292812923008724], [0.6388268877423654, -0.27745619950597217], [-1.6075024399264972, -1.1522510593451891]]}