{"step": 3886, "herders": [[5.012113245399027, 0.6275002876192532], [0.49716168852725284, -3.8548605464747165]], "targets": [[0.8628288604981831, -1.7660935750845215], [23.167768769364567, -14.495396997021674], [3.3858093991154656, 1.5230507943316212], [0.12990763370791547, -1.7603063258846778], [0.4924353370481338, -2.049910246495089]]}