{"step": 990, "herders": [[4.668459919184367, 4.192990623067386], [-0.5421729117133962, -2.8510403075519437]], "targets": [[3.150485870390862, -3.949857468284266], [23.11363800057992, -18.794781899254602], [3.440807943700009, 4.808402644241438], [0.6834965675162656, -0.2612885640591499], [-1.6878831348549728, -1.0591487146525682]]}