{"step": 2571, "herders": [[-0.6208903717513362, -3.9128490788702663], [2.5665740446907663, -1.667470104124954]], "targets": [[-0.9345177601882292, 1.1453334657429965], [24.192059229599213, -19.717283152084452], [-1.7357205208517001, -0.5383441599429111], [-0.586904606672942, -2.2783930493099493], [1.012827631264019, -2.3516619971057984]]}