{"step": 1197, "herders": [[-1.8395380551516127, -0.9298362569842566], [4.225793667649569, -2.4856774126853236]], "targets": [[-0.11362965925725563, -1.2641451321647583], [19.981766353995738, -20.1013003484821], [-1.3452327138531261, 0.6470293873981704], [-0.9600899796494029, -0.6275103330159384], [2.0829158773334737, -2.1702245432962024]]}