{"step": 3302, "herders": [[-2.6904542322760543, 5.589533099772042], [-0.7500974401196365, 1.2662181912262946]], "targets": [[0.8858005134408232, -2.7548699235592333], [30.771965628818627, -17.99017457016247], [-0.06060953548936947, -0.25842034214817383], [-1.6913439822087597, 1.571892079104981], [-3.5098694969174073, 4.282588267485766]]}