{"step": 1202, "herders": [[-1.428219455881214, -1.200032720840482], [3.691828451790968, -2.959954418482669]], "targets": [[-0.40256861991588877, -1.105346094648957], [19.159688242576774, -19.415003852138923], [-0.6810551502852988, 0.1128044565609547], [-0.45725577853660015, -0.2910428267226077], [1.6762441395379553, -2.7989096931035924]]}