{"step": 1907, "herders": [[-5.786773007303234, 2.9699191883184572], [4.009532273750862, -1.8882427175917431]], "targets": [[2.6484928565299377, -0.8060371486586121], [23.907711378644706, -19.763026722376775], [2.2283519584808182, -2.1017856381643663], [-5.093976584894579, 1.2341969802790993], [-1.3532907884192806, 1.8487448087396032]]}