{"step": 2152, "herders": [[-3.6336215656907065, 0.9810301312798878], [-3.604817356039608, -4.490213103427302]], "targets": [[0.674896992610838, -3.244588461543275], [24.114056484293794, -20.10433251899111], [-2.5638317579585626, -3.996245505764307], [-1.314683601117182, 1.7426557826893292], [-2.4936361130252678, -0.09048511781036117]]}