{"step": 964, "herders": [[4.570208673909006, 0.25869957712951425], [-4.56825307804213, -2.1499408841030347]], "targets": [[2.1389917288642355, -3.1715587552045754], [22.045311744257152, -18.755057067530224], [4.319630430979698, 1.461512774640648], [1.8438039157771706, -1.1180940216418422], [-2.4026824552093187, -0.9307754666562175]]}