{"step": 2851, "herders": [[-4.617611293114923, 4.986731656576522], [-0.34185762627807176, -3.9516230967352164]], "targets": [[-4.034938715017445, 3.0868738317180395], [26.988195127071346, -17.881602266607622], [1.8265898439836143, 1.499606695955344], [-0.5850444386930548, 0.3321564105374496], [1.0922216804106792, -2.9182926222479244]]}