{"step": 3836, "herders": [[-1.2695563916183326, 1.1806920312191163], [-3.5753142444817416, -0.2522426320556118]], "targets": [[-0.40128092883818944, 0.30826384359352743], [22.981171055777693, -14.7355064424281], [0.8237618588890765, -0.1518452000440325], [-0.16095030340729022, 0.4398212718340624], [-2.0546567038853274, -1.1415270114188738]]}