{"step": 675, "herders": [[1.4936175765715016, 8.829408054547509], [-7.114946277600255, -1.3897508475279738]], "targets": [[0.8772442674296359, 6.8023684510092055], [21.67873160701886, -19.29726065082457], [4.072081067960939, 1.9767731713041432], [5.110683587159217, 3.927908900789234], [-4.7391505695791, -1.9214686677799684]]}