{"step": 2026, "herders": [[-6.4821008108415095, -0.07371556683902215], [-1.7733055816225212, 2.0658448847011783]], "targets": [[1.1001482391981472, -0.4079324605220352], [24.789649897731156, -20.401969967592038], [-2.7554558632149813, -0.8538923440822673], [-4.0646728756508494, -0.7495315228657902], [-1.4405447797515385, 2.9840996510357876]]}