{"step": 3151, "herders": [[0.37444686840575603, -0.8654252944326546], [1.3509229267682374, -2.7907156051277457]], "targets": [[-0.3093484666418808, -0.1512161729803275], [29.029336080199425, -20.36212308240425], [1.6965285218173214, -1.414950724490399], [-1.2893017655199124, -1.1821351213519293], [-0.6995934074186431, -0.6990469086552985]]}