{"step": 2978, "herders": [[0.06119606491060536, -3.5352831448027238], [-1.938254291670564, -0.10812080190708845]], "targets": [[-1.9012345218053268, -1.049333954559825], [28.330795197631037, -20.730572929668654], [0.11122920817782539, 0.00493849097425568], [0.6966646934150623, -2.458978292546487], [-0.1616491650543323, -0.9521309076088607]]}