{"step": 59, "herders": [[17.015122462898447, 2.7618192090243343], [-7.492701273741368, 16.751130108940544]], "targets": [[5.730751954586926, 0.6898425659037916], [19.597410172090257, -14.583049969147151], [13.970356512105987, 0.48282705252875946], [15.527029452749867, 2.3914140156050605], [-6.972805937993832, 14.648717142273034]]}