{"step": 933, "herders": [[3.8425708049770324, -4.041183775021952], [-5.787143654298066, -2.394583220103024]], "targets": [[1.892663219701986, -3.0601178831611264], [22.375334991781713, -18.525153839159547], [2.8730267715900273, 0.7093411816267915], [0.7342829049301363, -1.6250855646965443], [-3.984851102394641, -2.4719132390309007]]}