{"step": 3462, "herders": [[-1.7182081077341733, 2.7786832289444376], [3.263195624068984, 1.7173766294409283]], "targets": [[1.6483370326542126, -0.1803264723811977], [31.433190816417845, -16.953080321932497], [-0.12825839985004522, -1.9087107157235987], [1.446549111660611, 1.6971479111636223], [-0.6036449291207739, 1.4086122476287037]]}