{"step": 96, "herders": [[15.790035354325271, 0.8096275762084635], [-6.89848813157769, 15.685188514320549]], "targets": [[5.315078436223414, 1.4306514993890564], [18.960296890916943, -16.396191310891826], [14.1583807193791, 0.3309490465952979], [14.11208599802207, 1.1819081495697572], [-5.723536776795462, 14.191604573158067]]}