{"step": 1222, "herders": [[0.4036008282326433, -1.6646186900233493], [2.368299180905904, -3.5209018409354007]], "targets": [[1.4438041438856197, -0.7136873871452207], [18.8432886235674, -19.967106497138293], [1.3074419885710216, 2.01727477257418], [-1.7762252584018186, 0.452652047143987], [0.49204896189623065, -2.055063273866997]]}