{"step": 3354, "herders": [[-3.904157066189243, 3.9739354965700353], [3.6846979131104876, -5.927624598619443]], "targets": [[4.016194193862031, -4.637684201859559], [30.940497940257178, -17.80570772787063], [1.0516542002064504, -0.3240665713766791], [-1.711910575519978, 2.0826926136189625], [-2.123197738845107, 3.009744857230925]]}