{"step": 806, "herders": [[7.919914920368084, 0.9074670254816244], [-0.4960216069738008, 4.03516831035673]], "targets": [[1.8692391020551693, 3.61486821642703], [22.78948832696666, -20.171988099005286], [2.9224344836166356, -1.586773669981762], [6.236621041638963, 0.3419085212922879], [-4.009189231068505, 0.020513280734852896]]}