{"step": 2704, "herders": [[-1.0602423308343376, -3.5385122137560328], [1.238366792136733, 0.060272159713797735]], "targets": [[-1.0631563546135492, -1.1417649676468584], [24.352964491857964, -19.068201866732526], [0.029363200580044907, -2.9803331122726626], [0.46906422754298327, 0.3800298149248186], [-0.15423106006292492, 1.1887714853737459]]}