{"step": 470, "herders": [[11.049663334152271, -1.189968103125238], [7.974411086798906, 5.029601052958206]], "targets": [[3.4184975839412006, 3.4893401942558926], [23.459673765330837, -18.740254704264242], [9.148405614421588, -1.1636288952883618], [7.7869198894929745, 3.4099604539937665], [-4.869860213383159, 4.672584886591511]]}