{"step": 1334, "herders": [[-2.009657284338563, -0.6508840008766982], [-0.45535253128570957, -5.656490492274554]], "targets": [[2.43786703190904, 2.330100338792101], [20.167417386574606, -17.325317631091348], [-0.6279237521321934, 1.3367761763717554], [-1.6045631135495133, -0.8934924432990501], [-0.9361394427121981, -4.2533373202708775]]}