{"step": 3778, "herders": [[3.003535964636268, 1.3065651656160084], [-2.655269236354017, 3.1124074536364708]], "targets": [[-1.2782705220734212, 1.6921480069781532], [25.249309517968378, -16.417983200063027], [0.9324756181316223, 0.4674780491448518], [1.3023264254049693, 2.002746990179477], [-3.1650621456973576, 1.579014665104144]]}