{"step": 1570, "herders": [[-3.526031430821395, 1.5963041054510443], [-1.1276213605560037, -3.958983087968113]], "targets": [[-1.6331831126231149, -0.7992593325376032], [19.733462982721655, -17.31657986143331], [-1.4666924669458148, 0.8242801968274096], [-0.02213331840231135, 1.5188717456878342], [0.3503599952464763, -2.6892360581016126]]}