{"step": 549, "herders": [[8.51688272836117, 1.3302790736897692], [-3.338736656110558, 6.227742471030557]], "targets": [[5.385844285161621, 6.694439600434139], [23.69030179671156, -17.649690687674113], [6.575110421334496, 0.056319578136928505], [5.133824782156026, 2.419573053533258], [-6.645618506544775, 5.247627151978292]]}