{"step": 1762, "herders": [[1.7698304250269254, -4.710455544135035], [-1.9519880633373057, -3.0447857315707383]], "targets": [[-1.0408396388992065, -1.9357775449152204], [20.190361968900223, -18.768497376463], [1.1890400151905984, -2.8030471724907167], [2.6918476562891254, -1.4766143448277684], [-0.6751028867278072, -0.6266151731111833]]}