{"step": 3328, "herders": [[-4.570928807585877, 4.443091334423728], [1.3070276725819974, -3.162124962382196]], "targets": [[1.868531385136923, -3.832813361573564], [31.539741088690942, -18.1461674499678], [1.9600292267838593, -0.08089978154097438], [-0.09626662664506863, 1.9363632399652249], [-3.2212978599889635, 2.7483812654897593]]}