{"step": 966, "herders": [[4.745753260591576, 0.5112328534043495], [-4.453224579685433, -2.0483432691433694]], "targets": [[2.3336370117488068, -2.6460216056101347], [22.061653644227086, -18.773428518357473], [4.328970324455908, 2.1659726502845436], [1.3840763286986606, -1.026576308886442], [-2.372042340430602, -0.7974004949210396]]}