{"step": 2611, "herders": [[-1.8482175937829295, 2.185210681522265], [-0.41351985434639504, -3.339649884356953]], "targets": [[-0.23476851589581832, 1.0662190942103658], [24.605786987902906, -20.479838680310756], [-0.3013826251377868, 1.9258341647231416], [-1.3171780740525008, -1.7597063624202298], [1.115478212341617, -1.2200187870289811]]}