{"step": 613, "herders": [[4.8346417544446725, 8.05602922224214], [-9.509385016366709, 1.6100165877694326]], "targets": [[2.9969554423314966, 7.388189946387917], [23.575899826966427, -18.903676251950344], [6.415718605535803, 0.35720944733677934], [4.850537851791497, 3.082750884228694], [-7.722222393105561, 0.38042284476274824]]}