{"step": 3650, "herders": [[-2.495171866977585, -2.1647897836906056], [1.9175836253168055, 2.281776762558139]], "targets": [[0.6480868879642097, -0.5596743400937331], [27.676766554664862, -16.72806534786088], [0.24119379987692124, -0.9302408857756839], [-1.5199733219092435, -2.775771671054016], [0.10081131295538587, 2.043265375439876]]}