{"step": 2349, "herders": [[0.8208368149025358, 1.062929421565744], [-1.4732584678458298, 3.9094489174241778]], "targets": [[0.8133125249708798, 1.9215050142148622], [24.585960561563127, -22.607426710156062], [0.7507429828653814, -1.0724047792053526], [1.1372818703921828, 0.9884736276100577], [-1.4404750281075067, -0.8248974299847464]]}