{"step": 1868, "herders": [[-0.3991929643924915, 4.253476111629482], [0.16288505723102845, -3.207616121367526]], "targets": [[1.7868685607265602, -1.4525236948021063], [22.612419735327144, -19.066487477659294], [0.7524703369364849, -3.6299814476414047], [-1.9230949355205214, 3.2324050076745365], [-0.9125358180507313, 0.8490109102854524]]}