{"step": 2147, "herders": [[-3.7873159609784532, 0.4648108522025371], [-3.771429313104076, -3.9393093683490963]], "targets": [[0.09083122593170675, -2.526069733652447], [23.992967610291036, -19.936058432662577], [-2.7863351253467856, -4.0329982210007636], [-1.9595385704520782, 2.0310127234985407], [-2.609997425444161, -0.5942261414306829]]}