{"step": 2022, "herders": [[-6.668406389913298, 0.06798351783504947], [-1.7292739482307447, 1.1796602799168783]], "targets": [[1.305182826628053, -0.19710892668166322], [24.59747908610271, -20.456164996045054], [-2.822737282530442, -0.9969313461738825], [-4.643672841828799, -0.33217396675813493], [-1.243426607027064, 3.0422398054057345]]}