{"step": 1769, "herders": [[2.5754998965408826, -3.747407229398432], [-1.9164252034680198, -3.019858208111759]], "targets": [[-1.1014952933419773, -1.2522130151457311], [20.402182876915827, -18.35144545091174], [0.7277985066901427, -2.6916352081981545], [2.72549270489308, -1.2009459366088036], [-1.0023756364709535, -0.7633071530562371]]}