{"step": 1588, "herders": [[-2.5583708371966782, 0.14910055378915282], [0.08742632329203381, -3.4006600704756744]], "targets": [[-1.7442803973902017, -1.6062541997521587], [20.40774274755147, -16.92250961531974], [-0.6185439041268583, 0.1729316288487943], [-0.11716439131335572, 1.4874552333508788], [0.003685928396814614, -1.2360403804177262]]}