{"step": 1422, "herders": [[1.7022518389320236, 7.129442332148481], [-1.9128351408715523, 4.790711987423168]], "targets": [[0.8016571113325743, 5.680940973768912], [19.09233269814387, -18.7002216297741], [-0.49349791292013645, 4.083014366722033], [0.4856800163338061, -0.1286832644285342], [-0.26496098358275055, -2.374610785831262]]}