{"step": 893, "herders": [[5.081764053840587, -1.6180878953563849], [-4.7209487564494985, -0.6217292642341904]], "targets": [[3.07913758782004, -1.0371429948987387], [22.251831874541207, -18.881863119900807], [1.2809980277430972, 0.06354641624730537], [2.950518396821391, -0.339703790209629], [-5.303290549559061, -0.8342148378183327]]}