{"step": 1610, "herders": [[-1.0957241754661409, 1.8074519896377814], [-1.858951737207744, -3.0017646984476345]], "targets": [[-1.6274962244097377, -1.8837771061877011], [20.332530885370375, -16.63053795829611], [0.6348921671496877, 0.790018041753348], [0.41354576492557504, 1.231965084979589], [-0.07026144003185711, -0.7638118416341615]]}