{"step": 1432, "herders": [[1.0474845183985044, 6.180033081062787], [-0.9226795054809231, 5.532885128575359]], "targets": [[0.19808543876094462, 5.179714994613066], [18.8392858869908, -17.986775344967246], [-0.2642519273872417, 3.9797183753602257], [0.475044287891089, -0.8938383535564021], [-1.2698235007992722, -1.9938177611168437]]}