{"step": 3049, "herders": [[2.70101564991417, -1.6753510341116344], [-0.06260354085075051, -2.8993167342988455]], "targets": [[-0.5589912476058084, 0.7585633103739178], [28.947168811825534, -20.30875473966557], [-0.15264400063083322, -1.4554314951867102], [0.6834710055123557, -0.6796138683196294], [2.394226987208071, -0.20453264719963038]]}