{"step": 2853, "herders": [[-4.7089124392687935, 4.838466491502411], [-0.04787832349211363, -4.007348303761984]], "targets": [[-3.8018091692870426, 2.61937375074453], [26.9804145332002, -17.49798761712775], [1.8554735419258104, 1.7327288113871402], [-0.14386825200596864, -0.12700387196902757], [0.8586091911651692, -2.8194378692342776]]}