{"step": 2249, "herders": [[-0.3907163824744857, -4.495962994798325], [3.188447743835369, 0.512079274154903]], "targets": [[1.3051881801023026, 1.119771831124366], [24.167313792838716, -21.00314721433368], [0.815378492587632, -2.9229988876740562], [-0.8415591694750042, 0.38967122811381294], [-0.4603448902951011, -2.3944402787321293]]}