{"step": 2575, "herders": [[-0.6563176105195642, -3.802023082156573], [2.22782738690747, -2.2929439546270243]], "targets": [[-1.5825645454130457, 1.4137439428248293], [24.909802431935645, -20.07274906813362], [-1.447954497338409, -0.3475606938047402], [-0.4868514532011299, -1.7963986428646808], [0.9357226054771742, -2.6729123038432894]]}