{"step": 3895, "herders": [[4.773547316218136, 1.4485895320812365], [0.8521351314983462, -3.697426069994471]], "targets": [[0.4077464225050003, -2.1600213913510022], [23.570790122916787, -14.26453595032687], [2.725410088254607, 2.0130979495220593], [0.593922487740062, -1.8988608163590812], [1.2124273465076414, -1.3341428645512654]]}