{"step": 2073, "herders": [[-4.803899308404534, -0.595951283768493], [0.42552871006629006, 2.6817990025095813]], "targets": [[1.1091217376869031, 0.9180046187967718], [23.426933205691476, -20.46387436845995], [-2.7962724275323736, -1.2211439735913037], [-2.4871210860819066, 0.20565482723932665], [-0.7616719169160455, 0.5647899185856033]]}