{"step": 3885, "herders": [[5.035576665612126, 0.32735105866730674], [0.3940395734806713, -3.9001271931796646]], "targets": [[0.6329014624162059, -2.024603425020662], [23.13589091221936, -14.326215925405716], [3.5253955147057265, 1.6823286343694641], [-0.08091741108116685, -2.0104549832984984], [0.6497603949490611, -2.1618317624939767]]}