{"step": 3251, "herders": [[1.6914202546691643, -0.24293213275685144], [2.951520966357382, 6.400745150970107]], "targets": [[-0.03118305584371589, -1.2225822296375277], [30.39150028952379, -19.0702593388733], [-0.32617753606187433, -0.2188916032274274], [0.8755352085257789, 1.7339930825485086], [1.3012001889657685, 4.846502893884154]]}