{"step": 1460, "herders": [[0.27493810150441256, 4.578624351098044], [-0.719795154956376, 4.472145176214261]], "targets": [[-0.6870470128713317, 2.4895160253764215], [19.02273411736605, -18.550408457480664], [-0.7210670179905851, 2.8933810970958023], [0.1763184800661043, -1.1866496230383665], [-1.7587027407784852, -1.1654766813705417]]}