{"step": 681, "herders": [[2.953791492995153, 7.653917528342916], [-6.707756171814251, -1.6419192118016892]], "targets": [[0.645875831157043, 6.579980731552127], [22.02169609700118, -19.448522588084682], [4.279977012933711, 1.2829063637670837], [5.659832591078976, 3.565620554595703], [-4.756632240769309, -1.4451834899520415]]}