{"step": 2106, "herders": [[-4.261570624452457, 1.3094876790228718], [0.7984145949833759, -0.15946296711764726]], "targets": [[0.4025183661674716, -0.7930634732235781], [24.99638575884419, -20.204384455188094], [-2.7670277390259073, -0.7491831888479472], [-2.1511315996249936, 1.0382547544283778], [-0.6698500305240568, -0.2998191286962789]]}