{"step": 90, "herders": [[15.84690790823789, 1.3302247993407539], [-7.208989190647615, 15.860222707905548]], "targets": [[5.1019263161525155, 0.752447259302726], [19.161412399868507, -16.39240116801967], [14.127453220037696, 0.048137659005410616], [13.882364557605518, 1.511188558027747], [-6.063162542354369, 13.933532680893963]]}