{"step": 1921, "herders": [[-6.49566161099965, 1.2005556115789024], [3.551039397884482, -2.5817257866204666]], "targets": [[2.6736000131575084, -0.4227521658104486], [22.798922483425695, -20.70385850982678], [2.028259275211211, -1.7358098218080396], [-4.80586782631585, -0.41426168817927794], [-1.1421909487292325, 2.111959421039809]]}