{"step": 2992, "herders": [[1.5139250708576422, -3.582407739205747], [-2.9479200337021965, -1.5865550678597287]], "targets": [[-1.927426237399393, -2.1605005765121716], [29.44001708231254, -20.864405921658864], [0.10192487497736014, -0.6152499482141442], [1.9385936057621338, -1.969780701393499], [-0.41185475232157726, -1.6656564499218498]]}