{"step": 3263, "herders": [[1.2795757621752397, 2.0374057017829936], [2.029129620081847, 6.3017279709405924]], "targets": [[0.3178315334768092, -0.7524327880792077], [30.545479538576277, -19.17118307153064], [-0.9259596525410106, -1.036529697914372], [0.5329978224038495, 2.3666451162282813], [0.9243390158928686, 5.201383594988078]]}