{"step": 2976, "herders": [[-0.040415051739597724, -3.3438417637387823], [-1.7498313111273616, 0.09978999322988263]], "targets": [[-1.6269354569394037, -0.6961771564105524], [28.217904412885854, -20.59585503033072], [-0.16243686833181395, -0.09469216494546023], [0.43212000357834374, -3.134174400285553], [-0.26266556916438305, -0.8288466269643842]]}