{"step": 783, "herders": [[8.487057053504651, 0.96860759211685], [0.4069079950030925, 6.330731669221896]], "targets": [[1.1680459959383422, 4.518525794421256], [22.80576985144745, -19.236736749747042], [2.6693965941030435, -0.686341804420989], [6.403831151536952, -0.2867143824807671], [-4.040342092089667, 0.6820351840873166]]}