{"step": 2407, "herders": [[5.031382876143001, -6.369891357417852], [-0.5779872870524222, -1.8072340003091105]], "targets": [[0.37494648588335333, 0.15843431289926657], [25.494107818976524, -21.869806054630125], [1.2997674823057992, -2.502870906030086], [3.956952266975461, -6.635507345183762], [-0.3235544169095112, 0.2670587426588952]]}