{"step": 1677, "herders": [[1.9249645024143804, -0.18228675795316124], [-2.373488410305352, 1.2373149102727383]], "targets": [[-1.0564129043289654, 0.37427951138461113], [20.269266228699998, -18.08382909682484], [-0.3455117766058877, -0.6413235339649201], [0.30496080880829535, 0.49188512417591523], [0.745390079210885, 1.002659753551782]]}