{"step": 247, "herders": [[13.878066745253733, 2.940705989925356], [-5.084913689058963, 12.284555605137253]], "targets": [[6.140824345214397, 2.7784603245497235], [22.49818806772802, -16.820060696207204], [13.032886384713386, 0.6468339247135475], [11.961844103081726, 4.912811222835603], [-3.4718945381706168, 11.076188298295751]]}