{"step": 2274, "herders": [[-0.5994894527049901, -3.7846554810317063], [0.03715829829459111, 3.477518956644988]], "targets": [[-1.0962488696401618, 3.229676693766928], [22.629116189270466, -20.73665102469495], [0.20746443415627436, -0.06812329050859836], [-0.21385246536456048, 0.9189485842101918], [-0.6689954984988004, -1.5458670607748588]]}