{"step": 913, "herders": [[4.66601250799516, -3.2069383857909384], [-6.741853728589712, -1.978410963275623]], "targets": [[3.292877584181944, -2.8931066808511545], [22.17331027973552, -18.70715611016536], [2.2648543873201765, 1.217483530545038], [1.7323694308088022, -0.7873813987084287], [-5.199626536640865, -2.1322476991223756]]}