{"step": 68, "herders": [[16.7815727743666, 2.536658853742416], [-7.665844961633277, 16.47783549575515]], "targets": [[5.660340849464032, 0.2182414145125451], [20.058648842207415, -14.949261027897961], [14.123002920493192, 0.12108425800689632], [14.634025046968992, 1.6758793868722697], [-7.125257033139592, 14.53479456153815]]}