{"step": 1663, "herders": [[1.779077512858516, -2.3610367855515673], [-2.4462812466851664, 1.2372043572799676]], "targets": [[-1.2513134434532716, 1.2145312191402697], [20.386832790560426, -18.42486573400318], [-0.9807925857744252, -0.009566059791491908], [0.22141674970729874, -0.7521337801305212], [1.1512778291911967, -0.4516960988811939]]}