{"step": 2360, "herders": [[1.5953936265353115, 0.18637568508525593], [-1.4732584678458298, 3.9094489174241778]], "targets": [[-0.029325938563985215, 0.5758615709898071], [25.136260084247464, -22.77546826692323], [1.6872797332281024, -1.9844069497359742], [2.117020050481817, -0.9054297350165315], [-1.230826668035895, -0.1793688142232966]]}