{"step": 2289, "herders": [[-1.8301734549981332, -2.6546725497505643], [-1.0628982264707965, 4.141090432477326]], "targets": [[-0.32259085389679887, 2.992464091093428], [22.45973165812189, -20.274427012808097], [0.3898753568155888, -0.00870611742004837], [-0.6181007403153155, 0.48698315801771525], [-1.5883583292811838, -0.8987603585215965]]}