{"step": 1563, "herders": [[-3.7220053111275906, 1.6172001472000455], [-2.1685088840445026, -3.3276322575295514]], "targets": [[-1.4594455610321626, -0.4393624561352846], [19.945230410920882, -17.380444417645354], [-2.232307792060879, 0.6168376733755965], [0.3321716854316607, 1.1547155716910444], [-0.48854766004725153, -3.1599954131370724]]}