{"step": 1231, "herders": [[0.36444060290174407, 0.26475579958471085], [2.1840913516992617, -3.537751610421702]], "targets": [[1.85423644918254, -1.6107967738394833], [19.308834689647668, -20.026386549982757], [1.1078785971247018, 2.0251003950081192], [-2.469383495772706, 0.1563214478045251], [0.7942256917306549, -2.351869602220867]]}