{"step": 2515, "herders": [[1.001389506403311, -6.007536754793667], [3.520536673217068, -1.1075765793105823]], "targets": [[2.4163028310615977, 1.7324722267565258], [24.41547167271281, -21.488533050194405], [2.375091863694056, -2.7767205599041214], [0.5316840531001341, -3.9210693629111306], [0.749101750638915, -0.39502655465098546]]}