{"step": 3121, "herders": [[1.0096810414750588, 2.772560443492813], [-2.102562981048704, -0.3647765804182097]], "targets": [[-0.012830202154627712, -0.26474393834699106], [28.23323299825453, -21.184703642945593], [-0.8384320683343576, -0.8766369711533057], [1.206692857748158, -0.1068246854149629], [-0.10819268557553938, 1.202304071578879]]}