{"step": 181, "herders": [[13.537870590522118, 4.3179625306376135], [-6.194094825738808, 13.842802258829408]], "targets": [[5.217183275905377, 3.102905353144556], [22.058444794668354, -16.57201227598476], [12.466645008643109, 1.2121161156662634], [11.414970880242226, 4.660455040995992], [-5.3017736494658525, 12.54341856208725]]}