{"step": 1138, "herders": [[-2.384209446697125, 3.504134347394272], [-0.7879034993282245, 2.9014576487583166]], "targets": [[1.386039170743006, -0.9770194378981492], [21.15412054017883, -18.68774779284283], [-1.011370083565369, -0.12624735986334085], [-0.17538488310285086, 0.9551477122473954], [0.6885674201572622, 1.4135827150923825]]}