{"step": 384, "herders": [[12.78921821699535, -0.22382793686735425], [-3.929628166618013, 8.271090992041156]], "targets": [[5.535067428591962, 3.138185839353443], [21.47461563332019, -18.945984376655918], [10.749536298780331, 0.09257170273260157], [7.684698109671478, 7.639434318549983], [-3.5629526508437293, 6.0025935388362885]]}