{"step": 3714, "herders": [[2.1230487572941064, -2.8758837259047723], [1.6162197307367854, 1.4691680965651608]], "targets": [[0.6347920401295711, -0.17299851146605655], [26.73370407927588, -16.51787325686993], [0.9875116484829541, -0.15676360964554437], [1.9011323087715104, -0.6338602119822561], [0.21496956771855283, 0.322810225788825]]}