{"step": 3574, "herders": [[2.5449222404763283, 1.8839099386930738], [-1.766151013609651, 1.8266930271436919]], "targets": [[0.331079960965282, 0.8226015909263706], [30.287514028524924, -16.38526526430295], [0.9336621989363949, 0.46154665778794485], [-1.595340572865152, 0.09790039291693323], [1.0623430046076217, 0.18428313049951106]]}