{"step": 719, "herders": [[4.792961839390442, 5.218503506639014], [-6.3894210883732585, -0.18185379663547172]], "targets": [[0.040054662557161724, 6.406342295480435], [22.467238007204056, -19.84538605998638], [3.64403525965838, 0.8103448695714632], [5.200292142527548, 2.64018000042242], [-4.579101812337997, 0.6580099470081373]]}