{"step": 170, "herders": [[13.774830808637258, 3.6247346192445686], [-6.286275705477719, 14.008527573040098]], "targets": [[5.09129877078749, 2.852100793105106], [21.179679969317455, -16.397396439416255], [11.649168861172681, 0.6930283225306949], [11.965113453159313, 4.373583591979941], [-5.3613091875200825, 12.227026522933025]]}