{"step": 287, "herders": [[14.539724817656332, 0.7614978424866158], [-3.0210096812555953, 11.75657434660347]], "targets": [[6.897423195845535, 4.050836105310233], [21.539400517988437, -17.76225616341893], [13.828280261517289, -0.9319223094527813], [11.747828918995891, 5.2465763730907335], [-2.6165306373994395, 9.95435765085013]]}