{"step": 1428, "herders": [[1.2727971060255605, 6.6050169773780825], [-1.3213565007046146, 5.289009867272167]], "targets": [[0.11182084513552523, 5.44932291140306], [19.181214021082702, -18.09298783167733], [-0.4337690098077809, 4.222140520728451], [0.5921760989964628, -0.05280143979385962], [-1.0894820906268041, -1.9368549958116394]]}