{"step": 2388, "herders": [[4.100433130381552, -3.692569534648323], [-2.948064616998372, 1.1065904026241546]], "targets": [[-0.025628509367390806, 0.19524647596014288], [25.748094481720525, -22.43906955781773], [0.9181217586782572, -1.8327010669654094], [4.7044998719896185, -4.4713034774263685], [-1.8683239143421078, 0.22471569897433213]]}