{"step": 3343, "herders": [[-4.467315005972973, 4.100606305322557], [2.482893219418851, -5.212462040526836]], "targets": [[3.120520377728483, -5.25446968675185], [30.869725457669098, -17.580994882994084], [1.1343887835162718, -0.16853644669627477], [-1.4174802639964799, 3.453713210318945], [-3.0833705133926017, 2.9380958327339948]]}