{"step": 771, "herders": [[8.4117555540452, 2.3810756141435303], [-1.1925296973567712, 5.494739604760928]], "targets": [[0.9665171054916194, 5.636032525785254], [22.567077061036372, -20.19818993231919], [2.0331160821482084, -0.7325731613516983], [7.242213407223591, 0.8767991896747264], [-3.6255149414572467, 0.28728404591699636]]}