{"step": 3742, "herders": [[1.9586475993492503, -2.6013917236221227], [1.5961247189923728, 1.9598059338973703]], "targets": [[-0.33761544543044003, -0.4568966648184346], [26.146231594365815, -16.173678585915273], [0.462698313141385, -0.9938592228022359], [2.145959941028759, -1.1104086906621868], [0.27984497578227246, 2.105780676699461]]}