{"step": 3218, "herders": [[1.2542551581448926, 2.250275028999766], [3.2410145499894734, 2.9463243749142647]], "targets": [[0.37051009275061864, 0.8557647348502184], [29.77928259780541, -18.175072560594664], [-0.24722229258243122, 0.08045369903341976], [0.48245521730846286, 1.01385888543724], [2.937738851380165, 3.617617543211509]]}