{"step": 958, "herders": [[4.198036331894622, -0.9371024914577655], [-4.747817285478623, -2.439833704549628]], "targets": [[2.1188312581517508, -3.0069335988659542], [22.02585977780609, -19.10486901484947], [3.5751822307243515, 1.4336491865151764], [1.4119504333995712, -0.2892057634480848], [-3.2038064002667404, -1.3437061920333817]]}