{"step": 3970, "herders": [[3.693664121426267, 1.922918999273209], [1.5622689067943099, -2.2353206465077613]], "targets": [[-0.2555876642594665, -1.4522021851141291], [26.363691470776818, -15.089516414000403], [1.947409581224872, 1.3753781901964435], [-1.0022430601276116, -0.7477511918856719], [-0.0011761100482353265, 0.7173846229390667]]}