{"step": 759, "herders": [[7.269517644674642, 3.510884587915994], [-3.8922772564681756, 2.8192312761663114]], "targets": [[-0.40593387809080644, 5.99398779444144], [22.91450113749699, -20.184314649229844], [2.8060863279222104, -0.19786752796212115], [7.960193336726827, 1.4993268717708506], [-3.2688180318686046, 0.18882029863127148]]}