{"step": 1351, "herders": [[1.7257728366587874, 3.057958977480151], [-1.8475101061582462, -5.172443251796466]], "targets": [[2.694097925618561, 4.052177150373878], [19.532921306324614, -18.53203868333641], [-1.839940292953604, 1.277875528422798], [-0.9740113078597992, -2.1349844042222346], [-1.4854920718046278, -3.074029472296965]]}