{"step": 2041, "herders": [[-5.8874298467320125, -0.598412990740661], [-1.9510793236714006, 2.5796445828290797]], "targets": [[0.8154613876020638, -1.1533275749622087], [24.05223055316033, -20.615581512736675], [-2.2212882563258476, -1.0342857066482831], [-3.9245001006048765, -0.763177816024562], [-1.0681130134918642, 2.787113271228388]]}