{"step": 2405, "herders": [[5.084616496560375, -6.052572230684351], [-1.0349931319877494, -1.4304715399932877]], "targets": [[0.22651124161558506, 0.7105453208376578], [25.599099994865725, -22.10115811710573], [1.3299061153634055, -2.6061299414949968], [3.9780683990179293, -6.869953220082347], [-0.33689983293898734, 0.1269988228449226]]}