{"step": 3882, "herders": [[5.02441328495892, 0.01991840204330067], [0.19804169219702727, -3.930460392826784]], "targets": [[0.40259917998542805, -1.9861429115122362], [23.1189430837197, -14.2185803492542], [3.70895233281669, 1.5053560846373997], [0.1380294586610079, -1.3449217865889824], [0.9433014517792017, -2.3372544666862867]]}