{"step": 332, "herders": [[12.485635965777556, 5.905391520094457], [-2.163246397930917, 10.447618607800507]], "targets": [[7.0729822397239674, 3.5000512121786365], [20.659471563109054, -18.593136921770533], [11.826979682551038, -1.293211811303485], [10.540156627267729, 6.487559833551928], [-1.7583313913936172, 8.22050713161115]]}