{"step": 1106, "herders": [[-1.9478455908404224, 3.550302765301914], [-3.6647628468049502, 2.018564115765127]], "targets": [[1.0892704166216842, 0.396002554166474], [19.800746868165792, -18.218692808448196], [-0.9997472450756053, 1.3880178753961088], [0.9726156687951504, 0.9154421021783339], [-1.6030228657260899, 2.236391323828971]]}