{"step": 1989, "herders": [[-4.456413922353784, 3.026213091062901], [-0.23105341195839185, -3.4870883152595216]], "targets": [[2.43587258441962, 0.956628911926001], [23.96751904002034, -19.098970700756638], [-1.6784144779171655, -3.1200834656870797], [-4.894301727098782, 0.7599010583485192], [-1.8236424946079257, 4.600434912718241]]}