{"step": 3448, "herders": [[-1.6157047854904654, 3.160316812842007], [3.5196418521486446, 0.04343999167806373]], "targets": [[1.1765597879500846, 0.5745039951105435], [30.877318616476007, -16.970089723103833], [1.677605814349577, -0.8145810605933574], [2.512904285070566, 1.2274655478785554], [-1.3537397356153777, 1.071692525860245]]}