{"step": 2800, "herders": [[0.6175044602659913, 2.918740458399201], [-3.505022680003237, -1.0495152675260682]], "targets": [[-0.2025320287590207, 3.1988242706777736], [25.909364774109772, -17.460910178234318], [0.8508051483251499, -0.0020753658827843274], [-0.9968797377061551, 1.273334160176229], [-1.0964085736913467, -0.9854668683406578]]}