{"step": 2517, "herders": [[0.9611662759193491, -5.917526262651517], [3.4949720664193324, -1.5289315643823171]], "targets": [[2.423198767741003, 1.547488949335678], [24.36912525564905, -21.043124670647725], [2.2588748758056276, -3.0593087856978616], [0.6725519687673431, -3.689568137604768], [0.8781057398214968, -0.5680065937647345]]}