{"step": 860, "herders": [[5.297821157588365, 0.9525354200262688], [3.4189266829217018, 1.8499704584403134]], "targets": [[4.328491162701964, -0.1732807173338855], [23.331323358181297, -20.26305087474294], [1.8856578378535387, -1.0095838096928271], [2.9623078140191117, 0.35474940029220603], [-3.1228658145328336, -0.15138490050649311]]}