{"step": 2354, "herders": [[0.9312350850106329, 1.8879815898640764], [-1.4732584678458298, 3.9094489174241778]], "targets": [[0.010540475871382071, 1.4679782048733143], [24.408371285434146, -23.054647802188068], [1.2887330207150662, -1.3392391693646037], [1.618444252814735, 0.2727121535387743], [-1.096363940484144, -1.0646048399493597]]}