{"step": 1704, "herders": [[0.5610699295053536, 1.4285998577690506], [-1.7112166378006337, 1.9951225246638855]], "targets": [[-0.01963319253867918, -0.10923148320106679], [21.399506933714843, -18.05780341439742], [-0.34466292880702487, -0.6996069085307726], [0.2890983194769651, 0.45810658815094907], [-1.1323409961820883, 0.7756213725697753]]}