{"step": 2702, "herders": [[-1.2456028478555898, -3.3291388048494297], [1.3978158259825002, -0.3484893447582923]], "targets": [[-1.2918414726921583, -0.8046733381188165], [24.119496679173032, -19.03046192017139], [-0.006733964053003846, -3.224964800921462], [0.4803033576761421, 0.1704220103380375], [0.12556331617104782, 0.8912555061425128]]}