{"step": 244, "herders": [[13.98348808686386, 2.4482002422160103], [-5.24062731073559, 12.27590319153313]], "targets": [[6.38167785103129, 2.9028172374074765], [22.511173161535623, -16.643634149805095], [12.862501173191095, 0.3291755394394614], [11.903462344822454, 5.137203412466716], [-3.7187416860586278, 10.91374702196208]]}