{"step": 3984, "herders": [[2.762553049631968, 1.9040873159104201], [-0.35048258736271937, -2.834406494794159]], "targets": [[-0.9068052149288324, -1.498291206272106], [25.259944274341713, -13.064846627100136], [1.0184975686864157, 0.4076897564467892], [-0.8621882314752212, -0.5971641403597766], [0.0657786070532555, 0.2616723489762952]]}