{"step": 2896, "herders": [[-5.108020349593901, 2.534794239065446], [0.7094138077382027, 0.34815208784220253]], "targets": [[-2.9760837367337243, 1.6794151278543075], [26.974346222139093, -18.50887741164788], [0.43968293771634137, 1.799453513740825], [0.47034139962878085, -0.5907857315615136], [-1.491549949079835, -0.7364362724301475]]}