{"step": 1368, "herders": [[3.5254350138436568, 5.559758686954356], [-1.6621741734544673, -4.390193085295932]], "targets": [[3.7570368267364365, 6.065753166819301], [19.25363010356902, -18.630159831841336], [-1.5933859641296146, 1.4725134000948927], [-0.8981922164544635, -2.2502320994789216], [-0.445903450863278, -1.5209540783254445]]}