{"step": 2276, "herders": [[-0.6992780324082499, -3.6553301057736785], [-0.2051720048102005, 3.653403475359113]], "targets": [[-1.3191155265420145, 3.317129007096956], [22.335055361857172, -20.546962077935202], [0.04636401417067462, -0.3076802397540661], [-0.19274826249345126, 0.7031946062704003], [-1.178039231065135, -1.6655123607727935]]}