{"step": 591, "herders": [[5.616931192181912, 7.636730280870154], [-9.761403504803363, 3.242273753641291]], "targets": [[4.5991255953441055, 6.706588256112318], [25.092905882217895, -17.819493394421006], [6.593984664899099, 0.2331333448837063], [4.662551037935219, 1.9654371037764138], [-8.562982056824996, 2.1447293097844624]]}