{"step": 2205, "herders": [[-2.4041856956346126, 1.2799776787127857], [1.6272034080310205, -4.0678404132697334]], "targets": [[2.59873625803101, -2.440676027874861], [24.24042386438554, -20.471473330598265], [-2.1641755615452096, -2.4072509129832875], [-1.0078756139931155, -0.00426887734379424], [-0.5206236690831118, -1.783348644176509]]}