{"step": 2747, "herders": [[-1.1099541681901497, -2.992363261836429], [-4.900994281531816, 1.301168862835776]], "targets": [[-0.2446050072640552, -1.1744237962445803], [24.86945984693904, -18.60574053216085], [-0.08414985708625418, -1.7518399502115596], [-1.4558780882340963, -1.2136999865444522], [-4.296921665027825, 0.3402145492094338]]}