{"step": 3541, "herders": [[3.186225346178185, 2.474149136775207], [1.077370382224033, 3.4126497939304477]], "targets": [[1.9743693012614598, 1.0579394700066191], [30.056272833547766, -16.96731469880736], [1.0776935511368475, 1.579662358834878], [-0.5839515266179336, 1.782407535497798], [0.058036917563446616, 0.9837559090065211]]}