{"step": 3035, "herders": [[1.4856686442331015, -3.0839666801281633], [-0.15877864980939596, -3.1506536448394815]], "targets": [[0.6085866905758898, -1.103466925054984], [28.92260190558993, -20.585189244327555], [0.21651953575811642, -1.0278078646169937], [0.16551673814011153, -0.7391270829348904], [1.0741124122797638, -0.8498151714440983]]}