{"step": 23, "herders": [[17.76628788525362, 4.04958337174428], [-5.175716131797434, 16.253429601815018]], "targets": [[6.671151058732669, 1.4895761578285103], [18.249519333003033, -15.060086747433745], [16.535521565384414, -0.6602749874996514], [16.293509405200275, 3.1603495659617296], [-5.900552185619585, 16.40334609016102]]}