{"step": 1818, "herders": [[2.334739451940179, -2.9155325363778393], [-3.9383615843827537, -0.797080528246716]], "targets": [[-2.163035897707524, -0.12953333870218775], [20.560555677995612, -18.302764780799954], [1.2047482687411035, -2.0315378780659965], [2.3259542089788847, 0.5178059626817715], [-3.349591072807842, 0.7743184216145145]]}