{"step": 2179, "herders": [[-2.287860519946846, 2.4696439930721557], [-1.4508729660678585, -5.017598599888359]], "targets": [[0.843283568810756, -3.609897382804336], [25.11152529477592, -20.722306895742314], [-1.8078039850589975, -2.749254335659634], [-1.2429081102310326, 1.262949013490912], [-1.0884698365633023, -0.8200516937097291]]}