{"step": 2400, "herders": [[5.122478336861417, -5.33892766922446], [-2.0847161869373707, -0.5651363695297786]], "targets": [[0.11803149127437015, 0.3096124373024553], [25.28359831308399, -22.194226218677784], [1.1053824833323158, -2.253369718381302], [4.400994902846107, -6.216426893375253], [-0.5039141177548105, -0.2895813545516869]]}