{"step": 1065, "herders": [[1.0051604445126427, 4.9881703213981465], [0.28358853612449053, -1.1344180010077614]], "targets": [[1.4485023178037386, -0.43420329548443876], [21.784237601651814, -17.72955467498975], [-0.2944147647440012, 2.686195762188898], [0.8910933391306409, -0.2098504486805532], [-2.451552222993327, -0.19768029088705774]]}