{"step": 2051, "herders": [[-5.744842734806214, -0.4226848963071759], [-1.2419948641251364, 3.4512990934012486]], "targets": [[0.8486230730354622, -0.29869853275670133], [23.91827206294841, -20.746221097727847], [-1.9564607096361217, -1.7169932170251871], [-3.959681878848004, 0.33742933771252875], [0.08515593455958488, 2.4003918139525675]]}