{"step": 141, "herders": [[14.52600808526345, 1.6174403979035574], [-5.988552549896383, 15.57958293497762]], "targets": [[4.889393066885737, 2.803938459301177], [21.186481512136005, -15.859904976647426], [12.533888963748959, 0.14791952690007423], [12.189671297076467, 2.2164159969122026], [-5.721218418750357, 13.369258736490973]]}