{"step": 1318, "herders": [[-4.538836102595386, -2.7295533559785166], [1.207444093796264, -4.836593830990509]], "targets": [[2.0750120923259505, 1.8044638397078512], [20.34666691950686, -18.040766728011004], [0.8383381516931934, 2.2290885707464643], [-3.0206795001062257, -1.4133630729743951], [-0.4787826890404651, -4.390061889858426]]}