{"step": 3135, "herders": [[1.7698933849107676, 0.3513739466757006], [-1.1208428768549197, -1.9783250424902319]], "targets": [[0.2601713287463821, -0.5574863388711925], [28.982602867864877, -20.453639736420918], [0.48559031964319466, -1.5304681762582457], [0.22109797878876247, -0.13802694389194986], [0.2742177426218618, 0.15362425883929393]]}