{"step": 2757, "herders": [[-1.3521259588786974, -2.522094063924405], [-5.516655776016022, 0.5268510942054937]], "targets": [[-0.2916257242381346, -0.893891227641477], [25.078597299218917, -18.566518414888105], [-0.15275221224011082, -0.7551997389478918], [-1.0709985619646223, -0.35688588292592205], [-4.627437787024996, -0.20669813778724888]]}