{"step": 2580, "herders": [[-1.406617205239984, -1.3980974381754572], [1.944151584055115, -2.981679634712709]], "targets": [[-1.077227718032705, 1.5485746642782963], [24.44822826078204, -19.60125281791301], [-2.1126037538465336, 0.1598709104344475], [-0.7646688620541084, -1.0150998521570964], [1.103284697248566, -2.6632059481818424]]}