{"step": 602, "herders": [[5.21887218381815, 7.757962025166981], [-9.834977161331857, 2.2885171440527747]], "targets": [[4.3411900932355145, 6.838194045226574], [23.761917081967642, -18.517388697346185], [6.348408290488173, 0.2737217175352525], [4.981645062419018, 2.2364724205148017], [-7.914936365654079, 0.8577564601059048]]}