{"step": 3711, "herders": [[1.7008336502868076, -3.3039724204687966], [1.2611269923546458, 2.077593390372582]], "targets": [[0.2368366715000646, -0.5530531501802631], [26.213628893798635, -16.942378784055023], [1.1284548781727506, -0.20027655144998163], [1.8845736493918988, -1.2413357200269557], [0.13268018595834208, 0.6720237517050387]]}