{"step": 27, "herders": [[17.781876070189117, 3.188774074114534], [-5.551822382430088, 16.70976528887889]], "targets": [[6.823763413567259, 1.4586737944046808], [17.880483672043624, -14.872779202608164], [16.546598115198314, -1.152494945521989], [16.350742041844782, 2.6546834285921044], [-6.62343702226832, 16.65154461970336]]}