{"step": 2735, "herders": [[-0.27411665989602774, -3.4998641490525686], [-3.5870461640684197, 2.0925871318329357]], "targets": [[-0.8997128855972649, -1.7585523817831483], [25.3776570290247, -18.091577191213883], [-0.24642209148849437, -1.7073803953699813], [-1.1704640964024322, -0.7344535240180667], [-3.8775483606545746, 0.845292287529763]]}