{"step": 2299, "herders": [[-2.361669563406181, -2.1724934464582693], [-1.1131772230022103, 4.16939574453953]], "targets": [[-1.090767058468654, 1.9019742969080031], [23.39935495763147, -21.037632435213414], [-0.5016166532121279, -0.5752704610904269], [-0.9801286744195516, 0.8771152295288742], [-1.6710559360300001, -0.460515003234201]]}