{"step": 547, "herders": [[8.96063553715462, 0.21919901091307858], [-2.5889363180449267, 6.167592642088099]], "targets": [[5.0745850869457945, 6.447681611518351], [23.509030884300437, -17.679272879340477], [6.6620049751141135, 0.5461894539720035], [5.517315409453582, 1.970843225698547], [-6.453529337070133, 5.586821747721503]]}