{"step": 2049, "herders": [[-5.801913711645505, -0.5875999788834171], [-1.4642508830553527, 3.330555857190309]], "targets": [[0.709202362736651, -0.16921116898658525], [24.301657469352723, -20.484709958946052], [-2.2930023754937925, -1.1732254877791812], [-3.92808099905952, 0.3708470146647814], [0.011124495640781398, 2.6355241275912307]]}