{"step": 2312, "herders": [[-2.5917867922301796, -0.3553103403226384], [-1.4366261140759011, 3.9360266680982945]], "targets": [[-0.9879394403921216, 2.751127030712635], [23.874470498569213, -21.925186725476898], [0.2564589303921479, -0.18188189672777938], [-1.2503518850078033, 1.5339700042915865], [-0.628622214591174, -0.44089136120418204]]}