{"step": 3213, "herders": [[0.9679884912769736, 2.306083008721361], [2.9959487022190174, 2.1981474286711347]], "targets": [[0.3170703091954884, 0.5785827026635093], [29.017291802702456, -18.66935625871633], [0.3105121926468577, 0.11123610545288898], [0.9621601434803934, 0.9280388631820788], [2.365811662890356, 2.523982238702563]]}