{"step": 2481, "herders": [[1.8659403913765065, -2.8505088236558755], [3.868570784186203, -4.214475445383626]], "targets": [[0.6500920356444161, 2.268036199944515], [25.717945796642265, -19.368185091798555], [2.6636522733887777, -1.488990505309246], [2.3281502674612873, -4.073669618281366], [-0.9774775295179131, -1.6487321000601463]]}