{"step": 2150, "herders": [[-3.547289285647742, 1.2199890264485254], [-3.6495995893797413, -4.34257770433671]], "targets": [[0.7463391370198775, -3.0377608420017235], [24.37960423759699, -20.067166658890727], [-2.5523211134485346, -4.0571562712952005], [-1.738312485140003, 1.9479966991685966], [-2.6289415159343625, -0.2378895257224315]]}