{"step": 504, "herders": [[10.099847676818882, -0.8414662247736738], [8.047497879473982, 3.3857466803196514]], "targets": [[5.257611388662798, 3.8626913019933893], [22.520904380625502, -18.108442851029064], [8.619358795359535, -0.5752737361079441], [6.486533348711702, 3.132412847349686], [-5.335101088980442, 4.0760319731726575]]}