{"step": 228, "herders": [[13.411460147578644, 2.632057541696791], [-5.614926972175445, 12.291969629209714]], "targets": [[5.175858237829632, 2.6828282910200185], [22.541052597264894, -17.055390523299167], [12.331369387824827, 1.008724971348749], [10.926834410451278, 4.919884247366601], [-4.57369287283521, 10.334271595722448]]}