{"step": 363, "herders": [[12.219815922148598, 3.1476081087208057], [-3.3258129682828264, 9.016276680923237]], "targets": [[5.475570366537881, 3.1893643629821686], [21.430351653934746, -18.372887696699586], [11.637780930156094, -0.6087550183462993], [8.635480790117768, 6.6699981174735425], [-3.1372190535382973, 7.089830224903931]]}