{"step": 2522, "herders": [[0.8862359460947025, -5.603641272875631], [3.3261942421121398, -2.561985865734933]], "targets": [[2.260217299942069, 1.0511815192758263], [24.83277667919323, -20.87747079037678], [1.7884907622485091, -2.842749005926458], [0.3883936506101656, -2.9939822817276056], [1.3895274401116573, -1.019917743799689]]}