{"step": 1036, "herders": [[2.434626270152108, 6.0976954550940645], [4.748108155763032, -2.161333918436452]], "targets": [[3.348334019550444, -0.6816823911329419], [21.820735195430235, -18.095041364731273], [1.727385307524593, 4.610529890332833], [1.0215104902201417, -0.15771634335082463], [-1.5279862981889405, 0.1989433676409402]]}