{"step": 2533, "herders": [[0.8859274815654599, -4.660912737721192], [2.8350644292036136, -3.1190638582611525]], "targets": [[1.631282653164617, 1.4101362115085192], [24.01239613893589, -20.075863635256937], [0.5288804595658424, -2.733757128454178], [0.5451558925156664, -3.1608205477280396], [1.7632026598536175, -0.9462915193011169]]}