{"step": 3947, "herders": [[4.24297553561467, 1.3958077597635896], [2.4438428015793248, -1.140363379076743]], "targets": [[1.0200542290563883, -0.6268030539006288], [26.25811758107695, -15.960902807540634], [2.806277209262613, 0.34613590850974646], [-1.6852357628888344, -0.9230967706353729], [-0.3945444589652326, 1.0836847788909016]]}