{"step": 3026, "herders": [[0.9874173048332364, -3.8733196073895226], [-0.7745537037304453, -3.2585918812395236]], "targets": [[0.025802143216193008, -1.738870639846845], [29.60561853437706, -20.268852139785487], [-0.3866554559910548, -1.1867543738794561], [1.168290456137361, -1.112798448131922], [0.3509833842114075, -1.535267541779028]]}