{"step": 1600, "herders": [[-2.153033962371052, 0.43947696608956516], [-0.8419195365255422, -3.2035695543775757]], "targets": [[-1.6020178011110056, -2.0107831928545066], [20.620675518826047, -16.006421752151752], [-0.048135598806732245, 0.5882114629535473], [-0.49967256987765907, 1.3639548090019], [-0.2282944443605526, -1.1182019557205418]]}