{"step": 3830, "herders": [[-1.904332975999233, 1.6137742375472284], [-3.7418407297649803, 0.54244637519799]], "targets": [[-0.8088924709375012, 0.4579169157748272], [23.48292347730338, -14.654461796338618], [0.43303011360325694, -0.13244951928702045], [-0.8447923464179791, 0.2478687850425855], [-1.9836084411216879, -0.6082538154427964]]}