{"step": 2719, "herders": [[0.10796381657522586, -3.9211422014708144], [-0.9988188393060189, 1.9150042316838736]], "targets": [[-1.5725308488436818, -1.1793073730562256], [24.845771039207552, -19.102815261786212], [0.5848912417717825, -2.368010204632017], [-1.5462987224893154, -0.10004832788673185], [-2.3577263621391644, 1.8375725734241466]]}