{"step": 368, "herders": [[12.488156870923332, 1.4556574845025039], [-3.4822455438959734, 8.766180886966971]], "targets": [[5.159246087407966, 3.633329230188337], [22.477897700853962, -18.735520967192354], [11.674676166740527, -1.183831489227246], [8.21896128236275, 6.922380884550565], [-3.2141943313744292, 7.102194311937122]]}