{"step": 1913, "herders": [[-6.179379113245717, 2.2938050515285484], [3.825687442773928, -2.3594373551586854]], "targets": [[2.529533523463919, -0.26981553353948995], [23.099571004687512, -19.904137926302667], [2.0297297976066857, -1.8677077808535776], [-5.636376881888578, 0.5634754591027575], [-1.2598015789915686, 2.005996714347346]]}