{"step": 736, "herders": [[3.0585260427487437, 6.1599846893073185], [-5.796636766833213, 0.29294992946927667]], "targets": [[0.4929357688859596, 6.763161297125161], [23.049930028213915, -20.15479845934661], [2.896985187119412, 0.34110847059578414], [6.163175027265563, 2.062487705188355], [-4.142573148565355, 0.3064484737286727]]}