{"step": 3119, "herders": [[1.2465412886102092, 2.72668681830126], [-2.1569989023366603, -0.07174471387142561]], "targets": [[0.19026892235818543, -0.17982430244885542], [27.9388256498785, -20.70398745552807], [-0.7994578648130672, -0.9024808790069748], [1.274864004384537, -0.13642949683400885], [-0.16902602422324237, 1.541448471612878]]}