{"step": 2075, "herders": [[-4.708950885160278, -0.7797766800992015], [0.701397883699273, 2.5606928541626517]], "targets": [[0.9440092399547891, 0.6107557474894467], [23.55679396079938, -20.20150883130671], [-2.8245499337728903, -0.8753540096014405], [-2.3040844806733847, 0.031719925686562955], [-0.9054660410797127, 0.3688762185493897]]}