{"step": 2676, "herders": [[-1.542954088849798, 0.3793348196727548], [2.33318091224004, -0.6576648873451088]], "targets": [[-1.437545300711241, -0.8743283333784193], [23.990780501131567, -18.716948502277276], [-0.6906126013849736, -0.5259093698846075], [-0.15082202506875467, -0.49162744542152514], [0.5534333068449092, -0.8404077767746875]]}