{"step": 3898, "herders": [[4.564506884171892, 1.8109655196865428], [0.9257877020114448, -3.6084300164456162]], "targets": [[0.9730948793482821, -1.5260706923079095], [23.456286024837627, -14.277634565189633], [2.3927774009186935, 1.6972692066184565], [-0.043486894540846616, -1.7287929679755796], [1.1781494497949752, -1.0869700256425214]]}