{"step": 2655, "herders": [[1.8909104871948377, 2.502954731980381], [2.4991193936796408, -1.0008146484389744]], "targets": [[-0.3144885247982499, 0.5381374745342234], [23.019817141585342, -18.69542927263215], [0.11600631516515447, 0.9673527181266227], [0.08212404318153643, -0.580118555931929], [1.1418186306258298, 0.5106493579823428]]}