{"step": 3672, "herders": [[-1.0119617228179754, -4.452493282065234], [0.12177595801335218, 3.648442921266635]], "targets": [[0.4987496728706084, -1.6698407357056966], [27.17620774359414, -16.973509012759052], [1.529491992877753, -0.31629870297799956], [0.4292884885987318, -3.8125481254573788], [-0.055737110585513186, 2.1066946599354317]]}