{"step": 2216, "herders": [[-2.9189980304426566, -2.006319844842979], [3.027731562935939, -3.321163864411342]], "targets": [[3.0968748161138677, -1.1757203937254013], [23.884667214324097, -20.317818522374615], [-2.0243396671541976, -2.9992720829090023], [-0.18048297309127884, 0.5400546481610624], [0.02262529674480758, -1.6404829814949415]]}