{"step": 1443, "herders": [[0.790221129783614, 5.723784500692814], [-0.6536661482025956, 5.62396616029363]], "targets": [[0.2786859073709572, 3.7925740834139345], [19.228761460114065, -18.756224388176495], [-0.14184989347348853, 3.736935166832952], [0.30755061279393203, -1.8725405501311958], [-1.0835085389483556, -1.8818009891911995]]}