{"step": 3511, "herders": [[3.1776699141587157, -0.24224110042217967], [1.4646402659525206, 4.112482881350812]], "targets": [[1.973135094017291, 0.9404388771789323], [30.345463743955964, -16.813116674919623], [1.7112820013942434, 0.841046018461109], [-0.08980207742138513, 2.75889899723581], [1.5966409139265272, 1.4930323785580568]]}