{"step": 1893, "herders": [[-4.443063838470143, 4.1516894754503], [3.2177745893132053, -3.3250469453644342]], "targets": [[3.353563063600542, -1.3404877232780152], [23.357795357851476, -19.43420613269588], [1.9460685103281081, -1.352711747287732], [-4.72827622560941, 2.666021309238454], [-1.6512570568137253, 1.3437856174639622]]}