{"step": 1500, "herders": [[-1.1925388950051143, 4.218425482554879], [-3.9746903114070165, -0.6141269131225742]], "targets": [[-1.7033443399791044, 2.3044719454887965], [20.9436848829687, -19.1245615965796], [-1.8290985640511521, 1.5531346955011731], [-0.25169260744330546, 0.48255297225910765], [-2.703264910585375, -1.3816749831230863]]}