{"step": 1483, "herders": [[0.27493810150441256, 4.578624351098044], [-1.754963469855436, 3.4468617715015095]], "targets": [[-1.6089249710877218, 2.7825183138509706], [19.749476192862037, -17.980628633964255], [-2.130687274816873, 1.8270886953023875], [-0.8479864579620131, 0.04357492005170305], [-3.038777295135125, -1.256569376368317]]}