{"step": 3274, "herders": [[0.6211029766910069, 3.8135693949715144], [1.2121654440478038, 5.185914146984097]], "targets": [[0.6397241498575402, -1.346499328066786], [30.107321764899112, -18.536742918952037], [-1.4777219192534181, -1.0061864548483872], [-0.9774860173029121, 2.2424835529384644], [0.22608579154750014, 4.396216870028434]]}