{"step": 3132, "herders": [[1.7361849081223513, 0.6160879877352734], [-1.4143919720126854, -1.7826871550063936]], "targets": [[0.6739325540389275, -0.19685864159639327], [28.656016660804976, -20.851025707241586], [0.2829228917289728, -1.6095884722976355], [0.6666234625953797, -0.3904986173837034], [-0.030476580204852555, 0.09015110157860606]]}