{"step": 1288, "herders": [[-5.827714289403429, -0.43720396374832454], [4.224962081127787, 0.8458308067045046]], "targets": [[2.863804637690965, 1.0562702920128302], [19.879680134876917, -18.658191483237665], [1.2538031898707425, 2.9993349182762885], [-4.080983935836619, -1.3939739037951913], [-0.38008729688468734, -3.031730350403395]]}