{"step": 1968, "herders": [[-3.3006727817042005, 4.39881889095408], [3.3367300306406884, 0.7282416047332347]], "targets": [[1.9867449053183863, 0.9052880748483318], [23.58190042654211, -19.494344930030525], [-0.1906767096464983, -3.083719966104125], [-3.895673516823516, 0.703473152067582], [-1.5043037906133379, 3.638239736700905]]}