{"step": 655, "herders": [[2.0553362146940715, 9.265471068432564], [-7.861544003608934, -0.9020677268287064]], "targets": [[1.2302141425804867, 8.12944222670839], [22.5076188268341, -19.242610585295324], [4.1304873193280445, 1.490474969487445], [4.680422055955243, 3.142194617217337], [-5.943428350681649, -0.7119409795149345]]}