{"step": 3954, "herders": [[4.24297553561467, 1.3958077597635896], [3.2808698690155067, -0.06194441421880559]], "targets": [[1.1542529286235443, -1.2072865119214085], [25.537147475949627, -15.618123532964853], [2.746221639524178, 1.4000357112055783], [-1.5064444017265013, -0.44578305670528856], [-0.012368191880373972, 0.9678985842405379]]}