{"step": 2738, "herders": [[-0.35668015088104005, -3.441153189412422], [-4.114410849703585, 1.905057895152615]], "targets": [[-1.009012198277225, -1.2246048200422244], [25.10009558070956, -17.986112621212225], [0.23362398062865425, -1.937284302783294], [-1.1721822880925388, -1.1666705865414122], [-4.084062500233459, 0.8423406477840664]]}