{"step": 3780, "herders": [[2.8710127222778135, 1.5996189718654394], [-2.9330736852748585, 2.9828426063542395]], "targets": [[-1.3668787344357305, 1.4834647326649395], [25.269218999009027, -16.404056957618316], [0.9424636035030498, 0.7392076521821391], [0.892828658508864, 1.9873759505798594], [-3.527385818120128, 1.046909307527341]]}