{"step": 1132, "herders": [[-2.384209446697125, 3.504134347394272], [-1.2879813139162548, 2.7734116953061188]], "targets": [[1.2203568038789703, -0.07530490132353918], [21.138456832280756, -19.17040448524201], [-1.099556698439435, 0.09440978558406415], [0.3823824884596744, 1.56909343124469], [0.021345270416209334, 1.9232240586166593]]}