{"step": 3079, "herders": [[2.83795606178399, 1.639889959800609], [-2.6156330420628087, 0.0858633054240947]], "targets": [[-1.860808300869402, 1.1457023277615215], [28.090378740762294, -20.80304038118244], [-1.0958271743858323, 0.2365238849140326], [0.8541327370686824, 0.24985717804439708], [1.5790199301693066, 1.8510900020740437]]}