{"step": 2903, "herders": [[-4.846712105937381, 2.393283176057098], [0.723870635803636, 1.6005262941606402]], "targets": [[-2.9091705063852094, 1.4735171318477658], [27.005475160026812, -18.474850321971964], [0.2707329544709287, 2.4349677020935303], [0.049736205655161195, -0.17232411600336134], [-1.8020289231229976, 0.02043275229394842]]}