{"step": 331, "herders": [[12.608196049657497, 5.697804233684197], [-2.144364806436422, 10.511903086968276]], "targets": [[7.399105142262635, 3.6805814095475657], [20.53094480378245, -18.07682911296785], [11.95592060101741, -0.9575064596859312], [10.505228381149909, 6.309411214379501], [-1.940767889667085, 8.619971601250098]]}