{"step": 2889, "herders": [[-5.395672180818943, 2.723692086102436], [3.0893451003784627, 1.5690743103728095]], "targets": [[-3.599178170481643, 1.5512881841780433], [26.291333953540764, -18.990022508847222], [1.0456060273722296, 1.4802571838853318], [0.11380354154539055, -0.601497175205952], [-1.380182633103758, -1.1439624909634944]]}