{"step": 3095, "herders": [[1.9959311718571204, 2.9447180802783777], [-3.1222682225071634, 0.48578392950757165]], "targets": [[-1.4587872095084806, 0.0077534584382183205], [27.792543914753466, -20.817232740333726], [-0.21893443805759782, 0.11532713638571263], [0.9803775027489027, -0.8071084155351719], [0.2768375790327945, 1.858272409414539]]}