{"step": 3824, "herders": [[-1.5445902278743437, 2.238112683258313], [-3.8365972770247088, 1.1005320778876635]], "targets": [[-1.064140383603735, 0.03550446028410009], [23.974926371712442, -14.349434966345248], [0.3784072159346215, 0.243298479665865], [-0.5832297514345259, 0.35667752848034595], [-2.1008325259698664, 0.20173461435180232]]}