{"step": 3655, "herders": [[-2.392329499509958, -2.728342781056845], [1.4356306685849851, 2.635335707189298]], "targets": [[0.7322735307527658, -1.0782864281680014], [27.610553586536334, -16.76917169124809], [0.5380511036620772, -1.0266314486519175], [-1.2685529704748506, -2.9755233526190947], [0.03605241411576105, 2.0470676650191373]]}