{"step": 2267, "herders": [[-0.44935801446591933, -4.06628641797169], [1.195411510234172, 2.7075382111783823]], "targets": [[-0.6077632595980416, 2.6157527768825966], [23.060931065952072, -21.17527179598156], [0.2897043500880481, -0.4126834116913535], [-0.5139863279972856, 0.7227681568131481], [-0.19094823897223198, -2.239926963494761]]}