{"step": 6, "herders": [[17.38845697485662, 4.954704856718849], [-1.483618045075358, 12.268928554960503]], "targets": [[6.708323439116953, 0.7767192148806434], [17.632872275783452, -15.573256177980413], [15.616292282216374, -1.1381401602544146], [17.040871089036244, 3.686102471322871], [-6.444576304406218, 16.664906257164628]]}