{"step": 1660, "herders": [[1.717420623309562, -2.444817202830774], [-2.6217496568685417, 1.0418079404741198]], "targets": [[-0.6621791823184828, 1.069207269397115], [20.664519336243664, -18.24565793707888], [-0.8882389308858752, -0.027850001094036327], [0.22466635636519333, -0.9329504752490192], [1.0058638721814472, -0.8914126442772308]]}