{"step": 1543, "herders": [[-3.7677285149009894, 2.517105055598476], [-3.194785026367557, -0.17154721345348672]], "targets": [[-1.840284705673897, -0.20348535203272503], [20.061636103290986, -19.0309443011235], [-1.5172797882949076, 0.5285855007732836], [-0.2562729765403274, 0.5954491024267276], [-1.265638688635534, -1.5493529842834233]]}