{"step": 3145, "herders": [[1.7441671252625315, -0.27365307893765495], [0.5325274377257492, -2.694938358863541]], "targets": [[0.28654245846909693, 0.07155534197575417], [29.286484480710254, -20.36085242284591], [1.560045865172325, -2.145758341526432], [-0.47151392284712146, -0.7840955422050937], [-0.5830095126192467, -0.3114279918699303]]}