{"step": 1923, "herders": [[-6.466361265040303, 0.9390098649051277], [3.6416624072506707, -2.2930203715130877]], "targets": [[3.0014560456124264, 0.0987430602378041], [23.080660927007816, -20.711296668171677], [1.4254496813157482, -1.5963109115183718], [-4.758574573241563, -0.8209083916538737], [-1.0792572973535555, 2.2395281456845026]]}