{"step": 595, "herders": [[5.53297696622464, 7.699603437769267], [-9.782648006963704, 2.9956078323727646]], "targets": [[4.308395619565312, 6.3225397861737545], [23.871410469147843, -18.331873865514385], [6.276106061860075, 0.22953178051354944], [4.729744744364127, 2.249021418217206], [-8.446672794411455, 1.591620610904735]]}