{"step": 1096, "herders": [[-1.3747079174170294, 3.6802468027062885], [-3.6983434213373836, 1.4741177617282475]], "targets": [[1.0927534046456902, 0.4269637096892527], [20.7182081930804, -17.84262045895724], [-0.8509778310512287, 1.6357812755092653], [1.0862376516178653, 0.34704636806083383], [-2.51877810225695, 2.377000466726341]]}