{"step": 1054, "herders": [[1.61390175012515, 5.565669223089049], [4.186614953150191, -1.257339038985425]], "targets": [[2.0715084929806573, -0.862485189003184], [22.523336371974096, -16.912613722042977], [0.355054972381279, 3.200105269376743], [0.31593623194702913, -0.09392789469403662], [-1.9921307385084832, -0.5461387009621075]]}