{"step": 299, "herders": [[14.788894757711455, -0.39083170579455084], [-3.014760190824268, 11.28953769574975]], "targets": [[7.37091005999454, 4.474909456261803], [22.014599709229323, -17.887190575484166], [13.203213918691187, -0.9819533990033138], [11.018477177492, 6.267722589772574], [-2.559048181291695, 9.672899767696771]]}