{"step": 1272, "herders": [[-5.8314372696677035, 0.9916513471970188], [3.9429492643643105, -1.1352679509818326]], "targets": [[3.527632562921458, 0.3974630463136606], [20.661899843024145, -19.060197660798885], [0.9998327467928303, 3.143840421757022], [-4.670957447284134, 0.3206629549273452], [-0.1587429740559077, -2.7493001661967438]]}