{"step": 3737, "herders": [[2.1230487572941064, -2.8758837259047723], [1.918385879996295, 1.1844542668650422]], "targets": [[0.21039374427299973, -0.05583263008112427], [26.120869682043402, -15.852086146985839], [0.38274813762714754, -1.1151562697590782], [1.1176532292789476, -0.3115842813712544], [0.7400317629848832, 1.4504951885808857]]}