{"step": 1038, "herders": [[2.4074802588618582, 6.085318165181764], [4.758619224163052, -1.9842728154647387]], "targets": [[3.4024052721086715, -0.45628977552430566], [21.802641679869147, -18.041158793397486], [1.4488276554596076, 4.443044375662978], [0.8424454806563824, -0.15411435069201523], [-1.7591143768896271, -0.21285603587995564]]}