{"step": 544, "herders": [[9.031232290278776, 0.11502934107273266], [-1.7152222309567202, 6.1890022745767785]], "targets": [[4.785606546051266, 6.479966914826503], [23.42958979812091, -17.70487104505144], [7.067248900529136, 0.6682829150781098], [5.974987523298767, 2.1536629668001344], [-6.369761881724796, 5.107877563860908]]}