{"step": 44, "herders": [[17.431076499751985, 3.0406546332092446], [-6.991416132861564, 17.194683022118404]], "targets": [[6.583964301264655, 1.3261089681397458], [18.440614007272007, -14.113220586660997], [15.071179150730929, -0.10647106471698692], [15.335364645554664, 2.943901215612434], [-6.949314090569595, 15.231085775084285]]}