{"step": 3060, "herders": [[3.3950599618287995, -0.42929311561804306], [-1.1958446922950452, -2.742878031712895]], "targets": [[-1.2379495507262113, 0.7393360453908595], [27.621071634568242, -20.186456574049817], [-1.480413569820893, -1.1496215758630253], [0.11945776782298984, -0.45735056112050043], [1.586489871061053, 0.36369204317844883]]}