{"step": 854, "herders": [[5.766110219038491, 1.4362514153157715], [4.343117226696554, 2.536413759548583]], "targets": [[4.050306430324623, 0.8497069058779247], [22.69394137279387, -20.00424566870528], [2.345985941244901, -1.404175647299542], [3.24621376047028, 1.1368870987028954], [-2.783482391816897, -0.001039507207024476]]}