{"step": 317, "herders": [[13.536663632290852, 2.925600039141131], [-2.2642073276732475, 11.194311086006685]], "targets": [[7.4968874781054655, 3.8282447227250915], [21.84609894515678, -17.2380559750797], [12.138926329303132, -0.46959861319321466], [10.930201522124305, 6.586316919458491], [-1.430263577138594, 8.891780845802263]]}