{"step": 1941, "herders": [[-5.920282409587245, 0.741996738246319], [4.3957235873441665, -0.3760722824131526]], "targets": [[2.7369690977516927, 0.30429582630086127], [22.909172561943688, -19.556831388529716], [1.1432331694437075, -0.9873901499583426], [-3.4943899878442344, 1.3898782213350382], [-1.7557626904439902, 2.927387345167967]]}