{"step": 3157, "herders": [[-0.7080131915595095, -1.2732544109689208], [2.1390506773727322, -2.3453728592867478]], "targets": [[-0.5092449642152188, 0.6433840644435413], [29.362696790527277, -20.42332175336571], [2.436827187142015, -0.8118576718419617], [-1.2291288281573263, -0.8123271930267335], [-0.6505400247382835, -0.8403292035250239]]}