{"step": 2639, "herders": [[1.8475902902118424, 3.185840756918423], [1.6131275374649587, -2.4598100788016968]], "targets": [[-0.4916916293413255, 1.6285482169472119], [23.205636409498638, -19.76913013679734], [1.5263558866437956, 1.6426533242548251], [-0.30514623335892627, -0.9261395446800486], [1.576012436404454, -1.0790546017800695]]}