{"step": 1148, "herders": [[-2.384209446697125, 3.504134347394272], [1.2503171183979467, 0.6516571663388736]], "targets": [[1.6854975598408317, -1.522883987011387], [20.61789280500818, -18.38165806718375], [-1.707930473924597, -0.08706629543962977], [-1.1258823335010093, 0.14105135887662062], [2.322386428446199, 0.7776228766526966]]}