{"step": 2938, "herders": [[-3.870099315949583, 1.6720450846018768], [-1.6459687484844618, 3.435309557312424]], "targets": [[-2.7184507809938308, 0.12058265153028654], [28.233801392001702, -19.79474642507971], [-1.3999009951470418, 1.4458719082723235], [-0.35915090951325634, 0.47068736725054366], [-1.2915606329316247, 0.4412132014381265]]}