{"step": 887, "herders": [[5.198211492897482, -1.3887943802058382], [-3.7495716523561975, -0.31390764551178424]], "targets": [[3.53842741471666, -1.4088075118741794], [23.33840733493276, -19.261812126897397], [1.98125741189535, -0.2949045210090835], [3.7593055248869227, -0.19316674319394964], [-4.348864163177398, -0.9438750798425806]]}