{"step": 2446, "herders": [[3.349673329113322, -6.859821935260874], [4.194123580051151, -3.505782503592165]], "targets": [[0.6551571917027914, 1.171453320925571], [26.44273279710997, -19.655208367905644], [3.395939155486755, -1.7943929779367254], [2.0684256279399644, -5.311419662292638], [-0.6063380604069003, -1.0229565262472533]]}