{"step": 281, "herders": [[14.316914656970251, 1.7303865555416824], [-3.218789164719645, 11.887188521991629]], "targets": [[6.755574445378331, 4.33516883972589], [20.965349642154646, -17.125065356758796], [13.443006148619432, -0.3932699715815979], [11.626340155153015, 5.479927511100071], [-2.5652355144918424, 9.908370384716614]]}