{"step": 2157, "herders": [[-3.7305346952353675, 0.5661523956000437], [-3.502234275815263, -4.68187653117407]], "targets": [[0.48313091569831684, -3.1491675836590836], [24.65419672578023, -20.177270711461325], [-2.263322839768108, -3.8175092450149073], [-1.7108840613510803, 1.8009477211028215], [-2.598545857758223, -0.35214456016140866]]}