{"step": 3852, "herders": [[1.1375061833159967, -0.9080614228367287], [-2.691236176923541, -2.4424789759708565]], "targets": [[0.1997611749250402, -1.841647794236466], [22.929170018639944, -14.656076307024893], [2.070699716377906, -1.0615056978179678], [0.664202716597334, -1.9134042493555812], [-1.562833292671233, -1.9410973151631896]]}