{"step": 2449, "herders": [[3.2391351025786133, -6.837224305477468], [4.273331880417497, -3.3541905920334614]], "targets": [[0.9160133275384879, 1.1118161030396756], [26.402115747459483, -19.81819658400633], [3.1500918821887485, -1.6239863629158406], [2.211674567719709, -5.166232538626405], [-0.6446456736993391, -0.9999553253515693]]}