{"step": 2379, "herders": [[3.28072801940528, -2.4656296542213614], [-2.302142351631674, 2.224538723466874]], "targets": [[-0.5221194148857133, 0.423510329921344], [25.754626062505462, -22.061767446856983], [1.2840573344255124, -2.887724118971135], [3.204581877273286, -3.1272571012399286], [-2.2045232467620397, -0.15547433514796197]]}