{"step": 1544, "herders": [[-3.7677285149009894, 2.517105055598476], [-3.047755870859754, -0.5524694167150686]], "targets": [[-1.518743584412063, 0.09968392154344988], [19.89027395545417, -18.850936406197775], [-1.172207631735834, 0.4811060005178289], [-0.30353492828390904, 0.7138089535353953], [-0.9652567599221952, -1.9122475433509307]]}