{"step": 3873, "herders": [[4.4535514513257635, -0.9918403623395806], [-1.145297023991649, -3.8123997284228994]], "targets": [[0.5809251468175707, -1.742104944033749], [22.2911311240731, -13.790767544779559], [4.384427357013406, 0.19494151894095962], [0.27734819187578974, -2.0134251318252145], [0.4627751482361414, -2.721502601362233]]}