{"step": 3869, "herders": [[3.8806059772160637, -1.284327822481092], [-1.587617948039717, -3.536925810092488]], "targets": [[0.355065516362403, -1.8404877117376188], [22.862502425904545, -13.81949087609351], [4.385157225002, -0.28536048782226753], [0.10769151733657238, -1.9628009898091312], [0.044122517536188954, -3.0528179114385674]]}