{"step": 254, "herders": [[14.038033585134858, 2.500082441367407], [-4.456744653432524, 12.497016664596213]], "targets": [[6.7581869703903115, 2.6691856016948976], [22.316217734760713, -17.748818795885754], [13.393121470665177, 0.19889155843784911], [11.641620093114085, 5.146551026375115], [-3.2619952934658305, 10.995658884506257]]}