{"step": 3823, "herders": [[-1.3731009913807433, 2.583546071586435], [-3.887489919961448, 1.2167052431715584]], "targets": [[-1.025606082301455, 0.11438865815926405], [23.98176171326709, -14.419124820894284], [-0.18059100136825607, 0.206470217261304], [-0.5105732252492843, 0.5506776340334474], [-2.0597213712891977, 0.25670574855109407]]}