{"step": 2971, "herders": [[-0.8751429297640814, -2.715789001066912], [-1.34918760042653, 0.9486082808592446]], "targets": [[-0.6871625947311919, -0.24545493237477783], [27.885202885269646, -20.530298722556548], [0.0838175360274015, 0.2523688622485297], [0.9726086544537347, -2.531837764485056], [-0.8066310073448938, -0.45190093338911513]]}