{"step": 2494, "herders": [[2.2526907184196503, -5.255045615104277], [3.9167739607939187, -2.3166192798462895]], "targets": [[1.5559944968408783, 2.138364034160104], [25.131053033688374, -19.58775872488971], [2.6338292400499395, -0.939307195411177], [1.1711475874167447, -5.294005535860473], [0.5217804809791664, -0.951057408522845]]}