{"step": 322, "herders": [[13.0980864946705, 4.526157755813219], [-2.0932241701480185, 10.845620534434534]], "targets": [[7.54464155658726, 3.964058289930478], [21.682361397043742, -18.091691706858903], [11.860925701776925, -0.9199883047329306], [10.928217465359634, 6.1354454605164275], [-1.6740438593979057, 8.628648541390815]]}