{"step": 927, "herders": [[4.259313978948105, -3.8774398434671515], [-6.17039238964995, -2.0985369120474733]], "targets": [[2.547294909372874, -3.149444139832517], [22.56537314692941, -18.975338375130463], [3.0549040841884723, 0.47375224169110003], [1.2135643074807987, -1.6981527489654933], [-3.6615130496167887, -1.8766277315039852]]}