{"step": 2820, "herders": [[-1.318755872169751, 5.559434692060655], [-2.737922454178787, -2.4827251464839017]], "targets": [[-2.215607342537858, 4.989733959078017], [26.824510808322017, -17.22544749199877], [1.1695278823014785, 0.9699272602446564], [-0.8720292734552255, 1.5627057320001108], [-1.461261666426802, -2.1832935965576525]]}