{"step": 489, "herders": [[10.470385145438994, -0.6271631080258971], [8.518790670738456, 3.2274556132876544]], "targets": [[4.831815521031375, 3.125640689067012], [23.372135781499452, -18.73210319098293], [8.234553035782344, -0.5771352928340703], [6.922629757535389, 2.3368795593121496], [-4.719129005465983, 3.985669849118125]]}