{"step": 730, "herders": [[3.220892112507727, 6.006959877532494], [-6.025094318637539, 0.2636386152732162]], "targets": [[0.055914451373787144, 6.756573127308937], [22.643218263319856, -20.03919540534869], [3.1766608749980163, 0.4060683804484661], [6.3553069063066046, 2.2153230039135092], [-4.240460550582494, 0.3386010626466083]]}