{"step": 2631, "herders": [[0.9317088808011762, 3.2640597579750565], [0.5935901400137058, -2.6019990218839695]], "targets": [[-0.3570929317227828, 1.0057876536981096], [23.472263800737437, -20.23428659904648], [1.6990938638831272, 1.993290865563874], [-0.31626593380271256, -1.1516761613303095], [1.4469448268488645, -1.6375842091537727]]}