{"step": 3731, "herders": [[2.1230487572941064, -2.8758837259047723], [2.4581007649778948, 0.10223766320777317]], "targets": [[0.4831920955194483, -0.057629795365381896], [26.592100633631063, -16.017889503109476], [0.6695630439103998, -0.616593218016773], [0.9683652380631124, -0.41682405884199675], [0.5548493999556677, 1.5202181558305474]]}