{"step": 2412, "herders": [[4.856436391599572, -6.9671940618323225], [0.4254094404636577, -2.6069559491919363]], "targets": [[1.0883374274383528, 0.35778882394921535], [25.688531363562227, -21.463112895794506], [2.133237319574338, -2.8937512645094814], [3.557443397269278, -6.994055650765819], [0.3214017047839995, 0.30135751314953313]]}