{"step": 1094, "herders": [[-1.3811834744378049, 3.835576836980715], [-3.7105260478495596, 1.1243149984134357]], "targets": [[1.1261712520584195, 0.3888624065121419], [20.68412528620083, -18.043704138937752], [-0.6912775611580947, 1.4466279101680242], [1.0366381933749769, 0.6857414157035485], [-2.543079086435404, 2.4218743449287885]]}