{"step": 2323, "herders": [[-2.3396799068116176, 1.4251614994695334], [-1.4732584678458298, 3.9094489174241778]], "targets": [[-1.1399813584317173, 2.010979975632574], [24.103828623781098, -21.25559267879067], [0.3694697868316369, -0.907639038161622], [-0.3219510186476093, 1.4227304264188052], [-0.6326402189983967, -0.28345390937228376]]}