{"step": 2985, "herders": [[0.6977850759623352, -3.5683179891099654], [-2.4471345476783735, -0.7510681856730181]], "targets": [[-2.2534909910828005, -1.5251298353980354], [29.103359689361977, -20.48565362145315], [-0.07716391642817741, 0.0900702681598042], [1.6791845195996755, -2.2874378056782563], [-0.5166373570166491, -1.403122144731757]]}