{"step": 2598, "herders": [[-2.9175173899943094, 0.7408398472027752], [0.8870292630984307, -3.3404392577564987]], "targets": [[-0.28222531619931895, 0.9678946409866904], [25.347767638527486, -19.706749869225316], [-1.4922412539059082, 1.2043103621347675], [-0.5626923953601218, -1.7939376782304646], [0.12159718090076596, -1.8792375728782014]]}