{"step": 266, "herders": [[14.376551460435843, 0.9849382382745547], [-3.7008831628797805, 12.679067502084298]], "targets": [[6.621153965152053, 4.174809281993379], [22.406816184484594, -17.327000099091784], [13.02248529290677, 0.15144166247988602], [11.693197295470414, 5.678911746064111], [-2.697922263600387, 11.050649620709452]]}