{"step": 2459, "herders": [[3.2187741392553684, -6.5282605576274815], [4.244272753346749, -2.7711779180390557]], "targets": [[0.7306862439805302, 1.1293166675632116], [26.183639749378898, -20.241376339080336], [2.600565747519821, -1.559934226858049], [2.9571969517896846, -4.590196044219351], [-1.3285993435335377, -1.2062968823427882]]}