{"step": 2045, "herders": [[-5.831282920478931, -0.6346065283332909], [-1.8130346602354273, 3.036380142103998]], "targets": [[0.5986604655287121, -1.2116741621167886], [23.81112801397986, -20.506928035850816], [-1.8993972976394342, -0.9030835763987336], [-4.427272467999759, -0.4880222463645516], [-0.4809791667293229, 2.59917012787281]]}