{"step": 3059, "herders": [[3.358852809810838, -0.52973825754226], [-0.9156762955610677, -2.8398696264310277]], "targets": [[-1.0834250920686401, 0.3533379570457925], [27.75850586654347, -20.41405296312495], [-1.6052744975492768, -1.2648917673527715], [0.44243607215231306, -0.6695958753531009], [2.1013649704285338, 0.08165375207958447]]}