{"step": 3834, "herders": [[-1.897529525270691, 1.5880322607201571], [-3.601951896887471, -0.009325952418459793]], "targets": [[-0.6912220349608448, 0.5142017096309582], [22.77995536347105, -14.544529109918166], [0.9433645700438532, -0.4647131506358984], [-0.4049148193885651, 0.34307087939678227], [-2.0697881214585294, -0.9844766229694034]]}