{"step": 410, "herders": [[12.590017292336132, 0.6266755414197996], [-5.0833137878970245, 6.764375672564341]], "targets": [[5.105433942440574, 3.631546179345888], [23.489152609009537, -19.096938903185432], [11.768630205064053, -0.43279101186058117], [7.0929287297182455, 5.873453678798933], [-4.859866250575569, 4.905972139732013]]}