{"step": 729, "herders": [[3.8239572910428596, 5.607277678771568], [-6.102018901218836, 0.24650508711415747]], "targets": [[-0.1608584031973491, 6.772248630477005], [22.68761926155766, -19.979885967954193], [3.459980021862581, 0.31969006969723257], [6.1694460766398524, 2.5548594994466955], [-4.0923027245635435, 0.2641189692385212]]}