{"step": 1858, "herders": [[0.778174714177438, 3.8202757036237553], [-1.0053413570899732, -1.2170334193791998]], "targets": [[0.8819807835342934, -1.6629541865002508], [22.148373655868035, -18.69569584770481], [1.032095317093657, -2.7037132878407304], [-0.643191024491563, 3.481925178198307], [-0.7582793426400877, 0.14490817547046325]]}