{"step": 3832, "herders": [[-1.935819166384537, 1.5512400012158092], [-3.693219687443702, 0.30387883732580356]], "targets": [[-0.6558394289026692, 0.7010956866893816], [23.1545025046478, -14.636855288148594], [0.7979235767038748, -0.40852384141547193], [-0.6612017952959277, 0.2807939362866212], [-1.7863062830192002, -1.033155212999559]]}