{"step": 519, "herders": [[9.988393977784911, -0.8470568405691715], [5.752844148094976, 4.19674815699742]], "targets": [[4.926504307070227, 5.431191335461667], [22.73086566296609, -18.130729102571358], [8.162033539120854, -0.7467063603121706], [6.017559871822581, 2.107783177901918], [-5.042772017471792, 4.619745359616012]]}