{"step": 2199, "herders": [[-2.4277782587284853, 1.7624624646967666], [1.6432048049949177, -4.388545606794502]], "targets": [[2.2076877545077513, -2.634835651496788], [24.517754723493585, -20.503382372012968], [-1.9367402894439152, -2.8236233794369703], [-0.8850384646706442, 0.2809318620447284], [0.0369222673706146, -1.3939238338589484]]}