{"step": 2857, "herders": [[-4.813355044001491, 4.500400187585022], [0.2549438565025858, -4.0979355397423785]], "targets": [[-4.216324677804204, 2.749977804031933], [26.79456600351651, -18.045571442612196], [2.0021169807385593, 1.6954538171352906], [0.059296004077578464, 0.036084679034050715], [0.5742118509108608, -3.0047703949591327]]}