{"step": 2113, "herders": [[-4.312193490672377, 0.34003148108966336], [-0.09201673411867806, -0.3538858873454072]], "targets": [[-0.1998518846628776, -1.1988611241020855], [24.933285936280583, -20.053538972401586], [-3.2184843214152288, -1.0653827635857192], [-1.423798861153714, 0.41152498996047804], [-1.281448613850651, -0.7059205574373935]]}