{"step": 276, "herders": [[14.07225943198391, 2.546276005299624], [-3.3690259926038335, 12.166323252876936]], "targets": [[7.037835070969484, 4.203682829115256], [21.229043390728826, -17.027776172931674], [13.432724147342457, -0.36075571434945425], [11.946063608827323, 5.151829607080965], [-2.6717038097635277, 9.578352479069682]]}