{"step": 577, "herders": [[6.094437681848588, 6.941058022127223], [-8.815942154594893, 4.7905680603389955]], "targets": [[4.546864370315831, 6.521456140280672], [23.577331204913477, -17.892748063006515], [6.823273044140948, 0.08981497995070113], [4.2163626129553124, 1.487538660207323], [-9.08623657857406, 2.765447527339999]]}