{"step": 1641, "herders": [[2.6948016377877515, -0.8450419282939974], [-2.494725062457366, -0.9925965674521172]], "targets": [[-1.7621672061273572, 0.13485316112761186], [20.67342552834117, -18.638083119368225], [-0.2621801603394178, 0.1896583358297353], [1.4685358478829809, -1.1690628639464657], [1.8208419852506017, -1.632693697977374]]}