{"step": 550, "herders": [[8.188266519171037, 2.3102110055760097], [-4.011353517688767, 6.220162918022986]], "targets": [[5.604452999611002, 6.201079003855973], [23.799380730199164, -17.751860243449233], [6.606373181545536, -0.16247418224849808], [5.183803851030837, 2.420509939607116], [-6.752372481941203, 5.053027326729003]]}