{"step": 3005, "herders": [[2.222496291687658, -3.1909502696463834], [-2.872714295867763, -2.372175175499316]], "targets": [[-1.1538139109783763, -1.7803964384457283], [30.056951738762887, -20.163019326925195], [-0.475991248062224, -1.306301780828743], [2.03705858835481, -1.2188676530929656], [0.5164410505801582, -2.7687452937169286]]}