{"step": 735, "herders": [[3.4698346081249163, 5.794042156772876], [-5.857226242356442, 0.31765000750536004]], "targets": [[0.5957066306743775, 6.739484591353426], [23.177285373335863, -19.78489941309593], [2.5332634849820637, 0.4664287583340292], [6.261318481534945, 2.16350512335814], [-3.9538862970349573, 0.11091945734524958]]}