{"step": 3412, "herders": [[-0.4164294399018778, 3.9866942366835136], [3.4961165019514007, -3.2923527819140403]], "targets": [[2.82924786019928, -1.7145813478078873], [33.0413612254051, -17.979808628802264], [-0.05433515772081393, 0.18675443284943435], [1.095995247962859, 2.291109445722663], [-0.36274555390949514, 2.3046261387584575]]}