{"step": 117, "herders": [[15.380489392658705, 0.554405043954537], [-6.151326790088498, 15.663849543968855]], "targets": [[4.272220871510137, 2.1579343743625015], [19.459991437901103, -15.95718712075318], [13.293670379811592, 0.30605861264017115], [12.585675308585188, 1.5982389599249047], [-5.296043345332097, 14.537195799140173]]}