{"step": 2043, "herders": [[-5.813852997849391, -0.6660777571724745], [-1.8991515497630047, 2.8208648263876754]], "targets": [[0.7832294652607588, -1.2577885006807643], [23.59042064329108, -20.718909672938985], [-1.883098241646744, -1.2288520715933502], [-4.434472907965042, -0.3411968157876638], [-0.8793036121225801, 2.825390599602604]]}