{"step": 2752, "herders": [[-1.7896739386996086, -2.3979827507027904], [-5.271585159931644, 0.8295306342695306]], "targets": [[-0.05123752840619209, -1.5133718872085233], [25.24359051231899, -18.566036886135542], [-0.11167161367777634, -1.0644572042403482], [-1.303526636919702, -0.5014702545579408], [-4.565146123525085, -0.08363904411853909]]}