{"step": 1799, "herders": [[3.7491501030364245, -1.3567925386347492], [-1.15602392497816, -2.8409143808537185]], "targets": [[-1.6855324077735074, -0.44557256295618464], [20.711355484132945, -18.853777152629814], [1.503202748030146, -2.040803734187229], [1.7399453886357392, 0.3570337225182927], [-2.492513069186439, -0.6889126089976815]]}