{"step": 987, "herders": [[4.8039480003773365, 3.661362472482122], [-2.2691871788026963, -2.190841767012095]], "targets": [[3.0959222114538267, -3.34524522002155], [23.023623444579442, -18.931079180438974], [3.551291107842671, 4.171265844225444], [0.6923931203302798, -0.3660771479459238], [-1.6511443994188149, -1.3203025166910685]]}