{"step": 115, "herders": [[15.494834774505792, 0.6275339841044882], [-6.179766778399293, 15.603853035745344]], "targets": [[4.314432108492541, 2.216198824644886], [19.408119297105852, -15.866071216784944], [13.232599958845595, 0.12575340572806837], [12.782847003157718, 1.503504789476188], [-5.464349056758752, 14.599011035244262]]}