{"step": 2712, "herders": [[-0.4229416330891923, -3.954439468649552], [0.13164855500765038, 1.4063072562870267]], "targets": [[-1.7723591011491784, -0.8894376846731009], [24.39056931229337, -19.129663004580436], [0.5197562424106101, -2.549896668542084], [-0.796041466800903, 0.26021059713222416], [-1.0557543354377568, 1.6959330692754044]]}