{"step": 3842, "herders": [[-0.5545742321442322, 0.5565405538932029], [-3.3840408791074097, -1.127375157942193]], "targets": [[-0.43394718470002114, -0.4079840497227451], [23.55290992037707, -14.625323119082433], [0.48124027951273457, -0.8248521605241899], [0.05440468466263523, -0.3872995017831632], [-1.7444794674186108, -2.5829935372120034]]}