{"step": 49, "herders": [[17.29518592462949, 3.071188521349984], [-7.144325302774448, 17.0086256682722]], "targets": [[6.805079344187732, 0.868147183321504], [18.868593865302575, -14.41191930671075], [14.36263733847717, 0.4132194327120012], [15.169807029255546, 2.478396062831898], [-7.030894654343298, 14.956153907109135]]}