{"step": 2090, "herders": [[-4.406865083388787, 0.6156188199268114], [2.1217299341383606, 1.198431398370635]], "targets": [[1.2878744778938505, 0.12114710913066062], [24.13805535699808, -20.246820789094006], [-1.8773717378824104, -0.8782591689375989], [-3.5122881722513224, 1.9115285829671422], [-1.066153819783466, 0.3701881400679485]]}