{"step": 968, "herders": [[4.884454274079186, 0.8601221910543122], [-4.354319041153085, -1.932396625850122]], "targets": [[2.583071974406648, -2.574181688582472], [22.45033063768382, -18.915827384977067], [4.20210074963353, 2.340512188188056], [0.9048878233346418, -0.6716028839697556], [-2.03094292151792, -1.0981302360408753]]}