{"step": 1608, "herders": [[-1.4363484795130517, 1.6006200562238442], [-1.6564267731930005, -3.094945319681577]], "targets": [[-1.8482675302561853, -1.520703066129612], [20.517004182926062, -16.64957848192597], [0.40877263761404503, 0.6218614092735908], [0.42993628261901434, 1.53508131851292], [-0.24433001749035185, -1.1078500127086306]]}