{"step": 1255, "herders": [[-4.028319496111051, 1.4342599227616128], [1.5513091559427346, -3.4541455023098346]], "targets": [[2.1903448025532417, -1.4719072427257658], [20.231327587120997, -19.13057923420625], [1.3830368924086165, 2.164766878372011], [-4.083026581806293, 1.4512913254419435], [-0.19637826904470546, -2.575552390956319]]}