{"step": 1243, "herders": [[-2.099699579913881, 1.0124460551989738], [1.5455958090732849, -3.524681654825508]], "targets": [[1.6787404100193477, -1.4844376186342596], [20.138195865002576, -19.61364887802994], [0.7322361870955745, 2.2710932957121517], [-3.4620356061443687, 1.0007367502851745], [0.5610826798952488, -2.291855956312675]]}