{"step": 2762, "herders": [[-1.8042458497992493, -1.8237487544387516], [-5.659970195620207, 0.14283451240892162]], "targets": [[0.45230198434344915, -0.469952061589624], [25.265363324646007, -18.360004048010502], [-0.09424928084496442, -0.5527164628699546], [-1.0901523170510832, 0.28487129447584847], [-4.026527412096279, -0.7222156981820858]]}