{"step": 2950, "herders": [[-3.8672231677080946, 0.5434412943057544], [-2.183205752720664, 2.447872576471026]], "targets": [[-2.2482704006002927, -0.4992750224234668], [28.20802833374323, -20.920079075539594], [-0.6022492875324903, 0.40133932712600007], [-0.6765382379668736, -1.0518569176885881], [-1.7627861475058275, -0.21593799608694453]]}