{"step": 238, "herders": [[14.051768960197093, 1.7248371583717996], [-5.487197551149339, 12.286768684325624]], "targets": [[5.781434704289222, 2.635244071183837], [22.427223434075533, -16.72243367356057], [13.01634115326341, 0.5016477749110979], [12.08142371108126, 4.999595491616275], [-4.490877696795519, 11.103911894527087]]}