{"step": 941, "herders": [[3.922254302470055, -2.6893772818533295], [-5.450954370291446, -2.8176442056830826]], "targets": [[1.4091626297865296, -2.8359514289582144], [22.447389864796897, -18.001219201806567], [3.6107422869696233, 1.0529462776851533], [1.7601368992323165, -1.3900099915788262], [-3.9698317450540737, -2.3485149966464136]]}