{"step": 3293, "herders": [[-1.1827210161703074, 5.417589764094336], [-0.6243993225982947, 3.560850664805296]], "targets": [[0.2031813982262514, -1.8297124356035717], [31.08257536034114, -18.08136317195913], [-0.049350285044746624, -1.0944884727496442], [-1.8525449644156218, 2.0079507999034383], [-2.0713354469005063, 4.726636692365401]]}