{"step": 347, "herders": [[12.644172221630043, 3.5838290699140845], [-2.4860551804602187, 9.987885957488905]], "targets": [[6.319952500952145, 2.7432123307897895], [20.261053705173833, -18.049970275510688], [11.985588046067017, -0.8080196029249869], [9.686495558339235, 7.442772036278604], [-2.9534515260254146, 7.651689837439835]]}