{"step": 173, "herders": [[13.714698046332906, 3.8143071046071175], [-6.2378844688109725, 13.94736357509188]], "targets": [[5.13534919388594, 2.727312088790371], [21.12497895386827, -16.796905110011146], [11.79930937567647, 1.0643721754270707], [12.058865613687495, 4.350304835324991], [-5.421876634604478, 12.45862132101887]]}