{"step": 1530, "herders": [[-3.753902395134376, 2.6487497343014517], [-3.2738182615825755, -0.9525222715023002]], "targets": [[-1.5511651026280389, 0.6590210736799711], [20.329199594951927, -18.86150699734796], [-2.483599645787928, 1.143697832098716], [-1.1333826801152043, 0.284749147042393], [-1.0372480473856969, -0.8972698959264764]]}