{"step": 1263, "herders": [[-5.039383361441495, 1.5066968960557734], [2.701034784451459, -2.5628263229544688]], "targets": [[3.3669569910133283, -0.275495080854568], [20.64577080375972, -18.882269081753844], [0.9735645975896212, 2.6883638118368025], [-5.140528162637432, 0.6853345242810892], [-0.682754022014147, -2.686850524098694]]}