{"step": 3993, "herders": [[2.444994772470783, 1.6669438841321773], [-1.023315859743727, -2.543400219705302]], "targets": [[-0.6718395112551927, -1.2846171392234604], [26.42660017323325, -13.76873739379071], [0.855904481751781, 0.46062286942038194], [-1.2935973889481343, -0.45205474743009455], [0.6807757793262059, 0.9908782438936605]]}