{"step": 942, "herders": [[4.09153050512507, -2.065039051625659], [-5.422436621727436, -2.8618367185387883]], "targets": [[1.3270806414717111, -2.7961081357441624], [22.160884969475344, -18.449392741512646], [3.562045002900478, 0.8701870647344548], [1.6968839608001764, -0.933968848920044], [-3.644408824509736, -2.2245241845596335]]}