{"step": 627, "herders": [[3.7754796149944045, 8.65132992191993], [-9.023576605625532, 0.3208064653404954]], "targets": [[2.5660371490113376, 7.589440811964583], [23.180145476332246, -19.14699363498214], [6.145305217553592, 0.20100699240872338], [4.8265302147494085, 3.0001149662152136], [-7.022505758198325, -0.9637630686767722]]}