{"step": 3599, "herders": [[1.6897861153339373, 1.1921649732044144], [-2.4127361848321094, -0.6400769145624476]], "targets": [[0.050788451879048124, -1.0663962387388615], [29.894846595362264, -16.373919205025537], [-0.20014132242525406, 1.650652805694603], [-0.8619845297027254, -0.5914815771110027], [1.06032054357218, 0.39014150705341627]]}