{"step": 1260, "herders": [[-4.773263219380851, 1.5328950105172992], [2.4214773401759886, -2.8559253474425343]], "targets": [[2.8173541700132163, -0.5929863799189179], [20.353714029923776, -18.80297424218533], [0.7751265828272605, 2.7841654070022965], [-5.078667607903368, 1.0535566436024832], [-0.4004174297769403, -2.3218169092844296]]}