{"step": 2541, "herders": [[0.629502652288671, -4.553857080276753], [2.849753077724651, -0.3669155093198113]], "targets": [[1.4049445269315304, 1.8513861938798402], [23.922859787702777, -19.391264479498318], [0.1204271041706042, -2.47569637851024], [-0.5119300427011508, -2.462879353742948], [1.4183674547183542, -1.4169048456293103]]}