{"step": 104, "herders": [[15.671732663261864, 0.7291118472089413], [-6.525436928143775, 15.763035469997837]], "targets": [[4.843004169180114, 2.2198393066048547], [19.129756557902592, -15.787653399445455], [13.850720524697, 0.5063108889043654], [12.99783197746117, 1.274082751642601], [-5.35299567967668, 14.540645003159144]]}