{"step": 3696, "herders": [[0.9144054754135904, -4.095516167553054], [0.07105057126052874, 3.141492748981854]], "targets": [[1.3545049842777157, -0.6626947008670725], [27.385323307872035, -16.604242748660024], [0.7969762713151561, 0.7429487120715257], [0.6483711093725074, -2.2447317694146323], [-0.39102690004611673, 1.1874650011013532]]}