{"step": 3113, "herders": [[1.066310267912889, 3.254739765878126], [-2.5022541377851635, 1.0666281829499749]], "targets": [[-0.38113789763667044, 0.10751583242206893], [27.769104435698914, -21.051599130803766], [-0.4344605088793139, -0.5932302558534003], [1.5599809099926334, 0.3416913033413929], [0.28637185117225644, 1.6620151282806654]]}