{"step": 2942, "herders": [[-3.9773093548235434, 1.2792260164521485], [-1.8672261899897329, 3.136663060360088]], "targets": [[-2.7698776104921046, 0.24481367558286973], [28.04727080097896, -19.888746754661234], [-1.3571582225988046, 1.186808671440886], [-0.4039951123532539, -0.1463907745845357], [-1.0749183478979207, 0.6397176863447668]]}