{"step": 3377, "herders": [[-2.881279065822846, 4.132122350942607], [4.973913132117702, -4.869972168589044]], "targets": [[3.6780995734808486, -3.569923623290624], [31.707881967533833, -17.90409256659667], [0.3017251447076137, 0.576120631049417], [-1.2522110191934355, 2.774204508336327], [-1.3787572633103495, 2.5480298711959204]]}