{"step": 43, "herders": [[17.43506220850844, 2.987342804057939], [-6.9405443012111165, 17.28625471712471]], "targets": [[6.818018025565484, 1.4368227597909624], [17.943969527173884, -13.834978522502166], [15.179085776401367, 0.26776315618946883], [15.935402243475483, 3.0598945113317635], [-6.679566295421251, 15.301057970234426]]}