{"step": 2143, "herders": [[-3.9110749400580476, 0.33393786836469563], [-3.8640400697077175, -3.3530683551550435]], "targets": [[-0.5313159989682462, -2.3651779791760728], [23.90656796587538, -20.202459614951184], [-2.6231983506336993, -4.291722400647692], [-1.6796769470067805, 1.8545277997055258], [-2.387278953619922, -0.7413712995076879]]}