{"step": 1194, "herders": [[-2.119218996224729, -0.5755920781079573], [4.331823961995694, -2.3644112658519885]], "targets": [[-0.12510411442772013, -1.4428270009371529], [19.96693913427936, -19.52004678332387], [-1.0993416395218745, 0.5553245172022434], [-0.9180554777722596, -0.4523416389542897], [2.4962471328426776, -2.1849161137845297]]}