{"step": 2824, "herders": [[-1.8286208906700776, 5.775445477525867], [-2.5905232859589606, -2.759389354725343]], "targets": [[-2.840957624173741, 4.5669199362175545], [26.796964576433858, -17.426364620381303], [1.3243685492231363, 1.220319526702014], [-1.0360862613189936, 1.312691839655981], [-1.2175041484466735, -2.2258785943082193]]}