{"step": 3003, "herders": [[2.5365414296096045, -3.032460688098505], [-2.919573406091891, -2.325373702654778]], "targets": [[-1.5526451470899953, -1.570632547704008], [30.288203135797588, -20.205791503413046], [-0.5483232357161755, -0.7029515345118399], [2.2091860483731405, -1.3080792796810823], [0.2813791329424108, -2.597780361857638]]}