{"step": 843, "herders": [[6.0654807073623225, 2.043707669199181], [3.2765111625195096, 3.3557631084834196]], "targets": [[4.248054545302427, 2.149188430108539], [22.619687997394372, -19.554965380527815], [3.1352203786639516, -1.6612187335430213], [3.9521469945032246, 1.3765011943997334], [-3.208182477428273, -0.4775606926621666]]}