{"step": 520, "herders": [[9.93850420529757, -0.8525028651282951], [5.780060625276388, 4.5485681697396645]], "targets": [[4.377589326651257, 5.77234964342629], [22.463384342669674, -18.022669531327765], [8.016242111937826, -0.7896397126985449], [5.930412184963465, 1.9238211885604433], [-5.079604076965646, 4.782912654551845]]}