{"step": 683, "herders": [[3.550069371471381, 7.160604673666761], [-6.63037053636483, -1.6778171834812794]], "targets": [[0.8221078213272374, 6.705458961749399], [22.159232441962953, -18.99509606853784], [4.28648433185962, 1.341120142904222], [5.32153122881784, 3.3523527015378116], [-4.9514692278123285, -1.6778571489458598]]}