{"step": 1700, "herders": [[0.6844244879824781, 2.1189488218140404], [-1.4243522896384246, 2.2609783941050874]], "targets": [[0.041758623598073585, 0.2850991147414408], [21.627147121496776, -17.901790494100148], [-0.06501057102248023, -0.3783370888090105], [0.40018123050388743, 0.42487985204763723], [-1.0949781010081518, 0.6354288110343757]]}