{"step": 1939, "herders": [[-6.021710483709335, 0.5859117485240858], [4.391779561403904, -0.525385899000554]], "targets": [[2.926490778927075, 0.31134896840064596], [23.180833541451477, -19.7057314027445], [0.6780541586312716, -1.3116288181573315], [-3.910481095117849, 1.1898391311920284], [-1.5737911571098928, 3.1244569754729428]]}