{"step": 2062, "herders": [[-5.339262274866152, 0.05444477798157433], [-0.16810877988815143, 3.0013432705652163]], "targets": [[0.5114680057136591, 0.5451455691256368], [24.058269678080002, -20.102787347838703], [-1.989770517613048, -1.6139785940947307], [-3.276699430927744, 0.19491677602898683], [-0.04833217959533703, 1.2785081325190035]]}