{"step": 562, "herders": [[7.037603433322812, 5.5955756368702], [-6.721975056718475, 5.651868493705974]], "targets": [[5.1046993864175105, 6.162250431812918], [23.75716226030775, -18.1954575574604], [6.722247676857413, 0.4881024650234729], [4.325553078881079, 1.978087079524336], [-7.719389377186278, 4.507734505628357]]}