{"step": 2410, "herders": [[4.938449402776523, -6.770259062323353], [0.11526671189260584, -2.373678311848282]], "targets": [[1.0290448561332264, 0.38398641600455014], [25.24588614941475, -21.754750646644506], [1.4543737139601667, -2.6176526430707967], [3.6755928377376663, -6.765131643455243], [-0.057311346474028246, 0.2249679355008126]]}