{"step": 3923, "herders": [[3.6866523532088795, 2.709059981422723], [1.0049743536800753, -2.8474752470666425]], "targets": [[0.49770616790106625, -0.6779429429709092], [24.317748860211903, -14.82275267883681], [2.7510135626018033, 1.5572516639441754], [-0.7557974218131724, -0.8600866612030317], [0.21405635963553055, -1.076640170149415]]}