{"step": 1274, "herders": [[-5.881836964808519, 0.906413151353396], [4.104237046466222, -0.8801666500963474]], "targets": [[3.58842701626777, 0.11457230062117152], [20.473030444588613, -19.079297724708454], [1.1305713165397755, 3.2729536297548107], [-4.741036224889246, -0.035494269156406244], [-0.5692790303861972, -2.7935687273717744]]}