{"step": 2370, "herders": [[2.6339818774407657, -1.5564919926986065], [-1.4732584678458298, 3.9094489174241778]], "targets": [[-0.1977672464757111, 0.751710550428031], [25.529059196337446, -22.287426098067474], [1.3258382274348455, -2.4368456244256893], [2.797823259645205, -2.150012384473706], [-1.2817531045355741, 0.35705669467485224]]}