{"step": 217, "herders": [[13.077070518826927, 4.781509023831272], [-5.936252839253445, 12.821196998919433]], "targets": [[4.679456934606881, 2.9366392421842824], [22.340028757498686, -16.487361197200713], [12.129186040590897, 1.2338029440630982], [10.705162436050433, 4.86265664994527], [-5.3281551077017335, 10.94438310768057]]}