{"step": 1114, "herders": [[-2.3133610037513526, 3.5847604973366294], [-3.6647628468049502, 2.018564115765127]], "targets": [[1.3297363680502028, 0.1402819944382997], [19.812504171968254, -18.163603314574566], [-0.692426363159522, 0.5734228043397627], [0.7061926489512611, 0.6228030074426714], [-1.8002196767848144, 2.126185542796044]]}