{"step": 1645, "herders": [[2.637010093551736, -1.3616542204936557], [-2.6390024795730107, -0.5668874184931222]], "targets": [[-1.4196177542530783, 0.34409474607885693], [20.975635291799072, -18.85238164528844], [-0.21073284526849595, -0.13313362720820798], [1.072625018664076, -1.0770411195373193], [1.072072594495169, -1.6627453875416478]]}