{"step": 1577, "herders": [[-2.92820968178017, 1.1448192130123818], [-0.44576799447132054, -3.947958613009955]], "targets": [[-1.672256250695794, -0.8427968543247855], [19.62522911097655, -17.299079559699233], [-1.3896134690230044, 0.8681553345127124], [0.023820806226284963, 2.1829892129163904], [0.21461112809050314, -2.1576849914103846]]}