{"step": 1724, "herders": [[-0.6628554793951159, -2.756553659364317], [-2.060149407999481, 1.4795758705865847]], "targets": [[-1.5171531702423904, 0.27010538548643215], [20.597988635022634, -18.273685905912693], [-0.5186209371400183, -3.777350067575835], [1.4176005107184848, -0.937730947328334], [-0.9955804007336502, -0.47939674800311743]]}