{"step": 2770, "herders": [[-0.6098245220409549, -1.7255983585133456], [-5.512676340097868, -0.3528895896181364]], "targets": [[0.40918840227070474, -0.4749707948709189], [25.12488723313233, -19.053754220889886], [0.1803298740908818, -0.39590576023418467], [0.0750363624219964, 0.6677527104828372], [-3.272623849721477, -0.4228332084564853]]}