{"step": 3111, "herders": [[1.1843953156968507, 3.2184616298205277], [-2.545286952908223, 1.1391886493065797]], "targets": [[-0.8178458482210554, 0.23736207299400974], [27.813546348962397, -20.63106068435048], [-0.2757609839533633, -0.1953860664741968], [1.6165712110507013, 0.19924814508550462], [0.22612039404228648, 1.9700994818775135]]}