{"step": 3671, "herders": [[-1.1824242939722405, -4.28651396740099], [0.1808246645315479, 3.657271874110907]], "targets": [[0.20551540936143942, -1.6644415594036843], [27.233761714154195, -16.82525611885224], [1.237207535647924, 0.1688204391188486], [-0.03321136736379371, -3.893097310198421], [-0.12426845208176379, 2.101029053231604]]}