{"step": 1294, "herders": [[-5.685732310922087, -1.129652339567476], [3.3719174875970843, 0.5658703548923066]], "targets": [[2.6883353730604265, 1.4569953768701318], [19.928846648990238, -18.59862461864693], [0.9009521233256369, 2.737936536372496], [-3.7440043915007033, -1.719029335937941], [0.3480301525086319, -3.172955853708886]]}