{"step": 2642, "herders": [[2.0734392278122984, 3.0240681699964718], [1.9406928707453142, -2.2174056601721825]], "targets": [[-0.19242148002177994, 1.366719026112917], [23.605960735929326, -19.866639278430615], [1.5581179063664, 1.3106419147220483], [-0.23951507783665496, -0.723332798118678], [1.6940127526346604, -0.474990770589792]]}