{"step": 139, "herders": [[14.553670386941166, 1.4659015868295093], [-5.920756220635823, 15.6845969792393]], "targets": [[4.664186957070133, 2.7362704362053694], [20.990230872932667, -15.770640151206912], [12.790803192407912, -0.12132307022095107], [12.891042526443817, 2.221429572206499], [-5.785683906068999, 13.6041501967173]]}