{"step": 2524, "herders": [[0.8405051350666031, -5.435322780950985], [3.2153550984742, -2.794544647471809]], "targets": [[1.9740284598863267, 1.113169877269092], [24.549119731773672, -20.49364483541447], [1.8064521016403, -3.082347075769109], [0.7474513952709365, -3.075436485363246], [1.9314458491100641, -0.9487166259379551]]}