{"step": 764, "herders": [[7.98003735989105, 2.85310904566784], [-2.45641817476053, 4.529080231561313]], "targets": [[0.44151723605903487, 5.677278013506956], [23.03496428701929, -20.073613848346714], [2.0522908589175217, -0.46724789133534544], [7.7362171796805, 1.5766293481547873], [-3.7643962588454136, 0.20585293216258527]]}