{"step": 3234, "herders": [[2.285036274434978, 0.9092954685537202], [4.013669922568273, 5.1593350932503546]], "targets": [[1.4128734955794706, -0.49952209272193837], [30.351123237792216, -19.02788289485947], [-0.11578331148632312, 0.6600476105285835], [0.2338707272448684, 0.7987427947907227], [2.9346253230206885, 5.2004128280978605]]}