{"step": 1152, "herders": [[-2.5019848663184825, 3.076861132842036], [1.9602127366028592, 0.7536634150307637]], "targets": [[1.5181309749642176, -1.839136745589106], [20.978222534045173, -19.06437986163867], [-1.602239754900293, 0.3067366150963198], [-1.466110978343384, -0.3449055731829981], [2.4008632252389415, 0.35725365071370013]]}