{"step": 1300, "herders": [[-5.463313051646731, -1.6894050816811597], [2.388641966044816, -1.6116399761048108]], "targets": [[2.6294353191638056, 2.207078452859277], [19.76126286423388, -18.890421053256876], [0.9032862734701933, 2.6413751936145373], [-3.6164301622912576, -2.007209570779121], [1.035695962673742, -3.906609567313338]]}