{"step": 1060, "herders": [[1.2658574686895205, 5.174165278525613], [1.9095330541080588, -1.2752528078872685]], "targets": [[1.7345748498429985, -1.1192076692497208], [21.811447012136924, -17.189989233240553], [0.25024389633573607, 3.0860910764183456], [0.6413747697229475, -0.18667680946590356], [-2.475956098055876, -0.5410637343730278]]}