{"step": 3910, "herders": [[3.923525599517706, 2.3792082192996125], [1.2504193024859493, -3.2276425864795724]], "targets": [[1.5370763337926139, -1.4745801417998599], [23.8958002991922, -14.812119622877306], [1.9638998323711427, 2.1761107456057074], [-0.4353708655054818, -1.5139712087716546], [0.7457405393336006, -0.9716815109017776]]}