{"step": 3694, "herders": [[0.8259619511795, -4.234102744138296], [0.19890625697522726, 3.2009355581365866]], "targets": [[1.3330684290792318, -0.9091572430305404], [27.740718518033262, -16.557581724635963], [0.3782868837364432, 0.5167879588233315], [0.8257867281390336, -1.9310122335979578], [-0.3130915315420183, 1.3437785353181582]]}