{"step": 1048, "herders": [[1.9485784879203365, 5.924842960195246], [4.554879608501603, -1.2964589975900855]], "targets": [[2.0440695607087025, -0.8820449588734082], [21.979398111395255, -17.385258719338143], [0.955951389898507, 3.7323895590562435], [0.16008610219532154, -0.11821316533396292], [-1.9867358200543022, -0.4915018077551424]]}