{"step": 952, "herders": [[4.215362968211595, -0.8799874037283248], [-4.835243607027197, -2.6858912433875037]], "targets": [[1.3381261496841332, -3.031145286847867], [22.024879037896003, -18.90165510544656], [3.4833061364073115, 0.7952378109772906], [1.1830862138091234, -0.44215255898479544], [-3.3574928693950854, -1.49355028594811]]}