{"step": 2138, "herders": [[-4.09854365345943, 0.23798574960136226], [-3.7818120981238623, -2.643997460655478]], "targets": [[-0.13569551783807032, -2.3862266721726137], [24.044669463519575, -20.216849314574564], [-3.416092538977214, -3.7691966837112423], [-1.8501265632718913, 1.5592497601333157], [-2.0799197874588398, -0.37695804312699516]]}