{"step": 947, "herders": [[4.334869347483675, -1.1550303973176443], [-5.229383597084971, -2.903228346711477]], "targets": [[1.908694131852532, -2.5257232157611167], [22.360245815888554, -18.54157991398063], [3.2374878371973708, 0.8428022465094355], [1.6834116898152527, -0.9003858086231264], [-2.9235994039873487, -1.7385877581636866]]}