{"step": 3863, "herders": [[2.9319228734815583, -1.316150888886888], [-2.10992629898533, -3.141836695345087]], "targets": [[0.05493555806147182, -1.756169812625319], [22.783076882069967, -14.4094789176386], [3.4685344274383874, -1.308324984290395], [-0.13663221442640175, -2.34009539665793], [-0.7578986871864648, -2.720871161671127]]}