{"step": 1930, "herders": [[-6.356186244131828, 0.33529494093432355], [4.204200229813426, -1.2214831795415444]], "targets": [[3.1927517203686993, -0.13284743658324136], [23.03344032738036, -20.34506609271845], [0.8296321514445846, -1.5435872295623871], [-4.586774918416921, 0.22690308240741552], [-1.3927171733196038, 3.013967429617442]]}