{"step": 2024, "herders": [[-6.589122904885504, -0.008093918066763045], [-1.7415231949151824, 1.6673222790178774]], "targets": [[1.1286388879981897, -0.4612876876574338], [24.648400164983574, -20.334404574932723], [-2.7328324413877167, -1.075820697440407], [-4.379936824410458, -0.33214672774877996], [-1.3358764154633076, 2.957151174566203]]}