{"step": 3597, "herders": [[2.0962401982202934, 0.9521293429005078], [-2.493580658307082, -0.47732339168233334]], "targets": [[0.009514102973487384, -0.932647214265881], [29.683296974642335, -16.16370145361557], [-0.26291577170851443, 1.0939008452442942], [-0.7829204718729555, -0.6257967881027968], [0.8164179034934714, 0.29280672005171665]]}