{"step": 1574, "herders": [[-3.3899651617973703, 0.731908650532205], [-0.631672251105768, -3.9680708136082625]], "targets": [[-1.7823708752631628, -0.7175431333010844], [19.606574171662835, -17.34133023976317], [-1.5047366176249248, 0.935935228830324], [-0.17799908228052974, 1.9906068948999582], [0.3728699489217778, -2.352483554153146]]}