{"step": 1076, "herders": [[-0.40965766772461093, 4.5367043500533315], [-2.412655666488226, -0.7958800629043288]], "targets": [[0.8849289752190422, -0.5154032997005508], [21.22286567402393, -17.746561633049833], [-1.4843375520726478, 3.2241607495616726], [0.9106750304922163, 0.10806518265714682], [-3.0986760136273896, -0.2477882051254045]]}