{"step": 641, "herders": [[2.8102926981540572, 9.167435753609338], [-8.518972112207376, -0.4465468536191438]], "targets": [[1.3417846927614399, 8.155593674888957], [22.591950052934624, -19.441189983497285], [4.631075521984819, 1.4962840127853765], [4.2511580218574085, 3.1859397339477398], [-6.707838217550756, -0.3186336440563486]]}