{"step": 1355, "herders": [[2.232846608642789, 3.7000379828550343], [-1.852514092241334, -4.991816510434419]], "targets": [[2.8054341815054866, 4.403054342905865], [19.525162430078456, -18.712958053955926], [-1.678993702332226, 1.3176084144887292], [-1.2280904802382664, -2.5221212507469506], [-0.9053444533964002, -3.180002856696806]]}