{"step": 1706, "herders": [[0.3257751192280611, 0.9075330077128952], [-1.810013564013718, 1.9393474382243001]], "targets": [[-0.3148102817138547, -0.33343311633018013], [21.541425558718377, -18.18562229731479], [-0.12208272209972859, -1.1195825070973329], [0.2171108947856415, -0.02691707313405542], [-0.9507177345442603, 0.43228844269012523]]}