{"step": 2229, "herders": [[-2.307453586951326, -3.748690606461758], [3.79321739150346, -1.747108697190769]], "targets": [[2.1049144513544706, -0.10127181201613532], [24.20239832883807, -20.834767910974936], [-0.8238132688970057, -3.6026419207171245], [-0.32823462810562065, 0.6609716135509869], [-0.14970496625614169, -1.8635259103530535]]}