{"step": 204, "herders": [[13.688755144014365, 3.2558180516311026], [-6.042755274521186, 13.104265089907676]], "targets": [[4.549927355824305, 3.5221417493770537], [22.38508248118321, -16.66169186294867], [12.731341934665718, 0.8043367015577414], [11.858447956353078, 5.492451875988919], [-4.987842548360666, 11.332642582144253]]}