{"step": 3446, "herders": [[-1.5019908425632127, 3.3419252631226133], [3.4246966838188633, -0.33441820733967254]], "targets": [[1.2368674626757352, 0.6330517932196588], [30.989977926878296, -16.834350751189504], [2.0021487312582247, -0.7989301596809414], [2.736922524907877, 1.4735522753534596], [-1.1687638253794688, 1.102114935992697]]}