{"step": 2163, "herders": [[-3.521155241549245, 0.6387012189703335], [-3.296493175279401, -4.89424286549344]], "targets": [[0.9898784481307877, -3.488712726941065], [24.507566729107705, -20.31528938537094], [-2.5424471405532856, -3.8087692421216346], [-1.1297822685411112, 1.769241544799965], [-1.6644239168255908, -0.5574173366269316]]}