{"step": 21, "herders": [[17.807129479728264, 4.173796073221721], [-4.954220920514193, 15.97525004619278]], "targets": [[6.610000750858402, 1.3480677500715879], [18.602528472943327, -15.298822418931657], [16.06785181150433, -1.2631050523335414], [16.06143305434944, 3.064577850775921], [-5.921926406291283, 16.418755607773598]]}