{"step": 2510, "herders": [[1.1587300330724393, -6.033028689678935], [3.5650029496014968, -0.21974740515734076]], "targets": [[2.466429278338892, 1.5048816861213403], [24.469066556860522, -20.936479836472955], [2.3328207378728467, -2.1694625192647843], [0.36971803561432215, -4.418707646692999], [0.09840130070979754, -0.7649206647424212]]}