{"step": 3308, "herders": [[-3.418196079878702, 5.360417423068688], [-0.5574474327770247, 0.3012523485521651]], "targets": [[1.300522686524457, -2.579247515169841], [30.268530138955903, -17.904521522342087], [0.7895433020451768, -0.5504731380189364], [-1.28607906659682, 2.2711419924744893], [-3.833084918275653, 3.3241745920101735]]}