{"step": 2671, "herders": [[-0.8385526631254666, 1.2165472950571548], [2.593508250309284, -0.13865116187797752]], "targets": [[-1.2160478923952165, -0.27566278071704875], [23.955931638137947, -18.825680590613697], [-0.6316895657522653, -0.3090390232601593], [0.2623098101891724, -0.33211977325960484], [0.8700327323250038, -0.4128127697357704]]}