{"step": 3614, "herders": [[0.19669475265484526, 2.29676476610647], [0.6557811928416561, -1.641891591151229]], "targets": [[1.6432667103083007, -1.1232321562356147], [29.457419256791116, -16.651322111461763], [-0.4273161743297046, 0.6411813007809033], [-0.6146178432835763, 0.14241367314060382], [0.9397402861453144, -0.12272210668995231]]}