{"step": 2084, "herders": [[-4.524777342099884, -0.4565451066638585], [1.8156057961768681, 1.8849706340587737]], "targets": [[1.1778343127330195, 0.37532188048824333], [24.158108129076915, -19.83941103219417], [-2.4732569579467247, -0.5470532706213457], [-2.9699259790214154, 1.3300258335860735], [-0.5550853126398847, 0.533805002194193]]}