{"step": 2957, "herders": [[-3.7230439671223996, 0.08580080986552696], [-2.03774303758907, 1.9190478142328873]], "targets": [[-1.4517542508505157, -0.6496168469006703], [28.09913196768171, -20.646542215549097], [-0.38323295986185757, 0.1759285892776203], [-0.21292717721851878, -2.051558134087407], [-1.6929080444169209, -0.3224041607089899]]}