{"step": 2812, "herders": [[-0.5585734076637328, 4.687097442576635], [-2.945296839425101, -1.8586023042424167]], "targets": [[-1.5096203845580616, 5.210515146659695], [26.320322170612275, -16.780295050958635], [1.8282607591401754, 0.7984929186012759], [-1.1292901885089088, 1.372818420511152], [-1.4431255066920647, -1.4297030567008742]]}