{"step": 144, "herders": [[14.36285759051603, 1.2823108195436326], [-6.0557983220792835, 15.266976067600291]], "targets": [[5.160412918695622, 2.5892018107492336], [21.022614766105104, -15.486703827610908], [12.004253546831304, 0.8414782048318241], [11.79288914983988, 2.8390361904476014], [-6.01099122790841, 12.587647526645997]]}