{"step": 3702, "herders": [[1.107302777664632, -3.810106621880696], [0.4988161748140932, 2.787971048623903]], "targets": [[0.9066710528867354, -0.9728501485113523], [26.96354346913238, -16.381751873792993], [0.8526933218098484, 0.7732016354321858], [1.1116671681043089, -1.9197682482869938], [-0.11601785516886434, 0.541290540103578]]}