{"step": 3001, "herders": [[2.3732018625648235, -3.1128822558544087], [-2.912364864885253, -2.25776785747662]], "targets": [[-1.8537141495254459, -1.695952794669057], [30.069296346673454, -20.591584659962166], [-0.1439659305176476, -0.9314184854518877], [2.2588270767429215, -1.6811623898776678], [0.2201138134117085, -2.5516732777036464]]}