{"step": 1129, "herders": [[-2.384209446697125, 3.504134347394272], [-1.6890443247708344, 2.5711563054030355]], "targets": [[1.1775904267912554, 0.5239372942719376], [21.145239736155016, -18.92020382579468], [-1.142719968397993, -0.007332320213940244], [0.23123670098588317, 1.5064857834167427], [-0.15299176064994505, 1.7753294418486394]]}