{"step": 1996, "herders": [[-5.005582414988004, 2.510746527897902], [-1.4171219181242485, -3.702106853741662]], "targets": [[1.4636375461771218, 0.22237786242245774], [24.118961955382048, -19.37543690947365], [-2.191455608865751, -2.206128127106766], [-5.456057289135341, 0.2700566582255674], [-1.2919999265691278, 4.412157176331722]]}