{"step": 460, "herders": [[11.578976740865244, -1.2536922196067477], [6.573287526947347, 5.366714363989306]], "targets": [[3.4053970376903946, 3.2711761635596464], [24.120324598467853, -19.017443509117662], [9.471595568394573, -0.7378070582594314], [7.351475747427194, 4.618036350509495], [-4.362040219137995, 4.357802769428822]]}