{"step": 2363, "herders": [[1.754924205690442, -0.3106552996982691], [-1.4732584678458298, 3.9094489174241778]], "targets": [[0.12963752776383658, 0.43154619559085394], [25.127886650933235, -22.209623939384027], [1.8135764307904636, -2.162253572210482], [2.1604981531437115, -1.2504492631967221], [-1.2922092724639025, -0.32450703061481945]]}