{"step": 1176, "herders": [[-3.339106276536629, 0.7406082846750475], [4.68251432640392, -0.723231722995699]], "targets": [[0.5236243748370217, -1.631748042623208], [19.480435582011022, -18.68998892278833], [-1.4389365793351159, 0.5741495741190008], [-1.7190271724447084, -0.3791897518027483], [3.4553298293535364, -1.558584071009419]]}