{"step": 3517, "herders": [[3.1575256786637063, 0.7601084280743622], [0.9120799343307868, 4.060954859578365]], "targets": [[2.0945469799813936, 1.456302805789084], [30.167131554937438, -16.404431005842014], [0.9665078571602149, 1.1323909886419294], [0.4371746674657045, 2.478773525189401], [1.5230357635611071, 1.6046514999429937]]}