{"step": 1538, "herders": [[-3.7677285149009894, 2.517105055598476], [-3.43994358344355, 0.17501130069238438]], "targets": [[-1.8766582491022161, -0.19223737648375167], [20.108584615491715, -18.64922812416061], [-1.889236117366373, 0.5559821119570658], [-0.07999227167548364, 0.13739088260676235], [-0.7893637593089409, -0.9246642542497918]]}