{"step": 649, "herders": [[2.3864594237993253, 9.295974307784132], [-8.173116211742768, -0.6188665267077028]], "targets": [[1.5562909753391152, 7.930360101281654], [22.509885095428057, -19.407997300199483], [4.850271245439213, 2.369661805924011], [4.328157654391388, 3.2642938879207217], [-5.5958648502750945, -1.1808670653295925]]}