{"step": 440, "herders": [[12.28889184676375, -0.6367456700237715], [-0.5321410874125462, 5.884576395057146]], "targets": [[3.978818024462215, 4.403265729589778], [23.708686624710936, -19.485866160838153], [10.52014759223704, -0.7576278769603668], [7.127987417854373, 4.1288028073625735], [-3.577290702763082, 4.620163917032233]]}