{"step": 3430, "herders": [[0.4930263808559327, 3.754121679611229], [3.453577574841527, -2.5122544047673996]], "targets": [[2.1599825216029003, -1.6203933538722881], [31.625633993788387, -17.290097127512713], [0.8359794014635555, 0.2735414194009451], [1.9325786073339875, 1.823522869417968], [-1.4961143357047613, 2.4424379393477618]]}