{"step": 3314, "herders": [[-4.01793909028426, 4.941054310403283], [-0.130349783682436, -0.1611605860057157]], "targets": [[0.9266334201063309, -2.6253737808571036], [30.676930074439213, -17.840964067741716], [1.184509685150856, -0.3598734870836099], [-0.7810143043121568, 2.2309953455056006], [-3.9629211517655833, 3.476342964160183]]}