{"step": 1889, "herders": [[-3.9324368345885587, 4.29721579250481], [2.731275088333146, -3.81383008367544]], "targets": [[3.0446397068424105, -1.6681704228316696], [22.98685599335058, -19.176327957673323], [2.4860282207890827, -1.753912029333146], [-4.31267436040546, 3.157082139048649], [-1.6579684931411447, 1.2921750905440064]]}