{"step": 1884, "herders": [[-3.2910293973199476, 4.4221326729426], [2.152565781659439, -4.091047017513549]], "targets": [[3.050880416544449, -2.4465750182531547], [22.94222259171751, -18.94729353589239], [2.1026883561318166, -2.570646741108825], [-4.44967896817115, 3.1937084352012683], [-1.3160921184203322, 0.8021059877225343]]}