{"step": 2358, "herders": [[1.3897912356548558, 0.7138261792963181], [-1.4732584678458298, 3.9094489174241778]], "targets": [[-0.09097306151872653, 0.6427590936684366], [25.05876286783354, -22.97945843211548], [1.707858584386838, -1.7338659239512886], [1.8872982697008043, -0.38779486664688695], [-1.136910826778952, -0.47947978080074133]]}