{"step": 2189, "herders": [[-2.405166564481323, 2.2281996202907752], [0.1997314086997075, -4.905556464956209]], "targets": [[1.6428160580798448, -2.9562729276916473], [25.586571538164247, -20.990904066577865], [-1.319979292005193, -2.903222779927398], [-1.6061287457834603, 0.7678519946945297], [-1.0057927039777048, -0.9391582142787902]]}