{"step": 1337, "herders": [[-1.1798751597654231, -0.04827302185326354], [-0.5758344379560131, -5.665758127383428]], "targets": [[2.0310938696706358, 2.7363301782366696], [19.89995338188348, -17.544139294969526], [-0.7952344592188594, 0.876022064056272], [-1.3113397963490832, -1.4071318573331566], [-1.4585735854799409, -4.141408975934939]]}