{"step": 2797, "herders": [[0.9444250989347066, 2.333744563264442], [-3.752731724590671, -0.9945402335157238]], "targets": [[-0.025933130790503134, 2.794730095275194], [25.790973847792774, -18.138325475517114], [0.592436905553068, -0.5077271713910294], [-1.3060050724279935, 1.600296678962941], [-1.5775155160122205, -0.5580202485839904]]}