{"step": 2587, "herders": [[-2.2999014160243676, -0.5883505269338457], [1.8390707551410639, -3.357168263664946]], "targets": [[-0.842836993136796, 0.9710779067431975], [24.540186372850975, -19.688491752658816], [-2.1395971637920694, 0.6456303031972107], [-0.2459123309798052, -1.070885643350528], [0.5410212651272439, -1.9708093539079456]]}