{"step": 821, "herders": [[7.517412696041032, 1.052527772030822], [2.246454919525457, 4.547498268479769]], "targets": [[3.3702067350969322, 3.6336519568836634], [22.31874654891866, -20.104762552796352], [3.8953617063037083, -1.6942700781917208], [4.833004705297917, 1.779404836659183], [-4.11088134735456, -0.7953538957482112]]}