{"step": 802, "herders": [[7.959260220231211, 0.8434903744858653], [-0.12762624505711861, 4.554053573499335]], "targets": [[1.3172017708696588, 3.6208171224934738], [22.661140908907864, -19.71667094417579], [2.409516799927073, -1.5538139944963902], [6.3586147269043005, 1.0885888475805237], [-4.248115673071268, -0.07502836981120256]]}