{"step": 1228, "herders": [[1.065732788973457, 0.19168356098924588], [2.368299180905904, -3.5209018409354007]], "targets": [[1.7487207188117275, -1.2694337279640244], [19.268964962102945, -19.92607372747171], [1.0495793095888792, 1.7450770672551439], [-2.1353914103054694, 0.40159362127948955], [0.6910902093387418, -2.202059926948627]]}