{"step": 3829, "herders": [[-1.8235304056875294, 1.6963914507504976], [-3.76753897653636, 0.7814172714250183]], "targets": [[-1.0125590070740709, 0.49106374436547384], [24.004519370387968, -14.658366561959808], [0.3080234598251002, 0.10328245561585139], [-0.42346335449726, 0.20089486946920784], [-2.1330272452612906, -0.4814573370922206]]}