{"step": 760, "herders": [[7.594230999516302, 3.2507980552306885], [-3.3845287148129373, 3.519930543774393]], "targets": [[-0.08381850269675417, 5.703226277827588], [23.091695122969004, -20.018219676507695], [2.5513288569629666, -0.5929896158061776], [7.678073099320591, 1.4876640603409836], [-3.4940868523662525, 0.46208026049358597]]}