{"step": 2196, "herders": [[-2.464863806686707, 1.934307481657386], [1.311269066278409, -4.521264325930728]], "targets": [[2.4802762883269462, -2.559311045127881], [24.73384158404235, -20.62857387558489], [-1.7794844073784244, -2.5892512367244778], [-0.804341903167849, 0.2860551507982149], [-0.08636094785802928, -1.0874411940946787]]}