{"step": 2900, "herders": [[-4.914925484444263, 2.454374234052034], [0.6951075518931376, 1.2384609177792267]], "targets": [[-3.096903238487441, 1.4213971083440027], [27.029421606104865, -18.806266753880767], [0.5329064275310104, 2.194589587264731], [0.16731898418329264, -0.39461614127793077], [-1.7174467460353025, -0.3772646838558908]]}