{"step": 3912, "herders": [[3.7803276679362106, 2.515778515361922], [1.4557834606156677, -3.120447178451002]], "targets": [[1.0273724753031526, -1.3181007928990103], [24.158076405176974, -14.898032579320326], [2.2081598973251113, 1.959244875625581], [-0.44402249226993684, -1.6376722505633818], [0.4796350391839942, -1.2183534836521286]]}