{"step": 2479, "herders": [[1.505386872727334, -2.991286233668911], [3.9264441113261856, -3.9914663654253544]], "targets": [[0.4372931569615569, 2.550429632464238], [25.82394647982001, -19.259618241247793], [2.5810507227387554, -1.355384896978187], [2.7264083512483817, -4.218409358413108], [-0.6569295073664772, -1.3931532573663226]]}