{"step": 3239, "herders": [[2.3499625790597203, 0.25157882888710026], [3.881365444976015, 5.5892649879193534]], "targets": [[0.3424022593848044, -1.1213771869841034], [30.135380636670078, -19.36496713536522], [-0.3299397712380501, 0.40806088440677435], [0.6622628922350298, 0.5467025685570729], [2.582979824944627, 5.958499436820042]]}