{"step": 2328, "herders": [[-1.8692907128111067, 2.2277869023297576], [-1.4732584678458298, 3.9094489174241778]], "targets": [[-0.07401247730713287, 2.0790811533538016], [24.633305162105685, -21.407484447783943], [1.487531721863711, -0.6534339179233603], [0.03920029618506946, 1.419723834451397], [-0.681863724393772, -0.2934988286230117]]}