{"step": 1027, "herders": [[2.708679989177363, 6.085093282783183], [4.7088570258708575, -2.6818216843350235]], "targets": [[3.3890212739542713, -1.434415054263812], [22.088345593759843, -18.093784023189937], [1.3762523817042918, 4.496125664131471], [0.6635649088758626, -0.29593457268035667], [-1.832863931668093, 0.4411580066515197]]}