{"step": 3208, "herders": [[0.6207647584869844, 2.638841398949052], [2.960850930181975, 1.7256336137820258]], "targets": [[0.5109679843451428, 0.7104735419258537], [28.876933895913776, -18.873087655492547], [0.4896446909715071, 0.022027732817086934], [0.4854474439853268, 0.10578296647799662], [1.9817447429912007, 2.290279951801067]]}