{"step": 194, "herders": [[13.952106825332756, 2.1261578968690023], [-6.1505926718166375, 13.623315811597882]], "targets": [[4.495651151734639, 3.226174669309308], [22.884432537412554, -16.70192085432055], [12.594234667838663, 0.575953410681744], [11.289479548947007, 4.936090596835053], [-5.520630915223005, 11.676165509053607]]}