{"step": 2396, "herders": [[4.9683847626138435, -4.716842733334419], [-2.924874235207993, 0.30253975584670856]], "targets": [[-0.47640094551581424, 0.23337485554720278], [25.37833029538523, -22.58454139173661], [1.0258374256624725, -2.5031965685140145], [4.771720170563381, -5.444531663023276], [-0.7454390613198139, -0.6581761153918956]]}