{"step": 301, "herders": [[14.775422937032797, -0.4961876393584458], [-3.0039492629029603, 11.26455860922338]], "targets": [[7.032872346104068, 4.713556898435615], [22.03240892018656, -18.126510653978094], [13.042240699571368, -0.892788748294365], [11.04646205773579, 6.146549082947532], [-2.048419633329228, 9.83656631847355]]}