{"step": 28, "herders": [[17.821040580365928, 2.5219500157911954], [-5.795724892387172, 16.910100029593732]], "targets": [[6.613983420626912, 1.5529108506509688], [17.888607501983874, -14.982962064797075], [16.071545895925084, -1.1778313449212403], [16.128371895630966, 2.8219890640837697], [-6.706187476451933, 16.769508935084247]]}