{"step": 1250, "herders": [[-3.535382648013824, 1.2339533706511139], [1.4789453314099559, -3.513665120932456]], "targets": [[2.2058037785857203, -1.466853002867898], [19.707256138635145, -19.30524813665972], [1.138411495057694, 2.474853835187123], [-3.9210174608725707, 1.5087458801401077], [0.1691943430355673, -2.450180867189907]]}