{"step": 3277, "herders": [[0.5734062818234795, 4.125669568212683], [1.0756013023182616, 4.601662287600087]], "targets": [[0.5548329149370442, -1.2280037713825513], [30.562801250187732, -18.632399727736175], [-1.3531108969842873, -1.0110347901084584], [-1.1330266299214087, 2.089933106777943], [0.06812530064636949, 4.2700395048227815]]}