{"step": 10, "herders": [[17.66597806301177, 4.658199090883005], [-2.9815310045309174, 13.845301985697033]], "targets": [[6.863328105032041, 0.5821130879150296], [18.186997925442302, -15.166278417392391], [15.712977314654127, -1.442835831055577], [16.95922863736503, 3.5747600183683486], [-6.0076474646677305, 16.17321500235133]]}