{"step": 2618, "herders": [[-0.7230884052469755, 2.902597828436558], [-1.2710074452764617, -2.954740632074255]], "targets": [[0.26928999027295436, 1.1254884778967225], [24.140728435172175, -20.433646457360272], [0.8493382107398895, 2.4614464774479923], [-1.093277499510895, -1.5759859052755694], [1.0183235699385413, -1.1811462314878465]]}