{"step": 1307, "herders": [[-5.223673460319817, -2.199840315572474], [2.0726098950600402, -3.0269371581893485]], "targets": [[2.9744792126422785, 1.414514235218698], [19.553363332061224, -19.096421843738252], [0.9009135752557467, 2.577010743504193], [-3.3805739083014488, -2.5490053249890536], [1.339991604294049, -4.378587008832579]]}