{"step": 3623, "herders": [[-0.634121034860003, 2.197943511469855], [1.9619216879637786, -1.1870830995789103]], "targets": [[1.8724484612730068, -0.2669619376742677], [28.897121133702967, -16.484354061845753], [-1.1474543278462213, 0.9637528635659669], [-1.2757748758284835, 0.16174767167941012], [1.8200340330665612, 0.06627881701544355]]}