{"step": 3939, "herders": [[4.233485541117072, 1.6919462909619765], [1.4759273381098386, -2.084867681740638]], "targets": [[1.358642467473234, -0.3345387899967829], [25.596718272885656, -15.861605386255595], [2.807022692895048, 0.4633888831682941], [-1.1326645732121488, -0.747705820396772], [-0.40618744283121677, 0.5520712850339002]]}