{"step": 2958, "herders": [[-3.2197539874873153, -0.45860089015985794], [-1.9940494557217887, 1.7514507535591832]], "targets": [[-1.7254791797461233, -0.9357348824131657], [28.14082191011933, -20.626593723672055], [-0.1858744533315217, 0.42054990066714526], [0.011530472486085241, -2.310444818257733], [-1.6810840379900032, -0.44171153401802704]]}