{"step": 1960, "herders": [[-3.6973486835675318, 3.760010184345117], [4.139125904177578, 1.4195614394521503]], "targets": [[2.750187602140477, 1.2936393973418436], [23.713557299553553, -19.213626183009904], [0.1664151568523742, -2.0284161659764526], [-3.0888093863956705, 0.780650515052074], [-2.197571431748518, 3.7276158189308246]]}