{"step": 190, "herders": [[13.826416103260426, 2.563853864271314], [-6.168504847435954, 13.764227597888395]], "targets": [[4.759048884947072, 3.1538821820803546], [21.884553827265027, -16.48631386348526], [12.912925018883668, 1.0537051779645903], [11.190359128009494, 4.853269537235565], [-5.588541669279306, 12.099611835286133]]}