{"step": 597, "herders": [[5.475991822847318, 7.67897825571056], [-9.8033605645451, 2.8266736557238366]], "targets": [[4.1745824831011635, 6.383782648833226], [23.9890996729197, -18.378251144263366], [6.081436602529972, 0.24157837522544576], [4.725834760177118, 2.2973448303594446], [-8.560556041411413, 1.325833400686946]]}