{"step": 712, "herders": [[6.807927063241143, 4.498361741831919], [-6.44946829043091, -0.48597145626977356]], "targets": [[-0.19121947358510827, 6.012662261634612], [22.729403271038326, -19.449824857875317], [3.373211007033582, 0.5164792907717213], [5.547326396762267, 2.498672596289869], [-5.076173625743927, 0.33620867593713544]]}