{"step": 827, "herders": [[6.950835186999244, 1.3646130824297413], [3.103948811357033, 4.669639006307523]], "targets": [[3.8068795752119535, 3.7471060652836323], [22.99981455358827, -19.707130195683], [3.642386838382051, -1.1912683113549625], [4.489970077510764, 1.2565154168333923], [-3.3582164110706128, -0.8451968817126749]]}