{"step": 1690, "herders": [[1.3024886376209885, 1.9299249566929984], [-1.6271657783189597, 1.945439359642852]], "targets": [[0.08947549293232455, 0.6080529291345339], [20.513528712781593, -17.5631050044472], [0.08519662689261334, -0.30129660883938214], [0.019933493342030373, 1.0145033685080147], [-0.030228481361648425, 1.5157844631933388]]}