{"step": 938, "herders": [[3.7617121970545404, -3.369328808265165], [-5.524059637895683, -2.716129646450867]], "targets": [[1.4316435095819637, -3.0627958362897], [22.730981204827415, -18.280349136481636], [3.3736865551764694, 0.8124797089923397], [1.6022649691535884, -1.2556728804175636], [-3.792631482170035, -2.5548507442948156]]}