{"step": 1765, "herders": [[2.10540221109609, -4.333591480875495], [-1.9218690294962293, -3.0766046557496187]], "targets": [[-1.2134666802636582, -1.6782011136847916], [20.355719512716664, -18.66720243639612], [1.1254263429576516, -2.57356236178093], [2.554713356427167, -1.4554256507546375], [-0.8415064006893869, -0.505659468410785]]}