{"step": 1105, "herders": [[-1.8412982439333812, 3.549373179136187], [-3.6647628468049502, 2.018564115765127]], "targets": [[0.9477400054241163, 0.5764607565336008], [19.877662733273283, -17.84808079724308], [-1.022664285540011, 1.3523828336768007], [0.8835885535251908, 0.571353208406133], [-1.6770532739134292, 2.336905688321424]]}