{"step": 3815, "herders": [[-0.8295483980283633, 3.2974437001772814], [-4.051972886396858, 1.5459189221325802]], "targets": [[-1.3504917560741219, -0.4157470253407909], [24.992385627148334, -14.437282716751856], [-0.034864213013276954, 0.31018634951452817], [-0.9981094641023457, 0.9867770896960989], [-2.295436174395439, 0.5247310140736823]]}