{"step": 1411, "herders": [[2.4522748396078287, 7.189398049027586], [-2.630133489279234, 4.06607347733096]], "targets": [[1.670727941477864, 5.1486764421556925], [18.59371162076467, -18.88154331570297], [-1.45082463213379, 3.9721724176073705], [0.8441676295017668, -0.933842424879139], [-0.12849727486401671, -2.570695162604709]]}