{"step": 687, "herders": [[2.803129874237837, 7.474460190657502], [-6.589981714157944, -1.807613442378972]], "targets": [[0.5756875002408276, 6.361649909416814], [22.228205813064516, -19.080604927029473], [4.188508541892023, 1.0915481359080335], [5.10180038415891, 3.8698949992240337], [-4.8438007379683965, -1.384067945708332]]}