{"step": 3176, "herders": [[-2.1417907690547024, 0.5100896440105992], [3.483933310225043, -0.570649550364189]], "targets": [[-0.8853610073478924, 1.4302204313517652], [28.625033979797085, -19.582982201174502], [2.111530629991806, 0.4367925846921325], [-0.9364227882986443, 1.148330361817204], [0.22848416989745235, 0.5462417136477674]]}