{"step": 1646, "herders": [[2.5241944981252353, -1.5959191573076439], [-2.6747629846261907, -0.3772380914759133]], "targets": [[-1.6172346984349042, 0.1702760348439623], [21.00593313640101, -18.81275654823217], [0.16244925887045572, -0.1915915687651814], [1.1492152097414072, -1.2239075980633307], [0.971689539431149, -1.8061756231574964]]}