{"step": 2640, "herders": [[1.9525623832218908, 3.119189386470366], [1.7932143037982007, -2.3798092294557445]], "targets": [[-0.2279269680290037, 1.6853648619335306], [23.380251911563345, -19.65960073297781], [1.6439652915628133, 1.4810472367387502], [-0.16178533350987817, -0.9324288064179524], [1.4174046306969537, -0.6622024932195743]]}