{"step": 81, "herders": [[16.24445052128253, 1.8153992330802988], [-7.600248200642448, 16.09341428263336]], "targets": [[4.437979071582201, -0.22723550737047088], [18.876707825981264, -15.869208505866007], [14.006185478770218, 0.26082258822069454], [14.352531285561733, 1.2441898308394457], [-6.773656625101169, 14.212528804498925]]}