{"step": 2543, "herders": [[0.41249832752498167, -4.460501884973514], [2.769046074894347, 0.14506455219281233]], "targets": [[1.4130420495368348, 1.8923610120523373], [24.131859472057272, -19.536321132415306], [-0.16388463842191192, -2.50474444866788], [-0.5139101784208058, -2.531032266935075], [1.6382512025466287, -1.5326021274255046]]}