{"step": 1841, "herders": [[2.860650929485141, 1.4767407912650499], [-3.8915395850708654, 0.896507614963545]], "targets": [[-0.638562398511064, -0.9762825475795225], [20.51458944918984, -18.465918090154755], [1.117675707136272, -0.949217914160621], [1.238398212993007, 2.5448273598362903], [-1.7859403630864847, 0.28373071067809164]]}