{"step": 39, "herders": [[17.523336564861225, 2.8869755531950947], [-6.743052419669013, 17.419998053279464]], "targets": [[6.252248643742538, 1.7730132191465187], [17.86241835444326, -14.154683744703348], [15.418382073236037, -0.629150931937959], [15.436946942099915, 2.940921191850865], [-7.040713198829467, 15.818510262558826]]}