{"step": 2601, "herders": [[-2.878817863437791, 0.9516679922004955], [0.7867428270822444, -3.345789462383426]], "targets": [[-0.36904043681278187, 0.803903850947546], [24.925897155166144, -19.87110773503533], [-0.955694533030743, 1.5609893602896534], [-0.8887944006070538, -1.8951849344167564], [0.32749746373112965, -1.8057249799927642]]}