{"step": 3630, "herders": [[-1.7009207549785252, 1.2919160857930603], [2.7947869641696013, -0.29707525559880643]], "targets": [[1.21478581901214, -0.14118322431885189], [28.27683671458279, -16.336090283714338], [-0.5526343786070081, -0.3709858772312337], [-1.5876977066637548, 0.13410213453287065], [1.9221036825751021, 1.0989367069684253]]}