{"step": 3769, "herders": [[2.9413501282119254, -0.08766201841093224], [-1.5570737485987949, 3.630646211495696]], "targets": [[-1.2402998201899589, 1.0972796805590779], [25.32467990187222, -15.780814076275314], [0.412311294893894, 0.004902299385799946], [2.4251350685427067, 1.1085234179375936], [-1.85051061480812, 1.9825785545267829]]}