{"step": 3486, "herders": [[0.6362089299074363, -2.553792249145467], [2.464094837410302, 3.0970092308258317]], "targets": [[2.440734252920567, 0.7349447512252433], [31.426783034491134, -17.48019771820113], [1.6573414756451528, -2.209592195934824], [1.0086140349016455, 2.8879735474593504], [0.39276463602630907, 1.6811637369931347]]}