{"step": 1320, "herders": [[-4.514907728363474, -2.627479680403627], [0.9301160909768759, -4.993287760844431]], "targets": [[2.1410679132306183, 1.644440296074754], [20.241446799643466, -18.008545728725334], [0.6904446748982807, 2.119142039604823], [-3.1623176699477016, -1.3410173971508235], [-0.28729241489543406, -4.865347685952541]]}