{"step": 1594, "herders": [[-2.693372843612382, -1.0891080479708921], [-0.06992167276622736, -3.1389712124102016]], "targets": [[-1.2408798890124837, -2.0224511917463963], [20.601100621897, -16.161900464091104], [-0.24193207507810452, -0.01024062131499925], [-0.5423344054837551, 1.651890243868505], [-0.3249221321513034, -1.6462571652742481]]}