{"step": 465, "herders": [[11.355610525404739, -1.155067479790849], [7.205267262431528, 5.326965108287401]], "targets": [[3.232758478944086, 3.4723654560260107], [23.507110230079036, -18.72086937384213], [9.396534639181825, -1.0315923453565397], [7.886544869347423, 4.1303508271987], [-4.5178881524671874, 4.201781389524649]]}