{"step": 1903, "herders": [[-5.444155119351798, 3.393246368042325], [3.9093317627996558, -2.2961938252767653]], "targets": [[2.814159537063508, -0.5303912847712908], [23.742767097209754, -19.903865141522857], [2.041271007721178, -1.4910862225501493], [-5.218989916053642, 1.544209602139464], [-1.173380593734166, 1.5408827014684618]]}