{"step": 3728, "herders": [[2.1230487572941064, -2.8758837259047723], [2.7016671902691036, -0.3734999609783298]], "targets": [[0.7834745569858497, -0.08124522404576351], [26.692298823174927, -16.325062130936224], [0.6362010995408711, -0.2282732698157669], [1.4575756685930161, -0.29819340228655516], [0.5386795614618787, 1.3983517253980047]]}