{"step": 3605, "herders": [[0.8914318348966006, 1.910209611374743], [-1.2830508586451213, -1.3119083292293492]], "targets": [[0.4678552773841278, -1.017455099830792], [29.735122286713775, -17.04156234099229], [-0.11503598111061802, 1.4046081860194926], [-0.22030467997311792, -0.31613017664556997], [0.9351272507962013, 0.11956489576988164]]}