{"step": 1282, "herders": [[-5.985081435136946, 0.1506551168552921], [4.540616039088893, -0.15796205211640965]], "targets": [[3.206954768608151, 0.8822747555984005], [20.229232216483577, -19.291645012073133], [1.3937192108053382, 2.581670693188081], [-4.091791731508115, -0.8557697387630665], [-0.27145707715198586, -2.761936998986383]]}