{"step": 1170, "herders": [[-3.31636926404078, 0.6791924682147624], [4.399504266649608, -0.056425752115051686]], "targets": [[0.0808656465046576, -1.6085563782581436], [19.799214482996632, -18.506097622281416], [-2.192467680270457, 0.32317074964477743], [-1.5221576534677541, -0.610178361258154], [3.8708333886477306, -1.0963028852534118]]}