{"step": 663, "herders": [[1.6774385974551798, 9.304877315855364], [-7.577349077245344, -0.9356043039717453]], "targets": [[0.8347095092121117, 7.7251539904569135], [21.66247215189086, -18.800260969702144], [4.284670397259549, 1.9174492172014999], [5.310109168338505, 3.3068790471661487], [-5.891621623355996, -0.9811715392934776]]}