{"step": 3438, "herders": [[-0.7997467190314881, 3.7467812619185614], [3.2606727477523996, -2.1394910115536123]], "targets": [[1.6255353308354559, -0.42984662145461033], [30.651978476350923, -16.530250895687338], [1.1376154316279223, -0.0668235052916914], [1.9221850425702556, 1.3370068153111094], [-1.4862712048069484, 2.0864741240041984]]}