{"step": 579, "herders": [[5.990985644389975, 7.0626859890868365], [-9.071737471603631, 4.552312887169891]], "targets": [[4.700559007964867, 7.1200609851333345], [23.549333920966326, -17.688894997707845], [6.759520704262065, -0.05414524332202701], [4.167545616554056, 1.8580304240817993], [-8.998109384049393, 2.6065015569833743]]}