{"step": 1188, "herders": [[-2.660617197288363, 0.07193552208970322], [4.534985982086466, -2.0712588468797613]], "targets": [[-0.31404396727853984, -1.1969265230375343], [20.17919608525486, -19.92830869810825], [-1.2846333802000238, 0.5143326524871534], [-1.0040137904575694, -0.34026029569490185], [3.2814839450537927, -2.0994985226860927]]}