{"step": 2780, "herders": [[0.04335985141113036, -0.15312927933260562], [-4.581162564590422, -0.37918740028230197]], "targets": [[0.9589021127535137, 1.1336198333049696], [25.242907845645416, -19.28022299749025], [1.1163641580500299, 0.14891995996170246], [-0.22417653147613015, 0.6797769925454658], [-2.739112864858781, 0.07311619607065523]]}