{"step": 1323, "herders": [[-4.51916358722687, -2.5223523037459596], [0.7342419614862721, -5.198705513273435]], "targets": [[2.246438490853951, 1.6355425780961554], [20.3369281782796, -18.379328831216093], [0.5038657286189936, 1.9482091709751597], [-2.618852005881394, -1.2429167860861663], [-0.566431507394711, -4.9382882465457225]]}