{"step": 2669, "herders": [[-0.5149145146319868, 1.3965960729302842], [2.587740586409706, -0.06305576421521994]], "targets": [[-1.1765310521936443, 0.08640546518896669], [23.954062451696643, -19.036383791306655], [-0.479072013092361, -0.24112503251499703], [0.19706574299362062, -0.09120481360978268], [1.1599782177194091, -0.2504526799103404]]}