{"step": 3109, "herders": [[1.2425027021648007, 3.1878517787819582], [-2.6004568002580153, 1.116492951132448]], "targets": [[-0.9282828219619887, 0.5271182756168952], [27.679032925531, -20.66914476901428], [-0.2137320686114417, -0.3221646141886787], [1.5379963695421377, 0.12390234205899642], [0.4884354860494876, 1.937427034722405]]}