{"step": 1450, "herders": [[0.46058054087739086, 5.069018086201661], [-0.4918586705513567, 4.9427841685401965]], "targets": [[-0.264268776276397, 3.562197182200718], [19.140295261995625, -18.296791770681757], [-0.25216355223053444, 3.9556306078807992], [0.25580870727930666, -1.838433544477827], [-1.873522776988675, -1.4085012127265526]]}