{"step": 3304, "herders": [[-2.955989404495762, 5.56751353840458], [-0.4358390744290054, 0.44885549404925373]], "targets": [[0.9509809215048438, -2.70475873080508], [30.12169368449414, -18.04064162363328], [-0.09770438418806233, -0.20607713606129693], [-1.976189669453579, 1.9200501939545584], [-3.5477623006189902, 4.0230332117459575]]}