{"step": 1342, "herders": [[0.5291751046116213, 1.5284189917331814], [-1.1996034402388538, -5.491000695817769]], "targets": [[2.3207090379413047, 3.0506184890365016], [19.733957743601604, -18.10703642834818], [-1.512137820178464, 1.250775251496486], [-0.5235079956926462, -1.5824438128472416], [-1.7859620679629549, -3.5189062658458403]]}