{"step": 3181, "herders": [[-2.085471155525931, 1.0433799556103072], [3.4985422852705734, -0.18187430775799676]], "targets": [[-0.9749114045290015, 1.591158520592383], [28.581925180240447, -19.561552904407243], [2.0527966199097456, 0.1661814630488025], [-0.9768921105775106, 1.134217311085446], [0.031500483081552746, 0.6875413432606169]]}