{"step": 2565, "herders": [[-0.6108815203300204, -3.919342175153538], [2.5114597628720743, -0.6451831033202927]], "targets": [[-0.7764800234748744, 1.0887954315241641], [24.655287198952525, -19.631883008973833], [-1.304777690431474, -1.394774996962779], [-0.24093408594070348, -2.43720233700652], [1.912931884916536, -2.145112519737029]]}