{"step": 2925, "herders": [[-3.822054730958659, 2.5787976506055617], [-0.7964880953488568, 3.947070843302866]], "targets": [[-2.266551011434657, 1.7802644342982175], [27.792658292560855, -18.80195020233323], [-1.2061516631582023, 2.5782050322947785], [-1.2313219753673694, 0.836259727522767], [-2.0629680444314764, 1.302353198591614]]}