{"step": 124, "herders": [[15.072699244855343, 0.3918386353627008], [-5.958065882274445, 15.902420964047682]], "targets": [[4.51330703443768, 1.6270430193469465], [19.99818583274984, -15.718585290004015], [12.618175813031755, 0.14022315361649582], [12.465895376298269, 1.9720746311644295], [-5.22302885124454, 14.539355071071146]]}