{"step": 1122, "herders": [[-2.384209446697125, 3.504134347394272], [-2.1974429645131743, 2.1206714196087537]], "targets": [[1.074174118906913, 0.1513633324511265], [20.579941622953676, -18.734834548358645], [-0.8943753897916491, 0.3000472347234455], [0.11841759434856783, 1.0492727885889983], [-0.5193982444495214, 1.9174203825013802]]}