{"step": 3496, "herders": [[2.056893609752339, -2.5034469774302957], [2.0695345498469626, 3.685973007718052]], "targets": [[2.4753533265476113, 1.0614691478455713], [30.88579129790551, -16.735944513024094], [2.385230521303142, -0.9728659744161399], [1.2857295226951557, 2.839250518451581], [0.8285972102659214, 1.621987400621307]]}