{"step": 2308, "herders": [[-2.6165294052395294, -1.2649428025264666], [-1.4658162587507666, 3.9340538201598148]], "targets": [[-0.9023461038565435, 2.450379512272499], [23.771022439382275, -21.901024445820937], [0.35496798946325525, -0.7182111700701673], [-1.3146923516186537, 0.9540444846969651], [-0.902453720405827, -0.2579120982384013]]}