{"step": 260, "herders": [[14.314386240109283, 1.5888285918188838], [-4.08284775767176, 12.536319009271123]], "targets": [[7.027900154430207, 3.6357752455588024], [22.39144077036125, -17.33429485571759], [13.258586973890077, 0.0013582203393577158], [11.573005697659303, 5.043357376539113], [-2.8386381626450277, 11.411860121942027]]}