{"step": 2327, "herders": [[-2.0850613881857765, 1.9940906473433595], [-1.4732584678458298, 3.9094489174241778]], "targets": [[-0.37795638188019814, 2.0763164262942015], [24.273421658907104, -21.370930350210603], [0.9923292495571878, -0.7410039483632556], [-0.004057817669810976, 1.3043180487019062], [-0.672750649016897, -0.23218004264250713]]}