{"step": 1723, "herders": [[-0.6351903307924682, -2.3710851821765813], [-1.9344814003102369, 1.6856027743864412]], "targets": [[-1.281683687191916, 0.14428646525880262], [20.971956411053903, -18.38536815266343], [-0.5741494610230339, -3.4610973679998716], [1.6538789368477302, -0.7017089898904796], [-1.1339494785136686, -0.5040789004260025]]}