{"step": 354, "herders": [[12.372049179770162, 3.5744156445913404], [-3.011290686447632, 9.390740423694108]], "targets": [[6.233154048754054, 2.663885168782408], [20.828301362544124, -17.588869480679364], [11.19554331455418, -0.8574578011703498], [9.528192835034307, 6.756539303481489], [-3.168520816944645, 7.240172509480251]]}