{"step": 2391, "herders": [[4.354132893724461, -3.9643852155107218], [-3.0094934817311043, 1.0011777892391693]], "targets": [[-0.13604995589522473, 0.04393124856767097], [26.057543371242858, -22.359081557732384], [0.908885740304811, -2.0725244330490793], [4.871800948194756, -4.522957864099274], [-1.32050843976126, -0.2597435450391572]]}