{"step": 3644, "herders": [[-2.623087863339629, -1.1427533925309783], [2.511880092042415, 1.5861342227616642]], "targets": [[0.693785222539935, -0.2011468247708355], [28.12676606711711, -16.31229134132283], [0.6664824541650648, -1.068192240251931], [-1.6285263941295633, -2.3520331589798085], [0.8359328980250811, 1.726230422145095]]}