{"step": 3802, "herders": [[-0.02054414891394682, 3.2034177305501244], [-4.430620883716064, 1.5753100816633592]], "targets": [[-1.7011835047114383, 0.5114524039992044], [25.689160888268695, -14.85822177878752], [0.10352102273702998, 0.618315206784506], [-0.8580822665409015, 2.6190950182200528], [-2.6267691497745695, 1.0632751312433375]]}