{"step": 3507, "herders": [[3.01513895496424, -0.847693127167553], [1.7838828627067016, 4.089741498338087]], "targets": [[2.111031530071576, 0.7076576331666182], [30.135832389276697, -16.58027842416321], [1.9507980250220553, 0.15308275462602872], [0.6029662654182119, 2.759754628769897], [1.3286595159109067, 1.6998694509033987]]}