{"step": 2366, "herders": [[2.061907260462625, -1.1256745550995049], [-1.4732584678458298, 3.9094489174241778]], "targets": [[-0.3917659138403325, 0.2270207424847267], [25.188987979440405, -22.25441287952949], [1.9286835676402057, -2.4728362788428186], [3.011068371376753, -1.719095599986383], [-1.6701983100585869, -0.2577368343719662]]}