{"step": 1727, "herders": [[-0.6718251351209718, -3.132581944890371], [-2.2002167351057507, 1.3375928917133462]], "targets": [[-1.460467631808945, -0.11868932922091563], [20.508174439445213, -18.20563528210809], [-0.3938085010653607, -4.050147474887607], [1.3645206866550945, -0.7721322613495627], [-0.8493390237744362, -0.6632543388231575]]}