{"step": 3162, "herders": [[-1.4312347828333425, -1.3962990570583098], [2.87185787241721, -1.8246689782680348]], "targets": [[-0.4193492912132261, 0.8101595461976144], [28.808107136854986, -20.286285358774627], [2.30818059310133, -0.07254333274306177], [-1.7794479707652444, -0.4682120068438483], [-0.6471090842461391, -0.18020167676919432]]}