{"step": 1067, "herders": [[0.785710317662401, 4.866534754033565], [-0.3509546547667487, -1.0119914664626855]], "targets": [[1.530854350519511, -0.5311622713379616], [22.011549205923284, -17.741722690499092], [-0.21408132534942054, 2.7514876235230123], [0.8807376669173148, -0.05535434536100692], [-2.531394702917199, -0.4647801038560948]]}