{"step": 555, "herders": [[7.740212433146436, 3.7012375187329], [-5.034049777845754, 6.122586397994852]], "targets": [[5.24864724181312, 6.364944657806709], [23.785266836982277, -17.98378815259939], [6.768591192919094, -0.3211167745725522], [4.909629866258118, 2.4876517729756626], [-6.643625346996388, 4.247289427367729]]}