{"step": 3102, "herders": [[1.4291847045532706, 3.135258757775624], [-2.8988788966079446, 0.5789852439935008]], "targets": [[-1.2896106539155463, 0.9775015178623886], [28.049823966959, -20.505726599757185], [-0.22273372575056094, 0.04825429610323667], [1.6028946103287267, -0.4258176513057178], [0.8015613657253899, 1.76631599734668]]}