{"step": 2103, "herders": [[-4.362232383825859, 1.6122820178434536], [1.279759490138143, 0.14617054706007215]], "targets": [[0.7154967367374748, -0.5456288599384179], [24.99894382491855, -20.31162653672596], [-2.620156418458837, -0.33016862431858857], [-2.579109601523922, 1.3976216277844613], [-0.9002342637997531, 0.08126715171485803]]}