{"step": 2377, "herders": [[3.1504030805408525, -2.2005269023734257], [-2.093004367396661, 2.615394993967595]], "targets": [[-0.4664871095849986, 0.8071983231926444], [25.819421660838938, -22.18971525504179], [1.0239728692094292, -2.6896928378281495], [2.9517778196695565, -2.914060276438107], [-1.9872633822719716, 0.0055200035686687465]]}