{"step": 2662, "herders": [[0.6442893227196471, 2.238808836294937], [2.587205938371471, -0.030551143523522284]], "targets": [[-0.9528072424237364, 0.35777775320994204], [23.13813593993624, -18.92095693976002], [-0.09496180862433048, 0.1777953077866931], [0.2917734403587631, 0.04665859420837186], [1.076143633203464, -0.03298120656962733]]}