{"step": 2227, "herders": [[-2.414709077929838, -3.524837529006739], [3.748219415188625, -2.064526300077456]], "targets": [[2.5483277196524075, 0.03247633930749794], [24.171935506878874, -20.644381307203172], [-1.2183854106425829, -3.5965004323215166], [-0.19131426031132526, 0.9833856711204907], [-0.1226838125865978, -2.162599444334475]]}