{"step": 412, "herders": [[12.691657238577466, 0.4594867798377055], [-5.208142789617765, 6.645463515729826]], "targets": [[5.234879352728156, 3.7963132322545707], [23.021688794065273, -18.94100849619809], [11.509317238473121, -0.6677617327835932], [6.984105081880746, 5.994580685067128], [-5.1787545158210815, 5.129298104594583]]}