{"step": 3867, "herders": [[3.5538260229244254, -1.3991430890441752], [-1.7755616028533516, -3.4302195525251675]], "targets": [[0.18124142565070034, -1.9724220110691335], [23.070461833290583, -13.717343910807406], [4.24144173731705, -0.46888819169223883], [0.17824249086744232, -2.195330266686461], [-0.33481667998276393, -2.6533957054942263]]}