{"step": 3888, "herders": [[4.9733627835409475, 0.8541365187296692], [0.5490077534845235, -3.802894074476502]], "targets": [[0.6602333877095277, -1.9084179949487134], [23.320296633750708, -14.708691848730991], [3.279426447895392, 1.4674953692721875], [0.3075754238199908, -1.915727474490212], [0.48016511300890413, -1.6181399822593316]]}