{"step": 95, "herders": [[15.790854146294855, 0.9386137960089805], [-7.003577916334923, 15.7360761750681]], "targets": [[5.394754977536074, 1.0018994261312189], [19.172426106342407, -16.51870725005352], [14.285414177812942, 0.0712267871968521], [14.153311715229432, 1.3237308687579632], [-5.73469967488828, 14.008639881845184]]}