{"step": 2180, "herders": [[-2.2889392228477266, 2.44900605750838], [-1.0555667495335683, -5.02554459830064]], "targets": [[1.020315410559562, -3.536088413306411], [24.784510920362376, -20.65123582357691], [-1.4120458536026015, -2.636172017555105], [-1.4315448841816132, 1.5338009271223496], [-1.3315690695537483, -0.4745767867979744]]}