{"step": 814, "herders": [[7.886268343767717, 0.7193574595260672], [1.1135922709745678, 4.455369576218624]], "targets": [[2.7862066889430683, 3.6100295663107973], [22.250924329724295, -19.981231084942774], [3.1501475578652114, -1.688573887878495], [5.645461456882739, 0.807603268319176], [-3.5851086159136676, -0.7199128653246547]]}