{"step": 2709, "herders": [[-0.7968561298553057, -3.766756660238631], [0.718206485259897, 0.8146730058351375]], "targets": [[-1.4576555414795327, -1.2659812701528883], [24.179082004279454, -18.913164137371147], [0.18492770409951514, -3.1301882543648087], [-0.3755247940979189, 0.29810944489434055], [-0.48829326231501485, 1.4412654555061228]]}