{"step": 237, "herders": [[13.933891980127315, 1.8967142495869682], [-5.526394736611561, 12.226796992653783]], "targets": [[5.702164781124372, 2.737547871440207], [22.361866203015868, -16.94415037310126], [13.221686296728496, 0.6744499966653907], [11.97580108700222, 4.8962930956182875], [-4.687784023202189, 11.24214838931605]]}