{"step": 2293, "herders": [[-2.1310591863525694, -2.356835003932107], [-0.973230291662204, 4.224654464438525]], "targets": [[-0.9621717883092484, 2.8306756142378595], [23.220917642461973, -20.467240787603927], [0.5720909064577344, -0.019643160704234608], [-0.4234266864757351, 0.828872384836355], [-1.550459198428573, -1.2716226320799846]]}