{"step": 2135, "herders": [[-4.29694224258404, -0.4066318445370822], [-3.568005043265429, -1.9979852173603103]], "targets": [[0.3329501499282935, -2.3202938473526853], [23.64449422273311, -20.359491528542883], [-3.2842220469285466, -3.0406592549931393], [-2.4763776322699735, 1.0238705707156144], [-1.9929406583161988, -0.4884305718481849]]}