{"step": 2394, "herders": [[4.808646277033699, -4.442000949086465], [-2.968002063512972, 0.5488543465295181]], "targets": [[-0.10443465328741874, 0.3559270383158273], [25.82620213687623, -22.44460463870452], [0.7017840124744866, -2.429020268135485], [4.848453923664511, -5.179227901923723], [-1.2915609835421724, -0.5267669287279406]]}