{"step": 1007, "herders": [[3.7911298407941825, 6.276089212317258], [2.9969800115489966, -3.899574626318689]], "targets": [[3.4642573093203026, -2.3667569369266888], [22.829387387528694, -19.074909958769474], [2.353137403158985, 5.83220208474709], [0.7951272136374175, 0.0577046776753381], [-1.4810490271986474, -0.7369492051721687]]}