{"step": 2806, "herders": [[0.09002303565109457, 3.7375916886580494], [-3.053116560549261, -1.413715044925888]], "targets": [[-0.8605691779905003, 4.204986764900949], [26.33622132232369, -17.302341748449393], [1.357890705597692, 0.9004767987884794], [-0.6953875879857507, 1.5963015588523597], [-1.4659148005130622, -1.2958713060769034]]}