{"step": 364, "herders": [[12.357203483288597, 2.5724002928279095], [-3.3885700792536384, 8.933065854097002]], "targets": [[5.466616298720677, 3.413963458964909], [21.82476464551964, -18.646500510994596], [11.261122350250178, -1.2420440996746183], [8.723980896606077, 7.034435525070992], [-3.17857397638912, 7.159567996806389]]}