{"step": 1672, "herders": [[1.9757104360072195, -0.8751644158112541], [-2.4137755883983303, 1.4078992223327313]], "targets": [[-0.8654956229313435, 0.39049350450525017], [20.533900498253622, -18.26453574967667], [-0.8001171503293181, -0.4206059079501564], [-0.11132809026549659, 0.32830688871569436], [0.7540010326976845, 0.5709627380608344]]}