{"step": 976, "herders": [[5.083837766226118, 2.2481810392983532], [-3.780978935524351, -1.836098056978291]], "targets": [[3.305513943615263, -2.795334731577462], [22.261263382861305, -18.743343769270652], [3.9741827230289917, 3.2488428344399947], [0.6195055968106482, -0.13751493525829742], [-1.582346200991206, -0.6209009918524635]]}