{"step": 2425, "herders": [[4.306976872416675, -7.681828068479879], [2.3902213523957094, -3.5928363464292925]], "targets": [[0.7957858427728098, 0.5742665059257973], [25.220987445585802, -20.19693512740017], [3.2619043796943625, -2.3598831040976727], [3.1265748278408045, -6.771784535441243], [-0.07918443243903395, 0.17443774913608578]]}