{"step": 3961, "herders": [[4.033873815976226, 1.7783990186390581], [2.6577399680431593, -1.081463186913314]], "targets": [[0.765927697637846, -1.5091327914169843], [25.53784541861606, -15.273672208692233], [2.1940219105201173, 1.5846787684980412], [-1.3212101249653707, 0.12994235852822633], [0.11621741152724517, 1.25019676213488]]}