{"step": 3469, "herders": [[-1.1236810034792297, 0.3267929573615209], [3.1069885185925568, 1.6954665541903198]], "targets": [[1.9472768891738612, -0.14022696240599408], [31.61404193472499, -17.081533105174067], [0.048643069659323385, -2.2505814086690354], [0.9938293468020418, 2.191290084008626], [0.20003925845662207, 1.0689101106729952]]}