{"step": 1161, "herders": [[-2.9653841618634433, 1.7573826442116411], [3.2263290828999986, 0.7735732255523844]], "targets": [[1.7599629876686498, -1.8342934933165151], [20.60168750106031, -18.873764921989157], [-2.398530513880284, 0.26417778975150313], [-1.610631780145367, -1.2481754182586837], [3.63387435044582, 0.3372778454541412]]}