{"step": 3190, "herders": [[-1.4119435949010892, 2.38540724291205], [3.19388588606742, 0.12712778083087478]], "targets": [[0.520033616713647, 1.9943707796598718], [27.962624478468957, -19.866823350966545], [1.153646423421579, -0.08139955762955736], [-0.49594661114815414, 0.5184618142754283], [0.4734709566996833, 2.0288869407827805]]}