{"step": 429, "herders": [[12.687486851332526, -0.5433969176041845], [-5.464047272638798, 6.1162142446040875]], "targets": [[3.9131862213172135, 4.496120081934984], [24.327935458054743, -19.339818420615114], [10.652153539124589, -0.8486942999419587], [6.746529088436705, 5.328514630004408], [-3.831330890658637, 4.598096483827113]]}