{"step": 2131, "herders": [[-4.376271203273838, -0.6372265088958959], [-3.1712043519767676, -1.4502546320114398]], "targets": [[0.35673338232909435, -1.783339722913297], [23.876065670753402, -20.586668667803288], [-3.5140750261399667, -2.3716833893867713], [-2.132715757733652, 0.6641785636774622], [-3.064839403250548, -0.28606157454175585]]}