{"step": 2500, "herders": [[1.8690163763535141, -5.875071964845644], [3.7777145041909805, -1.4120666977162486]], "targets": [[1.726316726690212, 2.0875366880342368], [25.179435257599152, -20.201032408030382], [2.166556584385616, -1.202204045464144], [0.7486979395113925, -5.543204034523823], [-0.05067051781038451, -0.5986999694587719]]}