{"step": 2244, "herders": [[-0.7653913005685078, -4.484015751049981], [3.3693577022942023, 0.06268384293853582]], "targets": [[1.3823727661010674, 0.8339844719755547], [24.398480915317872, -20.969013000357023], [0.37640486812476937, -3.158140330353489], [-0.8724550948312366, 0.9515502959082066], [0.3713854200427348, -2.641409020644144]]}