{"step": 3036, "herders": [[1.6003873900153402, -2.8884492114996223], [-0.0561030662867615, -3.0523944780386687]], "targets": [[0.6095143026301081, -0.5328051239185754], [28.69542762998189, -20.775907350356196], [0.3402395282262345, -0.8131443583909012], [0.023384199364489044, -0.9966292831920686], [1.4060369360168, -0.8384394095158068]]}