{"step": 1344, "herders": [[0.9341322250822912, 1.9358220750348185], [-1.3893876475683284, -5.39582443141429]], "targets": [[1.9561373211774842, 3.1450293451628606], [19.72184615006287, -18.335456214526353], [-1.5808625706366632, 1.204090198768135], [-0.7555087433080243, -1.9312762833537527], [-1.9132162955520473, -3.681007543598505]]}