{"step": 2460, "herders": [[3.301393300988133, -6.426696799591458], [4.190665873661098, -2.70523080162386]], "targets": [[0.5701769641213541, 1.2954422018562717], [26.077727916475823, -19.95507782205717], [2.897418173081993, -1.3135861958997157], [3.1487438182776204, -4.015266051322593], [-1.4939832000063729, -1.2208400376001727]]}