{"step": 1816, "herders": [[2.474762642598439, -2.8127834551479935], [-3.7610281213240158, -0.9670992304808141]], "targets": [[-1.9902520250324636, -0.03311683837675809], [20.49166805647852, -18.29228925564703], [0.9364262313676853, -2.1251308627490957], [2.2047294273605647, 0.6753139277396875], [-3.4440999171063047, 0.11590676893696086]]}