{"step": 866, "herders": [[5.494329129753957, 0.4684432561452657], [0.3429706329920609, 0.9467463928816513]], "targets": [[4.005889434622015, -0.6695772729414244], [23.44137301684648, -20.57664053419301], [2.0449599628134987, -1.0504520298908278], [2.9066639835241177, -0.05513779036183372], [-2.6759253807169037, -0.3732975502697799]]}