{"step": 1814, "herders": [[2.5971238384040896, -2.7310551728873316], [-3.6132648789896664, -1.0743668750303343]], "targets": [[-1.4608677005126698, 0.07282286769880708], [20.605281764297338, -18.58821640551098], [1.0648031364516066, -1.9581418314983163], [1.6491537194990855, 0.4447735814616342], [-3.102910022529631, -0.2424168050787613]]}