{"step": 3472, "herders": [[-0.7575163187103612, -0.804103372007267], [2.730091225558937, 2.1962817932122936]], "targets": [[2.1748093121333154, -0.12275800167368842], [31.594955610392308, -17.26814470748118], [0.2060262504329201, -2.0276911708419], [0.8840807127747701, 2.2922021841804363], [0.858390719038805, 1.194682274888189]]}