{"step": 558, "herders": [[7.292992160832922, 4.796907559291627], [-5.862761529317463, 5.852377562625455]], "targets": [[5.422208437108743, 6.678059039818711], [23.494585550244818, -18.035559615382873], [7.1725942336026, -0.025315406868638257], [4.5340658486019825, 2.113013643953128], [-7.560431745732205, 4.365751912823504]]}