{"step": 945, "herders": [[4.230680026976307, -1.5713591694732463], [-5.347782142287503, -2.8834657592789226]], "targets": [[1.8273542355436359, -2.7819442880005223], [22.59243921423123, -18.589361579833145], [3.468191301187755, 0.8479277907212314], [1.6271797697048742, -0.7645210440488652], [-3.3073820564519747, -2.1876852470532167]]}