{"step": 3370, "herders": [[-2.9264645004500234, 4.195658094678781], [4.853948992027651, -5.042592477249362]], "targets": [[4.133361589294809, -3.4494671121250517], [31.339274913647596, -18.079209407904425], [0.048132313082725586, 0.10659378719907117], [-1.5114569650324818, 2.5367960387115196], [-1.8654249429554672, 2.5607242699316566]]}