{"step": 1393, "herders": [[2.8504531293165023, 7.765477171587409], [-2.457967905538868, 1.1500535082935135]], "targets": [[1.7537770531377135, 5.925973868665975], [18.550631247996794, -18.857583602685214], [-2.091751712016586, 2.554281746256638], [0.6080844815145512, -1.699528432518866], [1.0855317248065657, -2.1041133473734095]]}