{"step": 107, "herders": [[15.6234306641215, 0.7039110529811196], [-6.427302226817044, 15.790823332793053]], "targets": [[4.574862818936382, 2.247766237035016], [19.127947917997425, -15.781270885822428], [13.948969327353035, 0.6163881027986865], [12.802885371704328, 0.930325584887712], [-5.491854873411713, 14.172895650417086]]}