{"step": 2867, "herders": [[-5.262768175301956, 4.005941452509587], [2.072760134772909, -1.2505728706912953]], "targets": [[-4.075115827302707, 2.8907243470313877], [26.435049036415283, -18.037363629372102], [3.006041731153717, 1.1160568392227201], [0.021788749773350026, -0.399344751717137], [0.20713105414676558, -1.7602131681993878]]}