{"step": 3051, "herders": [[2.8791808094799887, -1.4738796917788761], [-0.09957863238490247, -2.9065066120434304]], "targets": [[-0.6719920268268483, 0.3821432585480683], [28.6763194297513, -20.217145618016577], [-0.4933887051249032, -1.6312043027817082], [0.4839347306599701, -0.7690077014547411], [2.6359997918378086, -0.40964684104674387]]}