{"step": 3687, "herders": [[0.3552656442202344, -4.500217771897464], [-0.05268732161752902, 3.446760725121262]], "targets": [[1.5279184873905274, -1.093804737542201], [27.29539925826881, -16.498182063505855], [0.5125969306245333, 0.4598327414444386], [0.9741994673215577, -2.7453929899199725], [0.08123902685626866, 1.5343335632425374]]}