{"step": 2437, "herders": [[3.475055130420475, -6.748595160793537], [3.614469940154356, -4.083320626833603]], "targets": [[0.886878743580042, 1.1792774837397666], [25.77431358895282, -19.589518266587845], [3.145080611605266, -2.317063927156517], [2.8579751620259257, -5.848981451586345], [-0.36102774866459253, -1.0034486948058554]]}