{"step": 1750, "herders": [[1.102593142255333, -4.961537440905014], [-2.5304474764899187, -2.276389456295839]], "targets": [[-1.2339174439482432, -2.6686102516677055], [20.285457326167712, -18.019346942891318], [1.5436075661192492, -3.3834177459463466], [2.5981659786989764, -1.3681461507754933], [-1.1107801661065015, -1.244516984084612]]}