{"step": 275, "herders": [[14.178281412673256, 1.9520665841850608], [-3.4189915079869593, 12.32844772374779]], "targets": [[7.174014269652598, 3.9959217230386326], [21.60304769390747, -16.759204363687086], [13.090262340156224, -0.36483602934766446], [12.097970626517563, 5.310549469622079], [-2.6890151184719313, 9.801073117848103]]}