{"step": 3951, "herders": [[4.24297553561467, 1.3958077597635896], [2.941444452255736, -0.6116394608192877]], "targets": [[1.3669922077153416, -0.5325037635239672], [25.634012209511614, -15.896385979771944], [2.8174934312582085, 0.7551718798210716], [-1.5885447319026262, -0.38496561895976733], [-0.1446586105731824, 0.9918377699558237]]}