{"step": 3582, "herders": [[2.254108971386924, 1.7737623676662582], [-2.2469689178853414, 0.9252188957078676]], "targets": [[0.8952880533560497, 0.24869691880538142], [29.62917308593304, -16.615545097057087], [0.40551138252448127, 0.7333152712480934], [-1.5606073271464538, 0.053787345953018345], [0.9331229840082296, 0.17029060745431]]}