{"step": 2928, "herders": [[-3.7224910454181614, 2.527132246289652], [-1.0999752374395368, 3.9541720245063643]], "targets": [[-2.0763879964823087, 1.1412476074134446], [27.81676504288372, -18.972152102909483], [-1.27197655617051, 2.1941525306197764], [-0.8752774412070684, 0.1498453154204269], [-1.8950958961188615, 1.1907583490755878]]}