{"step": 2696, "herders": [[-1.9010120695263528, -2.5136001502288443], [1.2785891997728822, -0.9586778497139417]], "targets": [[-1.273255663531058, -1.6901559331466705], [24.020123025076046, -19.45835003444969], [-0.19768232607483174, -2.7708011001403943], [0.836665738642582, -0.24399827880745084], [0.4347921688554807, 0.08383995773533359]]}