{"step": 2934, "herders": [[-3.7424144814915103, 2.1542765767367555], [-1.4031466554696006, 3.7242999959048997]], "targets": [[-2.7743166130769183, 0.3596875132210568], [27.931470587755516, -19.488117143152486], [-1.203912646139144, 1.7138652562229457], [-0.41744638304040904, 0.47129407947377244], [-1.7535879218935324, 0.26711853995306617]]}