{"step": 2706, "herders": [[-0.8945848363220977, -3.679774429151152], [1.000528266229472, 0.4526769852758974]], "targets": [[-1.501192173288724, -1.3536141090518778], [24.117887535137108, -18.958271851884213], [-0.1576076643550044, -2.7620919888954862], [0.3230720138909424, 0.49488595613049396], [-0.4405906352798969, 1.4322837512214308]]}