{"step": 2007, "herders": [[-6.136107642491213, 1.56312674177747], [-2.415520252852956, -3.2424082190423813]], "targets": [[1.770881433467346, -1.1890854007383937], [24.592836493276334, -19.884711229455593], [-1.6623290896970346, -1.236114897542405], [-5.681967477994665, 0.18321394639056485], [-1.2548805000975825, 3.659206947327534]]}