{"step": 1317, "herders": [[-4.605968458025199, -2.788866371869978], [1.4509501216792628, -4.6387625319718895]], "targets": [[2.1594747910021326, 1.8136608925905324], [20.315358891438656, -18.18894405721759], [0.888377733694121, 2.2786457734243264], [-2.858378248231355, -1.6451863198135908], [-0.12902921142475784, -4.458265675276765]]}