{"step": 3755, "herders": [[1.1364311082850074, -1.9580444155929795], [0.20670122299305912, 3.0590963093796795]], "targets": [[-1.448241744946022, -1.1011575531195814], [25.704939309496098, -15.389737368631897], [-0.11537984030744944, -1.0677307843595596], [2.079137549430255, 0.16817681289009867], [-1.1826772683952793, 2.862009016250085]]}