{"step": 3246, "herders": [[1.4458743177196853, -1.2017297726417522], [3.320892945953173, 6.2667270261180565]], "targets": [[-0.3786928324476221, -1.135701448757446], [30.555718508618003, -19.209255671707936], [-0.8350043700781, 0.07872034566688728], [1.0599583687604226, 0.9903199369539296], [1.6619390751521343, 5.381595326047696]]}