{"step": 1591, "herders": [[-2.60177004302354, -0.26661828302057405], [0.07553622126512208, -3.3009661165568156]], "targets": [[-2.004817386753594, -1.9842185191015544], [20.667540570593317, -16.58830286706287], [-0.5967827980649899, 0.15554505662565885], [-0.03572758757284723, 1.4979639333555894], [-0.17886975581484468, -1.1648255490797892]]}