{"step": 3294, "herders": [[-1.4063229926878804, 5.520027219369935], [-0.9611920279619013, 3.4932853707933442]], "targets": [[-0.014531311927007823, -1.6876661569279803], [30.790043817773874, -18.062717231133718], [-0.01305125884384363, -0.9896045672962017], [-1.8394051200332309, 1.9023378638530872], [-2.4931027919274014, 4.468047600224604]]}