{"step": 2627, "herders": [[0.37623999575812117, 3.2218611412931693], [-0.2155387709476584, -2.66428480599229]], "targets": [[-0.13065579772548455, 1.1116525640226924], [23.446824426239985, -20.696511855251003], [1.4470549351901014, 2.0173205339361977], [0.11591096531853246, -1.254131861506874], [1.9175502281303953, -1.3780881401907636]]}