{"step": 742, "herders": [[3.1817192565823547, 6.167426635628393], [-5.584667952828739, 0.6679221526516759]], "targets": [[0.02165702073604841, 7.23322778773272], [23.164311784781138, -20.125068161508842], [3.0763366644482812, 0.5491194632605151], [6.967731160029672, 2.672520809579657], [-4.141396063644653, 1.399522952506494]]}