{"step": 888, "herders": [[5.158284576454594, -1.4750248770071142], [-4.059346258243885, -0.4561255528901559]], "targets": [[3.656650806237503, -1.4306931668014466], [22.931981276286614, -19.349620442717075], [1.7708093034683765, -0.20839558011757675], [3.181851483693372, -0.0675100679065204], [-4.765260282275486, -0.6614742526585542]]}