{"step": 2948, "herders": [[-3.874066911496632, 0.7533946897060049], [-2.1681699417072258, 2.610798361820219]], "targets": [[-2.3493693321316673, -0.39660644248841664], [27.6537694301433, -20.7326064121001], [-1.0234713285300407, 0.6878881572488924], [-0.5757833934380772, -0.6246393465982895], [-1.8679390423193394, -0.288153559179433]]}