{"step": 3987, "herders": [[2.7098314157646435, 1.7632419837681934], [-0.5504313891277824, -2.826479863684201]], "targets": [[-0.6605029648557452, -1.1686988753513257], [25.2098576079092, -13.040878375082213], [1.0814436925496842, 0.2051968422767974], [-1.2666368592194854, -0.396819748162331], [0.5616264582389302, 0.527442425074758]]}