{"step": 2286, "herders": [[-1.6488613612768248, -2.813843997436011], [-1.1036785469182597, 4.123857770525719]], "targets": [[-0.5429593858968248, 2.7668164141237517], [22.402057936464217, -20.682123692005057], [0.2960311389021105, 0.21695005428550246], [-0.8462609331708443, 0.5157304542251653], [-1.578958718795233, -0.968447006570061]]}