{"step": 673, "herders": [[1.5092562407779873, 8.91596332756681], [-7.265129564480482, -1.2565434917122738]], "targets": [[1.1557810402826405, 6.859776164323823], [21.599364314606852, -19.197906332560493], [4.2927623361557945, 1.8170557164395698], [5.063900503843524, 4.1686756448079185], [-4.844778057884303, -1.658720947388535]]}