{"step": 3141, "herders": [[1.6891068204311426, -0.19377541114925556], [-0.08915075086948049, -2.417367249621857]], "targets": [[0.3319061992894234, -0.09626267957331028], [29.650594980822998, -20.66312139899914], [1.1960265925588567, -2.0932493053547785], [-0.3185897858915541, -0.6102599646681115], [-0.14088060239903147, -0.2828238742752729]]}