{"step": 3334, "herders": [[-4.534915058027819, 4.143492019553013], [1.8015229535070676, -4.029879830467108]], "targets": [[2.1014459521502666, -4.799551740981882], [31.140668251983442, -18.198941327126803], [1.8697957826746956, -0.32191911990598293], [-0.6603617488098563, 2.373953907532832], [-3.427882794675847, 2.99140730272131]]}