{"step": 853, "herders": [[5.759007587874505, 1.4511162783661395], [4.2865054931235065, 2.634032148889283]], "targets": [[4.345440917246891, 1.0118408745030627], [22.63042270081976, -20.1274266973439], [2.2086071131763756, -1.4293618595353483], [3.283535567434247, 1.3962616587882968], [-2.516533673884374, -0.18415898470246816]]}