{"step": 2508, "herders": [[1.3079233198305602, -6.083669632362479], [3.491151135463589, -0.6991132796588626]], "targets": [[2.7125001673238893, 1.700061349802532], [24.713779344594844, -20.671537155215507], [2.1792750423061014, -1.9085822326827353], [0.2316359144604038, -4.248288081903787], [-0.01518750866597425, -0.6369800674131592]]}