{"step": 2789, "herders": [[0.8147899659700445, 1.1890928008118429], [-4.141689235771065, -0.623963502073873]], "targets": [[1.1222418698610912, 1.7472678564243598], [25.22842442368322, -18.64974519531092], [0.5731201852869062, 0.10053503435213684], [-1.2053279500866425, 1.5426146269642285], [-2.008931672333364, -0.9880091414375173]]}