{"step": 1572, "herders": [[-3.4442008904039785, 1.1380659958164485], [-0.8768562819216914, -3.9916354853455647]], "targets": [[-1.7459392295019596, -0.8890179636674364], [19.68745610291907, -17.449303326308108], [-1.5953289104854822, 0.9641197799790895], [-0.0537650667035684, 1.944506658702705], [0.4669266470663487, -2.3629913525424073]]}