{"step": 92, "herders": [[15.81398839886429, 1.1386783852549336], [-7.126892134480604, 15.77753231747207]], "targets": [[5.275115211788037, 0.9457402470166592], [19.310356492330705, -16.382279542418384], [14.159876431705865, -0.17640035190081577], [13.978947868186198, 1.3423816185543553], [-5.7396584870303435, 14.111691205693049]]}