{"step": 1761, "herders": [[1.757070157302253, -4.750444120111298], [-2.0276268386792013, -2.923093084454395]], "targets": [[-0.9567993638428938, -2.3454930983656324], [20.214358348377974, -18.680734149696406], [1.2721131503336531, -3.096384343060236], [2.8660625014571184, -1.699807246780404], [-0.6929617945193025, -0.6717955141269428]]}