{"step": 2039, "herders": [[-6.0185334699118265, -0.5369269132892776], [-2.0887282964545992, 2.316808196257785]], "targets": [[0.7949586490620187, -0.8518981918331859], [24.54299915045458, -20.09245320140821], [-2.3369067959824803, -1.277121821125401], [-3.669286703111554, -0.6753230573836152], [-0.756209343387998, 2.6275613011829018]]}