{"step": 121, "herders": [[15.239837352300338, 0.5084313848059379], [-6.06035814947702, 15.745231319483066]], "targets": [[3.928601999588849, 2.138090724158513], [20.029776675127927, -15.715292010835494], [13.146723425016596, 0.14234207706318297], [12.646617740482602, 1.6490802950276033], [-5.132521737462754, 14.962668172440276]]}