{"step": 2563, "herders": [[-0.5735681424776847, -3.86090670471473], [2.5043332452272056, -0.2519711642597602]], "targets": [[-0.5182646067706015, 1.3276000525669287], [24.852833506974136, -19.349008365310333], [-1.3748343017230413, -1.367094099104119], [-0.5374076492342016, -2.777784185390056], [1.5557939329062693, -1.751829129195033]]}