{"step": 2793, "herders": [[1.0704915535455468, 1.745506085211237], [-3.9525062730145555, -0.9230756554968607]], "targets": [[0.48918489564184414, 2.3018830166954363], [25.557771283126275, -18.395644880492284], [0.4003922881332349, -0.17324476059995136], [-1.3511554889387976, 1.5438914197703373], [-1.9164598843096976, -0.7739872395207106]]}