{"step": 66, "herders": [[16.877884831324746, 2.6298365699385027], [-7.5912958493592795, 16.49845501136273]], "targets": [[5.680953059013986, 0.3624540749643749], [19.93890048332636, -14.773874872682388], [14.154823515926537, 0.14392783967880612], [14.747153830845498, 1.8244797851661976], [-7.423538873574441, 15.016333241388617]]}