{"step": 2385, "herders": [[3.7223270018923387, -3.2870711952789287], [-2.799473047051184, 1.4324158883400293]], "targets": [[0.15643544480010363, 0.006918895870199176], [25.304861883862173, -22.357028706787172], [0.744899441830927, -2.6898426648129377], [3.717893610700514, -3.588897697654989], [-1.909593257240321, 0.19830306996690367]]}