{"step": 3739, "herders": [[1.9350464495122877, -2.824588496914197], [1.8438867471485287, 1.4247827656817267]], "targets": [[-0.12786468271956739, -0.09838630086422205], [26.01126674195362, -15.931096459614338], [0.2945685541068065, -0.971066781169555], [1.588476234240249, -0.5528384029982023], [0.771002020177832, 1.8330826315674655]]}