{"step": 3632, "herders": [[-1.9081389867087812, 1.1371808001117911], [2.8592132695132886, 0.024003129148060465]], "targets": [[1.2782806119300612, -0.01874853758873961], [28.515014780710832, -16.42661524899635], [-0.8152892517252108, -0.8092436981058837], [-1.688248261233007, -0.518537208124409], [1.8766635674837908, 1.5898095477966159]]}