{"step": 3772, "herders": [[3.1014372847916176, 0.5240952753981349], [-1.9726332375366569, 3.389785220767787]], "targets": [[-1.389387245567841, 1.2539461418224993], [25.016836117879517, -15.817603713829854], [0.5490793188637357, 0.16971222051947832], [1.8784161267102302, 1.6567059398416626], [-2.4495648310404405, 1.8734628278259404]]}