{"step": 2319, "herders": [[-2.453597413415531, 0.8086335278372381], [-1.4656662351477254, 3.9633782154031296]], "targets": [[-0.9345636252967271, 2.2212416074424652], [24.001306607183103, -21.65655454751655], [0.02953113260697759, -0.6305138200262208], [-1.0095257595773597, 1.430494468693787], [-0.45490013231600224, -0.7368720559441981]]}