{"step": 2624, "herders": [[0.10055796594451116, 3.1797710194664996], [-0.7855779173768115, -2.8170342892583378]], "targets": [[-0.0756305181194837, 1.0980285829141105], [23.786251676063017, -20.601882572515727], [1.2053517595725596, 2.1517143811957378], [0.09910968101663997, -1.5356781766410879], [1.7265426155105268, -1.0301380742613562]]}