{"step": 3681, "herders": [[-0.06227287271371376, -4.650711499910988], [0.060382898920598074, 3.5614945294584555]], "targets": [[1.1504191206049936, -1.2459326438621554], [26.82123681799576, -16.968248163511987], [0.9506826771846877, 0.0050209427721388256], [0.7628741909630299, -2.7391105807297262], [-0.12276126480024437, 1.95628024927076]]}