{"step": 779, "herders": [[8.560511044168534, 1.4189171749925724], [0.02938288530004185, 6.212567351006332]], "targets": [[1.0908998090702535, 5.393042357582561], [22.195894633517298, -19.261522525986088], [2.284920844488414, -0.6988177993974904], [6.761523946699874, -0.10517919394734622], [-4.122839592625054, 0.6734718617796065]]}