{"step": 99, "herders": [[15.77022571646772, 0.7430836862514767], [-6.806402412732685, 15.669819564732197]], "targets": [[5.324631735599352, 1.4082723323863133], [18.98533643838104, -16.55491321145492], [13.932812663514584, 0.5358703427706972], [13.989310911382209, 1.2929376867213402], [-5.532718522233661, 14.249211116145005]]}