{"step": 1671, "herders": [[1.994447908987, -1.241546988045366], [-2.3932555891275507, 1.4784124028193388]], "targets": [[-1.1366394160880617, 0.4529945568942844], [20.89520872151698, -18.38351200975926], [-0.8162539170743555, -0.29435910545970645], [0.15572478880256396, 0.17442557081868074], [0.6075064134905488, 0.39026748423248786]]}