{"step": 531, "herders": [[9.56377889461768, -0.5696178813724346], [2.621023283399679, 5.627835916298735]], "targets": [[4.035025626011284, 6.529566009480197], [23.35527100611068, -17.75162685110215], [7.12610554553282, 0.35283440236872277], [6.463531496114169, 1.6394322707636309], [-5.503225998228688, 4.575631982758394]]}