{"step": 2483, "herders": [[2.0469153905241217, -3.2293306455435817], [3.4628339537778747, -3.7724600333783394]], "targets": [[0.7516934498649139, 2.1653459963943993], [25.50273628856467, -19.098993822680367], [2.697219402066944, -1.3868090194843368], [2.313955604126247, -4.3297209426801775], [-0.9599149636920866, -1.70089942990209]]}