{"step": 1425, "herders": [[1.5986016734267645, 7.13495982695983], [-1.726932933784763, 4.907931666104649]], "targets": [[0.1469178665562324, 6.030191100678655], [18.904725475983213, -18.75031372449908], [-0.7281770925309972, 4.150837826506802], [0.1708431208748295, 0.15291861639638923], [-0.7528675374299616, -2.3567933030299266]]}