{"step": 3300, "herders": [[-2.367125235881629, 5.601439064947235], [-1.1415913872997312, 2.244402128358675]], "targets": [[0.9812796827030514, -2.8581117743813587], [30.458031366537273, -17.841940616092185], [-0.015089737635123168, -0.36453586107185376], [-1.9959962462523924, 1.6364024039063294], [-3.5722165175769276, 4.361603717652385]]}