{"step": 2961, "herders": [[-2.733938450729208, -0.9613746775081802], [-1.813780573677707, 1.7576110511073546]], "targets": [[-1.046979015500797, -1.3797504918902097], [28.188483537317918, -20.47677422433827], [-0.4487197951106916, 0.42908204332050376], [0.15837550823884222, -2.965389013068932], [-1.6351307317871961, -0.9453913118373619]]}