{"step": 716, "herders": [[5.730361764425246, 4.7822062125535245], [-6.461800076135287, -0.2910681900541954]], "targets": [[-0.4179822542066292, 6.194258281175103], [22.37611104231523, -19.6530797065693], [3.5001266610674096, 0.33262052735960024], [5.015749153052975, 2.683212533851496], [-4.483264168835089, 0.32768377752608135]]}