{"step": 924, "herders": [[4.3924639150741855, -3.795259120286661], [-6.333013770953993, -2.130723740456879]], "targets": [[2.5627988713994307, -3.1758096345341347], [22.46059576880064, -18.793909396064038], [3.321189195016595, 0.1995260415997389], [1.1126931931838082, -1.9441454654424997], [-3.83982576350472, -1.4017609068318788]]}