{"step": 2383, "herders": [[3.5888008751734937, -3.025555057671795], [-2.6968380554381244, 1.5857711719367105]], "targets": [[-0.3112746323636998, 0.01784025748981849], [25.41437276608035, -22.029832990331517], [0.731444089198877, -2.49640318023046], [3.4520825466488922, -3.6756105078977592], [-1.9014726932902728, 0.31685066109889276]]}