{"step": 3225, "herders": [[1.4708031049134056, 2.0962295010313925], [3.5122056348626276, 3.7792814449246825]], "targets": [[1.1147836483447828, 0.4242633447251182], [29.77756556739684, -18.77591709974555], [-0.36386752767179154, 0.4088102407019759], [0.9235652346521761, 0.7349265621266322], [3.603136056283566, 4.337534962318996]]}