{"step": 3679, "herders": [[-0.2412540085591867, -4.6571095322513525], [0.10991446315309608, 3.59296450371194]], "targets": [[0.9456033935302234, -1.5448897357472682], [26.84810519550019, -16.964300368379075], [0.5228509146553791, 0.10165671860606959], [0.6488882643867594, -3.145391170475283], [-0.12282934536910511, 1.8863346054926238]]}