{"step": 387, "herders": [[12.183108470721894, 1.1142897950732973], [-3.989472146682387, 8.12429907447881]], "targets": [[5.534965047751564, 3.256124613111097], [21.57429152603794, -19.24761173513871], [11.107248076320918, -0.0017388439598502031], [7.73326836367968, 7.324703234904979], [-3.345452574736555, 5.7337133111120275]]}