{"step": 1558, "herders": [[-3.6698654573895344, 1.9530579241606616], [-2.3626751509483097, -2.9665081618830964]], "targets": [[-0.9991667469865397, -0.3953939228457261], [19.556813821466886, -17.892521589764016], [-2.474049941335145, 0.4552227791464699], [0.5056414401123626, 0.9765447297216008], [-1.2220463824420407, -2.789613396455737]]}