{"step": 3369, "herders": [[-2.961547020236501, 4.238914531798125], [4.707799553811421, -5.208122734788232]], "targets": [[4.466194379842202, -3.22623544631726], [31.32204979189254, -18.223223022859166], [0.31044873620802094, 0.04986515731220332], [-1.45452574774734, 2.6515285784945295], [-1.8753963249325831, 2.716179921231908]]}