{"step": 1360, "herders": [[2.7600749103538678, 4.588486514890539], [-1.7628327565086552, -4.771932746070614]], "targets": [[3.153582166607302, 4.814459831293334], [19.580427000037123, -18.81982956705335], [-1.3215443016539936, 1.3784146346491963], [-0.7128696830034745, -2.4672564152406493], [-1.1099073215952588, -2.573040439336541]]}