{"step": 3290, "herders": [[-0.9354068934209704, 5.324248968620203], [-0.3205831693876896, 3.5431024590707794]], "targets": [[0.3414824753968754, -1.7545538618623546], [30.98527297427688, -17.788074002897666], [-0.0014503042928677712, -1.198953053426281], [-1.5367798751080572, 2.398441788982929], [-1.9863268562441114, 4.570807919141722]]}