{"step": 409, "herders": [[12.44674534548833, 0.8140816282499397], [-4.9178955474789285, 6.873558003428617]], "targets": [[5.237514561553588, 3.577656518948955], [23.24645597166538, -18.8715079900801], [11.902682240939413, -0.38659809153010677], [6.823448950290773, 6.173977848609883], [-4.97097580953733, 5.074175401395452]]}