{"step": 2168, "herders": [[-2.873017690172025, 1.59598175118966], [-3.2759222548569746, -4.833796437968982]], "targets": [[1.0293349843150559, -3.2364975827474205], [24.963165729908848, -20.77303159760199], [-2.118378795420591, -3.8067325996784116], [-1.0216184700783824, 2.1230979517453656], [-2.050391613966165, -0.534952843269628]]}