{"step": 289, "herders": [[14.657498921423644, 0.4923558254252129], [-3.0175367206073065, 11.703849944811061]], "targets": [[7.109381638646814, 3.8805640325359154], [21.473532593539716, -17.846371139684955], [13.583213332524029, -0.9857655103346588], [11.352462124710337, 5.339626456386936], [-3.062228446454361, 9.860696305598433]]}