{"step": 2528, "herders": [[0.7814407647024173, -4.7080730552464605], [2.9778036074073064, -3.252310652132569]], "targets": [[1.8508967238570833, 1.3967614274258389], [24.328529824055806, -20.445900103181472], [0.973958038670941, -3.1908371425906137], [1.1694375927712368, -2.892808767083371], [1.7601747991791497, -0.6505321731998692]]}