{"step": 3039, "herders": [[1.7644842830300433, -2.6961850866199373], [-0.03890218933938898, -2.968967790213136]], "targets": [[0.42419781306513665, -0.10509120525843019], [28.822864182613458, -20.628298599450112], [-0.07895152386002136, -1.1073085278172239], [0.34431100389043395, -1.1371130826178835], [1.5664090256405507, -0.815841555489196]]}