{"step": 658, "herders": [[1.8696716882236684, 9.373587689450128], [-7.725682777055648, -0.8890328860627258]], "targets": [[1.1857690472300528, 7.876367205536221], [21.94637275878577, -18.982523728570488], [3.994154836361036, 1.7238753809273433], [5.113199896594296, 3.11222695321673], [-5.832291196441729, -0.7788639845750792]]}