{"step": 1400, "herders": [[2.7080644747100098, 7.635170350095898], [-2.8214917749825394, 2.5864652112047866]], "targets": [[2.0786921066312685, 5.7565055431275205], [18.07532810531536, -18.495960896333322], [-2.0950856836197285, 3.3753083204659307], [1.494498030118595, -1.2189982345084558], [0.6518483326552377, -2.007146070017457]]}