{"step": 19, "herders": [[17.852969167280346, 4.241070871132423], [-4.697900065378981, 15.661453468996228]], "targets": [[6.615162569480676, 1.2487186468161013], [18.62538307353005, -15.072593429439845], [16.042065443743702, -1.4279965933242218], [16.081224912431466, 3.4756890915904926], [-5.897538255937435, 16.34249179748157]]}