{"step": 1240, "herders": [[-1.6447061346373717, 0.9718267477659243], [1.6201885376507277, -3.5361915700027082]], "targets": [[1.4112629726523624, -1.5621853849014902], [19.79719358506583, -19.69760064568036], [0.9497266971510533, 2.415669172577211], [-3.22827034811511, 0.8575296720411225], [0.659804442568282, -2.032735599898255]]}