{"step": 230, "herders": [[13.473697497859265, 2.4069017297318207], [-5.549801751401606, 12.204065004822194]], "targets": [[5.314051439748398, 2.667001577465066], [22.61347001979537, -17.189558999130707], [12.942076639107183, 1.0868252079420877], [11.455577476152806, 4.999608708460337], [-4.715278065919662, 10.517098061841626]]}