{"step": 1552, "herders": [[-3.7677285149009894, 2.517105055598476], [-2.5398188821219807, -2.0803229551152627]], "targets": [[-1.0807296200935008, -0.4991340142549535], [19.7245506475046, -18.249701931298993], [-1.9639640082177814, 0.6765130483940373], [0.09189505635864403, 0.10079236632500407], [-1.3800759823585462, -2.858896913458195]]}