{"step": 1456, "herders": [[0.27493810150441256, 4.578624351098044], [-0.5244390010319072, 4.4665241430722435]], "targets": [[-0.6014006894444147, 2.2821487420001216], [18.57454552242698, -18.464966335481776], [-0.8078983293595552, 3.114815863862448], [0.13312835801027612, -1.0696160448958973], [-1.4638284702965774, -1.1058902235058456]]}