{"step": 1757, "herders": [[1.526285208656496, -4.823308348056888], [-2.2460265672064557, -2.7647529915155054]], "targets": [[-0.855087611132781, -1.8428169241074355], [20.429380439079566, -18.545171520573767], [1.6899839966462005, -3.2458978958593256], [3.000051021707297, -1.695207805723163], [-1.1336784748419206, -1.1263495943060926]]}