{"step": 1674, "herders": [[1.9718284005306728, -0.5224151782373276], [-2.3866253411620266, 1.3478214672384192]], "targets": [[-0.8493849453256387, 0.22577564880966866], [20.395005353598403, -18.38602150690857], [-0.48568719893560874, -0.6955241128890893], [-0.22504889633112174, 0.4745687249374714], [0.6257707943332325, 0.6580907531767607]]}