{"step": 2393, "herders": [[4.596676105327511, -4.20125702795454], [-2.9769153838990934, 0.7686142750291877]], "targets": [[-0.08578373711134492, 0.2040056496367587], [25.777088343786986, -22.703801628701644], [0.8415709150794041, -2.1361029356600625], [4.931035007571447, -4.763986557738995], [-1.458488204989894, -0.3481642687686038]]}