{"step": 3849, "herders": [[0.3876727378283593, -0.4680600528378473], [-3.018221110354307, -2.056318401634109]], "targets": [[-0.05461715353023466, -1.4484583105953432], [22.539510400598516, -14.664944817165836], [1.7133501700254226, -1.2072868161798467], [0.9018090210224745, -1.404010589804998], [-1.2880541503243375, -2.1248682897226954]]}