{"step": 2720, "herders": [[0.23345583661433428, -3.906607939131919], [-1.3801210477575518, 2.0417035835999315]], "targets": [[-0.887325467882969, -1.4193765784629444], [25.153933568968583, -19.123608670909512], [0.448230030974848, -1.9784756009009383], [-1.334864736639108, 0.021736862295017922], [-2.5423197303045435, 1.7882289779269709]]}