{"step": 1555, "herders": [[-3.7098966471468144, 2.314294848218763], [-2.463671322562669, -2.3997354187651325]], "targets": [[-0.9264245391016596, -0.3277655965714502], [19.61878110354835, -18.203069032714495], [-2.1613523034200255, 0.6097739811914543], [0.3416905029248496, 0.28174926235502196], [-1.610851964649903, -2.9971369652267867]]}