{"step": 3918, "herders": [[3.5773109668654905, 2.7827368478050953], [1.3761016645543498, -2.903975193584058]], "targets": [[1.0278046949501582, -0.7712521659459544], [23.810550613894343, -14.873435507940902], [2.47998454305491, 1.7457673951048225], [-0.4785209992102682, -1.3620477721799413], [0.3136601617007997, -1.3752938038588338]]}