{"step": 3785, "herders": [[2.3169265176291387, 2.0974776396308905], [-3.5021565063017137, 2.5817451394193065]], "targets": [[-1.2239963923403325, 1.7797015128912665], [25.13249684799392, -16.135903527973035], [0.5902838787822483, 1.2326375745620095], [0.19703366250534773, 1.8086284839956348], [-3.820758533990365, 0.6901605348330655]]}