{"step": 2947, "herders": [[-3.986370137350918, 0.9761464830452125], [-2.0778112572341065, 2.8028308139517035]], "targets": [[-1.755872375128763, -0.27596991785125863], [27.641329764915028, -20.47072581096686], [-1.3759700291451005, 0.7816841756694861], [-0.7357974614967828, -0.849581706165341], [-1.621518326082154, -0.15743736873932618]]}