{"step": 1973, "herders": [[-3.848579420532656, 3.502112875235034], [2.352267132816216, -0.744555913606979]], "targets": [[2.2341118459989633, 0.5235956240769608], [23.52436330361421, -19.06751929564987], [-0.3441842345399318, -3.2909047617198914], [-4.004923695402785, 1.1499885682256294], [-1.1489259186014191, 3.7471558801589446]]}