{"step": 1313, "herders": [[-4.882915700063878, -2.6694773127975093], [1.8676157057282976, -4.067892828186509]], "targets": [[2.562908600505274, 1.7243522882763205], [19.853660658176604, -18.684237461049797], [0.6529791738789888, 2.327030025963273], [-2.6467272673393865, -2.2081912025155943], [0.3621234157363291, -4.722039823703748]]}