{"step": 3747, "herders": [[2.3677710273722603, -2.319506976243933], [1.1776827637843208, 2.4499196045114275]], "targets": [[-1.283096974864113, -0.9437786041771948], [25.571518383133178, -15.78973306677116], [0.20190066986264593, -1.1728377803791357], [2.2791624626995155, -0.44185127188104334], [-0.20887835293722296, 2.3672850489813846]]}