{"step": 1771, "herders": [[2.803896517038178, -3.456163651740422], [-1.9427926109304752, -2.9236522207513986]], "targets": [[-0.7635296264401481, -1.3308459649239788], [20.372340257501484, -18.33438124912633], [0.7481402001618813, -2.901347623339544], [2.6260092141811784, -1.1168647962031597], [-0.9211202776467547, -0.9057824667308014]]}