{"step": 1402, "herders": [[2.6900771276388484, 7.564995796773097], [-2.831190233302003, 2.8959590216433466]], "targets": [[1.8772086378051378, 5.953992845195149], [18.35795214470611, -18.730958605158683], [-2.0160707965562263, 3.685226116314407], [1.2219735507962257, -1.0801439820832923], [0.269899997568347, -2.3050139458182386]]}