{"step": 1062, "herders": [[1.1317004685377938, 5.085218065228157], [1.0318969580921697, -1.2131595040915488]], "targets": [[1.2685031087701246, -0.7306445785705719], [21.5100369832559, -17.430904211154374], [0.19093487433984482, 2.941383455117274], [0.48460721525485406, -0.35247440076386566], [-2.479012795397011, -0.4311780970033829]]}