{"step": 1120, "herders": [[-2.384209446697125, 3.504134347394272], [-2.366960746709422, 1.9247423816261109]], "targets": [[0.9635439029497381, -0.15402562468659986], [20.50847769672597, -19.04195982690766], [-0.6468385778973634, 0.40857817238436683], [-0.02970064583510959, 0.8978011708842026], [-0.7005745558825149, 1.8300730144124768]]}