{"step": 1910, "herders": [[-6.021831304705488, 2.5432769777126016], [3.8931808138590696, -2.205331772526477]], "targets": [[2.867514052720095, -0.47553943135250387], [23.25373096737427, -19.903576335677922], [2.3496609447517187, -2.2060000089176017], [-5.583632715019468, 0.694884458942068], [-1.2400064799355046, 1.8096749826334668]]}