{"step": 1587, "herders": [[-2.502484496491619, 0.579464743026876], [0.04418927977256919, -3.4988873430184215]], "targets": [[-1.7016856561340248, -1.3551822013057269], [20.563984041587993, -17.066293453449237], [-0.7925875644682527, 0.22340692330283865], [0.07019202365467532, 1.7093309692897654], [0.1582887159766006, -1.3541822753385668]]}