{"step": 2453, "herders": [[3.1490913332204467, -6.754800986805826], [4.36762919139652, -3.0331183020370767]], "targets": [[0.7784651642470348, 1.3183120556772643], [26.082080665490643, -19.88238457187104], [2.7945343905729, -1.7427559586047994], [2.6378624633914414, -5.04183780766075], [-0.7114469050395779, -1.7510339694968033]]}