{"step": 89, "herders": [[15.905189721613924, 1.5069378757081675], [-7.2941123889374015, 15.905825834670173]], "targets": [[4.823395750786832, 0.4405129178416096], [19.229045467196535, -16.36579138648327], [14.016981056333815, 0.2970677127323117], [13.680293580193144, 1.2270611522123536], [-6.132753180376135, 14.224373693972042]]}