{"step": 3982, "herders": [[2.888872781787881, 1.9696461479713898], [-0.10928591082704481, -2.8555031776470265]], "targets": [[-0.9154011843397648, -1.4471771121615382], [25.392107986959168, -13.423963059046066], [0.8460464527106327, 0.6335143884343952], [-0.7876135632426956, -0.8266855243920295], [0.2551343120984661, 0.4652661118136736]]}