{"step": 153, "herders": [[14.072905741116926, 1.812875073162509], [-6.3156551379085935, 14.662335180694201]], "targets": [[5.1319890235007595, 2.5666281780931652], [20.873143841019218, -16.079087370889578], [12.628804124806726, 0.6907955950164681], [12.289276370883643, 3.1184117752585525], [-5.813720240548722, 12.564991830081704]]}