{"step": 903, "herders": [[4.839842343867271, -2.248216959028049], [-6.200840051652008, -0.997925199956549]], "targets": [[3.6770638425530318, -2.7269362391584964], [21.94709270517582, -19.31504233006752], [1.6878572986460176, 0.5561039820667911], [2.515251342008688, -0.2331923592330314], [-5.894079766077535, -1.7908227784938764]]}