{"step": 3706, "herders": [[1.3640419468049754, -3.597822907584911], [0.9448075227545759, 2.4479242300135504]], "targets": [[0.7441099084816847, -0.7995057942031878], [26.733256334973284, -16.69001112560389], [0.6810743845353933, 0.6413993766472135], [1.3098109866261387, -1.728999126795967], [-0.25853614851453866, 0.3110053790605828]]}