{"step": 2028, "herders": [[-6.340756058027251, -0.21589036267493], [-1.8212069695591144, 2.4062086813339474]], "targets": [[1.1688201041380641, -0.7985128746401466], [24.980428979663586, -20.620846243272247], [-2.840171481410408, -0.48418081007327646], [-4.312959552046512, -0.5751538154762968], [-0.9884204371646439, 2.921034660084149]]}