{"step": 812, "herders": [[7.927888278494708, 0.764193165447579], [0.8028704121523335, 4.382652684932917]], "targets": [[2.1116214236603037, 3.5758260118061527], [22.523441597398968, -19.9093122029838], [2.881850777499684, -1.6896727904096658], [6.153188557092339, 0.3742287165277579], [-3.5633285402541097, -0.7568753213898771]]}