{"step": 2895, "herders": [[-5.195164502757426, 2.5656294832358113], [1.2908495058424108, 0.7839118779500027]], "targets": [[-3.2787497915329156, 1.6770066949621747], [26.745758846299854, -18.52914338955932], [0.6970661896701296, 1.5296628588176575], [0.6001417734010257, -0.21713525533169203], [-1.4257364147737368, -1.169729675155781]]}