{"step": 1742, "herders": [[0.23750384948836453, -5.023953694924241], [-2.6505439260190364, -1.098950364329504]], "targets": [[-1.725904248594212, -1.9485124060952153], [20.61014674057236, -18.242617690892377], [1.4219143146599122, -3.8608669296282203], [2.0157607669369932, -0.9019434676782975], [-0.26068363483460755, -1.0317382827180221]]}