{"step": 694, "herders": [[4.74269091484804, 6.197213606298151], [-6.567478049770211, -1.6971811584595218]], "targets": [[0.7869555137834101, 6.5720608456383465], [21.9139610822248, -18.72479942743095], [3.8204152496121537, 0.6788791835231645], [6.226161542408765, 3.623068375109973], [-5.013926931148512, -0.5775428297450033]]}