{"step": 1268, "herders": [[-5.643333471148658, 1.1778960669067335], [3.542134916445399, -1.5668612387918766]], "targets": [[3.4745196438557313, -0.03614162731805143], [20.615443904182086, -18.524418605001607], [0.8008968143724768, 3.020479952357995], [-4.722573842982593, 0.3630826660867541], [-0.4251424268108965, -2.6331136516034097]]}