{"step": 1791, "herders": [[3.869153563254793, -1.8276476438906033], [0.30561668440856166, -3.616826575280647]], "targets": [[-1.3413916281670923, -0.9095830396802144], [20.294603455279137, -18.668605428426], [1.2480729765017746, -2.094033748369052], [2.9138246370737835, 0.2379021618592273], [-2.1482124574296715, -1.080558604919801]]}