{"step": 1678, "herders": [[1.8822658842325184, 0.17602454460670308], [-2.3880097888549336, 1.1829989807593875]], "targets": [[-0.9134462630797197, 0.7068310794886157], [20.670778166492003, -17.716567812582724], [-0.41140667390671143, -0.7180120283622984], [-0.028183993561708143, 0.7803467012471565], [0.9532886767050186, 1.1878722544382858]]}