{"step": 1031, "herders": [[2.495023324945104, 6.105565502958424], [4.755454288177384, -2.476846243866962]], "targets": [[3.5726078309121023, -1.162538018257329], [21.959912055489042, -18.004697208326927], [1.7584756152564498, 4.910272423722083], [1.0737032993551041, 0.00021010165024326621], [-1.7847988859172146, 0.4260785317223122]]}