{"step": 3480, "herders": [[0.020137561447671287, -2.0151595044239787], [2.7707834500623574, 2.267925685837041]], "targets": [[2.366397942561775, 0.07230532186536764], [31.940719830544424, -16.97596847738559], [0.7845885198243124, -1.81200374758716], [1.347989643391757, 2.9975123297169635], [0.5418263870734291, 1.0832870881445245]]}