{"step": 3509, "herders": [[3.0928556013831288, -0.5428773433821059], [1.6547716754819637, 4.1100581040870905]], "targets": [[2.26531349806967, 0.9049182352104365], [30.283524834445714, -16.932138228474514], [1.7102794830570998, 0.4965154716664875], [0.24707597907297646, 2.6327852569796937], [1.5546425585602084, 1.2666943538356716]]}