{"step": 3877, "herders": [[4.834000924673236, -0.5936253781184759], [-0.550385365544539, -3.8935816014585436]], "targets": [[0.38874346667361603, -1.9272136438908476], [22.847809722100866, -14.268561208769656], [3.8076052971089775, 0.5295562897812359], [0.24253154508273797, -1.6184866292647568], [0.9851665388595101, -2.5620505862551752]]}