{"step": 726, "herders": [[4.536300461120777, 5.190833437068033], [-6.152193937215553, 0.23777293882038322]], "targets": [[-0.17263112349912993, 6.467662420533705], [22.622289957804313, -19.998515218652223], [3.650069392807314, 0.2755517209958534], [5.770177910791378, 2.5805849642351117], [-4.319631294340277, 0.21977022183096853]]}