{"step": 3791, "herders": [[1.6397346080060902, 2.6145859787691927], [-4.133677033463481, 2.0113331737851823]], "targets": [[-1.5379183030958168, 1.1291209704812641], [25.67079590881068, -15.656524479313955], [-0.48400707042144353, 1.0112390522472765], [-0.26982323221718546, 2.1068175094834145], [-3.4799029266986836, 0.9290681445244837]]}