{"step": 773, "herders": [[8.459693180370412, 2.182476948289009], [-0.8306428185705554, 5.737696321290925]], "targets": [[0.9899463819338375, 5.708183273703505], [22.195078525438866, -20.15997393405979], [2.014687299366092, -0.6216787688641208], [7.381587606303072, 0.6311855394119067], [-4.105583870106583, 0.5976582977108884]]}