{"step": 2776, "herders": [[-0.8917565516132856, -0.5873480334912721], [-4.690266802986779, -0.3371815945376878]], "targets": [[0.9952997094046705, 0.682278566297098], [25.524131409258857, -19.08740575814569], [0.9310046074049353, -0.11179763558678005], [0.3329264984052063, 0.7342127355786057], [-3.0672342581273355, -0.27056405888046836]]}