{"step": 3414, "herders": [[-0.09247042345844314, 3.9353281912901608], [3.588509164189993, -3.172299266166642]], "targets": [[2.5400886050904465, -1.579397274020504], [33.027502351783504, -17.940158944426006], [0.22268775092525273, 0.2412829593081735], [1.6808286284943281, 2.1202334730501358], [-0.567737803750572, 2.2757247860752563]]}