{"step": 3658, "herders": [[-2.2632443349237095, -3.1620774871123793], [1.0326353751530726, 2.94050065131536]], "targets": [[1.0930222266689682, -0.9023335025630175], [27.486778582472116, -17.224259765664268], [0.5610720462790693, -0.7149609861437449], [-0.9842782971595828, -2.9923074691807825], [-0.05982561333273628, 2.846692564204407]]}