{"step": 3349, "herders": [[-4.236348975604848, 4.078926940519381], [3.1314886190367526, -5.740526792788397]], "targets": [[3.3840392589052097, -5.45874935474809], [30.50767019444328, -17.825193331320406], [1.1213178237184875, 0.07017009427650175], [-1.347078910280126, 2.69930316142667], [-2.683978943340688, 2.6437926332760786]]}