{"step": 3358, "herders": [[-3.5954507920826715, 4.059840257221518], [4.082055032395031, -5.8516328954947925]], "targets": [[3.9492102049614384, -4.349321579366819], [31.249671953354166, -18.144281512688682], [0.8829915932169725, -0.2987361176352279], [-1.9859319836530973, 2.008442056262274], [-1.4942288493195999, 3.251809409758996]]}