{"step": 3018, "herders": [[1.1556112464128536, -3.920283704049127], [-1.6518612317844767, -3.264269082255452]], "targets": [[-0.13304462956410057, -1.7497001998594048], [29.600999855780735, -20.459404755148032], [0.10943104672173558, -1.9455468649079255], [1.483778920209551, -1.1194761002102258], [0.47701920414786103, -2.441879523326715]]}