{"step": 336, "herders": [[12.245048386674037, 6.290418229298583], [-2.0762163102875526, 10.255005968003717]], "targets": [[7.341014306096915, 3.4061353111787147], [20.253321680323186, -18.448915557032095], [11.763483247526919, -1.283706332449952], [10.43909056441116, 6.615554575256837], [-1.5478657410960885, 8.653067347342073]]}