{"step": 622, "herders": [[4.042244206346177, 8.545882888064941], [-9.207196386571203, 0.6334417654682113]], "targets": [[2.6889618808953375, 7.583109798484893], [23.46738931115893, -19.125201767069946], [5.960111405141178, -0.2850768148822595], [5.1414342948250455, 2.79678000734734], [-7.198441290297945, -0.2862774685415842]]}