{"step": 1737, "herders": [[-0.3228227745744806, -4.577630680021206], [-2.5591884200338435, -0.23293002402311674]], "targets": [[-1.9686204365183837, -1.2855279115797296], [20.527896509880584, -18.48235259418637], [0.6738629052268701, -4.486530317888985], [1.9744419878250468, -0.5024681766635989], [-0.9576045680392529, -0.738570338861718]]}