{"step": 293, "herders": [[14.75372830310642, 0.05123705227910949], [-3.1037818520211924, 11.535654588410537]], "targets": [[7.681291786519588, 4.088916303595042], [21.880832075496784, -18.292351278391248], [13.42191946054599, -0.7839096198775495], [11.527348515203302, 5.927188123321999], [-2.5361987845441245, 9.509440998730401]]}