{"step": 1998, "herders": [[-5.297878535486157, 2.185766180770057], [-1.6918392817235062, -3.6373390151846263]], "targets": [[1.5485092878149724, 0.0013943174184624652], [23.709964575173903, -19.359331213740518], [-1.9867923315088583, -2.3771060980713146], [-5.479696736622488, 1.0154596141955132], [-1.0161779563224, 4.172880603517207]]}