{"step": 1346, "herders": [[1.2062671983103275, 2.308261875943288], [-1.5717275599229472, -5.338245824047535]], "targets": [[2.3092268375795038, 3.5285867282890986], [19.686641056189618, -18.365236953271324], [-1.5101527002966348, 0.9628655455389024], [-0.8531793351301441, -1.8030343997048182], [-1.9425910798311747, -3.5357257683441428]]}