{"step": 3093, "herders": [[2.1258667719069737, 2.833775165826064], [-3.1472447613968573, 0.5668453329413343]], "targets": [[-1.480793492319639, 0.013133079197940559], [28.21863486994741, -20.761788923556676], [-0.636502885098541, 0.35786516073828883], [1.2845042781133076, -0.8489029491858997], [0.7609515284847213, 2.158714298649241]]}