{"step": 2081, "herders": [[-4.583167408744418, -0.957754356511514], [1.4167102786483214, 2.045506590378286]], "targets": [[1.6320869011333785, 0.696089972195749], [23.595853183212466, -19.870184103108112], [-2.4942847460529776, -0.5870940091840673], [-2.730501791523957, 0.526766589614359], [-0.25897914529441013, 0.8048959565454186]]}