{"step": 1259, "herders": [[-4.512747283526922, 1.539733535378214], [2.1100309302436844, -3.102519765547346]], "targets": [[2.7698513512158596, -0.9650400346316126], [20.305251853370784, -18.605104050977246], [0.7510902335523892, 2.7065637349107705], [-4.790635636957335, 1.1453513640394661], [-0.2410662967374413, -2.4548774886929814]]}