{"step": 1341, "herders": [[0.02572890104082204, 1.098686654250458], [-0.9834943419078924, -5.576491907858014]], "targets": [[2.4083927586999505, 2.8225092923141135], [19.9163001836875, -17.670176374970094], [-0.9754278954950046, 1.4988117952757969], [-0.6206631130852618, -1.8308595330391515], [-1.7705094502315908, -3.6564911098511748]]}