{"step": 2588, "herders": [[-2.4912624728717323, -0.3382537417528781], [1.7039261652649933, -3.366187395219168]], "targets": [[-0.5953242265570144, 1.0902286597613877], [24.747296344132504, -19.886210865024584], [-2.092075324300436, 0.6721143286340482], [-0.24033677748234095, -1.174983709556843], [0.7286542816143142, -2.1188781327318655]]}