{"step": 297, "herders": [[14.778624186707003, -0.21448439191998608], [-3.0574932996330757, 11.367168974908978]], "targets": [[7.686960744247049, 4.329157054530551], [21.987858001701007, -18.090172801222753], [13.35362667341006, -1.250299775876556], [11.04556418372373, 6.306062157669959], [-2.401218134908139, 9.396330474370847]]}