{"step": 3196, "herders": [[-0.3131346416060361, 2.77488328147161], [2.859132595440812, 0.21334691410421594]], "targets": [[-0.4225534402192165, 1.2230627187033463], [27.938017130006443, -19.149438672651822], [0.5334082515618739, 0.2745261190901381], [0.056164740854779904, 0.020854336576990512], [1.368583295472063, 2.25119234425686]]}