{"step": 2255, "herders": [[0.24094784148579498, -4.371421627975794], [2.887887090078471, 1.2049798174969795]], "targets": [[1.0336066798500951, 1.8564738567197634], [23.793276072135285, -21.154277762642963], [0.7701015418386384, -2.253587552942936], [-1.2468628748555308, 0.43243477440044403], [-0.6907415495432381, -2.71106000607495]]}