{"step": 2423, "herders": [[4.338852812661663, -7.6454347867890435], [2.0616283017497703, -3.55564261549543]], "targets": [[0.9688787556173414, 0.6514227500449147], [25.665346193763657, -20.400757292133854], [3.134250450321474, -2.803560797901671], [3.4310623988734372, -6.558929147507495], [-0.28762319990942714, 0.5878974360100458]]}