{"step": 2190, "herders": [[-2.488305677024905, 2.1061944605436493], [0.5254862454655447, -4.809836831010605]], "targets": [[1.3818763059846402, -2.96944472993062], [25.485449340730117, -20.91266383806216], [-1.4223115189194373, -2.786502300968437], [-1.4452803280262008, 0.7138686192295062], [-0.866275106141143, -0.7874337365529405]]}