{"step": 3734, "herders": [[2.1230487572941064, -2.8758837259047723], [2.134620910935363, 0.8600286452565837]], "targets": [[0.4806707712840962, 0.3482358053642811], [26.524226818820726, -16.248639827810905], [0.5440665968764132, -0.9152883518400524], [1.1157410068888627, -0.41887624238288146], [0.35784556403702833, 1.5608007072226702]]}