{"step": 3602, "herders": [[1.134699295705777, 1.7251223092515207], [-1.6845816695028495, -1.1603148792663487]], "targets": [[0.3687226716984093, -0.8066932951467854], [29.542085081703597, -16.571413850636475], [-0.24344921442229564, 1.478955834598859], [-0.7036920732390659, -0.3090413386587501], [0.7894257442029551, 0.028088777014363603]]}