{"step": 2644, "herders": [[2.1683253744909803, 2.91189052333446], [2.120335588333023, -2.016789279802559]], "targets": [[-0.1157245421007338, 1.3556797590358498], [23.47804458392001, -19.768455205922834], [1.4734108026673072, 1.1781902992127018], [-0.351445578736521, -0.8096023823619638], [1.5928960416039926, -0.39441356725205534]]}