{"step": 2154, "herders": [[-3.687475764712353, 0.8121437700503755], [-3.570166123087954, -4.605494769500422]], "targets": [[0.7066067276168524, -3.040325415675536], [24.286153361316398, -20.076939367714505], [-2.336638228966392, -3.8338523943824807], [-1.7657263852239675, 1.732975873091186], [-2.50604774637169, -0.521948599036583]]}