{"step": 2730, "herders": [[0.2751734509755035, -3.7690625541286997], [-3.0163970561250943, 2.2190604197269295]], "targets": [[-1.0895015211906867, -1.5518204605124069], [24.946798503758117, -18.367621989230805], [-0.09100167551979749, -1.8351169336458533], [-1.45605098861984, -0.8007565476266452], [-3.656871355217012, 1.4147087055106766]]}