{"step": 3155, "herders": [[-0.4122608293430844, -1.1846817310109021], [1.8503980317047415, -2.5670772748491233]], "targets": [[-0.8271193124144509, 0.5995897543793034], [29.431682053848252, -20.374928004613036], [2.333531708867921, -0.6732441441803834], [-1.1808518366814436, -0.8793029567739483], [-0.8709503343860169, -0.9322536109469045]]}