{"step": 3535, "herders": [[3.223383625354643, 2.456078864612716], [1.0262243302498266, 3.5448886408318647]], "targets": [[1.8212381552013701, 1.8169594743015565], [30.654126123270068, -16.376180555803664], [1.3503298039354856, 1.4815832866581249], [-0.49214260356655787, 2.177900464270285], [0.3968699489381956, 1.1531115320306136]]}