{"step": 2439, "herders": [[3.4812728196191696, -6.815810404400369], [3.7252091129723226, -3.951838321146652]], "targets": [[0.9622485570739169, 1.165542789095578], [25.835358461579215, -19.708410680739977], [3.232900337295961, -2.5563253874126817], [2.696837846082922, -5.847953034163725], [-0.30259333376201714, -1.1220004568559938]]}