{"step": 74, "herders": [[16.557629932478353, 2.2162281013471516], [-7.669374689802313, 16.284368052990065]], "targets": [[4.79217650699442, -0.5435119977019699], [19.238689546950074, -15.157019740519447], [13.721731883637412, 0.33445510733234285], [14.303442912060355, 1.3325108820351257], [-7.0607467039116205, 14.687788957838016]]}