{"step": 135, "herders": [[14.577971402172029, 1.507605072145527], [-5.812683345270746, 15.831177354389217]], "targets": [[4.690958826088117, 2.456256152404801], [20.95128444796458, -15.082713906652579], [12.946575613780416, -0.019366029445176652], [12.712378036324589, 2.306960610000488], [-5.563685721259454, 13.934290556480242]]}