{"step": 2558, "herders": [[-0.46533224770708126, -3.86581361523936], [2.3567059343545327, 0.5973746510018112]], "targets": [[-0.23280434278674977, 1.5498643787554702], [24.639922622651397, -19.499723717865677], [-0.8780482271175161, -1.464849969404169], [-0.5213722356533498, -2.104789087295723], [1.8231240632630197, -1.5408366437042906]]}