{"step": 8, "herders": [[17.55623304044162, 4.8119839772919955], [-2.3089158536067433, 13.138179962398869]], "targets": [[6.730023819326629, 0.7519837392658314], [17.76315972036709, -15.502045367546053], [15.497174357720354, -1.134323709450158], [16.81902459439964, 3.48260770964025], [-6.259563580023626, 16.4503896965221]]}