{"step": 1249, "herders": [[-3.201072618579266, 1.1474092617036222], [1.191039894155304, -3.6707257243305444]], "targets": [[1.9638354613308773, -1.6565107700615136], [19.599531142811085, -19.557265272619677], [1.2705651004947698, 2.433894442593307], [-4.000166985839387, 1.2703525152200612], [0.12482945633861502, -2.464810577174713]]}