{"step": 3580, "herders": [[2.2298362238653886, 1.801088274926941], [-2.1720218013521104, 1.1010889091595946]], "targets": [[1.1494781351027101, 0.778083961116736], [29.82220488989535, -16.524769538369487], [0.5017434866696405, 0.6191936330074892], [-1.1722042899637848, -0.031317281822377904], [0.9242822844152316, 0.028951858560878424]]}