{"step": 3428, "herders": [[0.9307011349327557, 3.760674593691277], [3.4607990390916155, -2.5759902539002164]], "targets": [[2.1437050722372852, -1.3512323036377691], [31.483843374208618, -17.070914695780758], [0.49072875019380446, 0.33715029160470805], [2.1174407828423116, 1.6983754417290322], [-1.2799361347095446, 2.394159695187834]]}