{"step": 3405, "herders": [[-0.8578012023306986, 4.278356989173525], [3.686229653025474, -3.474524823067626]], "targets": [[1.944311906854616, -2.2820772689823445], [32.45307148593252, -17.619082177130487], [-0.16773567309592805, 0.3201729664443906], [0.3126155136332243, 2.4088708373408076], [-0.6409130818578405, 1.692655601091914]]}