{"step": 1310, "herders": [[-4.982133883168986, -2.531868727262482], [1.9828139103182458, -3.7920126105404726]], "targets": [[3.0340438169606783, 1.4632488799351147], [19.778674232725894, -18.786738927330784], [0.5376762819623071, 2.19043719022576], [-3.148412683146705, -2.513422286738502], [0.8985067956309142, -4.164945928790047]]}