{"step": 82, "herders": [[16.184821958311076, 1.749149708580359], [-7.5730619154217615, 16.01439297082585]], "targets": [[4.65417460891258, -0.13097670106308001], [18.81226703532528, -16.079223990510375], [13.967910865122136, 0.5314506593257879], [14.333946233178786, 1.2793230000003573], [-6.307687816762324, 14.235678236622642]]}