{"step": 915, "herders": [[4.629070513517891, -3.3083710463572316], [-6.718695695390907, -2.0868546998321924]], "targets": [[3.2087831215394624, -3.057933650519107], [22.402840943981435, -19.038867912521592], [2.271016184187455, 1.2959735410205102], [1.5224287868112254, -0.8553386578591988], [-5.132429564189366, -1.9762381448706356]]}