{"step": 2386, "herders": [[3.8835445675862683, -3.4886110725924384], [-2.889787611141289, 1.2705392756797693]], "targets": [[0.30729542321245107, 0.09822085296692151], [25.3094490807209, -22.507508778136096], [0.7783269792205483, -2.5095038869559185], [4.219906764416937, -3.8389416845167887], [-1.780495986763331, 0.0964284079556344]]}