{"step": 2126, "herders": [[-4.376271203273838, -0.6372265088958959], [-2.667419193447239, -1.0413676905745208]], "targets": [[0.8705077516530588, -1.8843822862875927], [24.33852732704307, -20.559080188516972], [-3.0590539073817578, -1.6749993237511895], [-2.27612613735771, 0.3199256821217184], [-3.2528010881928724, -0.7667494167526251]]}