{"step": 3214, "herders": [[1.1290588868773326, 2.255577958773406], [3.0553003027019745, 2.411182205152934]], "targets": [[0.18927820463609643, 0.6879729878408755], [29.133175716639226, -18.480221363919295], [0.5362384037807687, 0.3115628663058529], [0.8783315397399978, 1.0018332426022742], [2.8719157271967646, 2.9188121019797064]]}