{"step": 574, "herders": [[6.230255735787022, 6.836557420579927], [-8.558292900596763, 4.963539363201304]], "targets": [[4.458992869466003, 6.3083303568261], [23.253384951696745, -17.824547872196938], [6.692477814097714, -0.016801335965587458], [4.061138002510944, 1.6411156883197704], [-8.869531625011666, 3.2888856639684216]]}