{"step": 1951, "herders": [[-4.522085715426926, 2.415363995736514], [4.207387563696463, 0.6978337920582693]], "targets": [[2.449428730966996, 1.6610529432527206], [23.03174639943731, -20.150101567564025], [0.7424257191363103, -1.79640258421401], [-3.065736654845807, 0.841082373317014], [-2.2357215989333072, 3.6006742237570246]]}