{"step": 817, "herders": [[7.772879818397851, 0.7644570054064135], [1.5019562462567309, 4.506687918836552]], "targets": [[3.1446775095081416, 3.665845614615698], [22.321281520308148, -20.23773318135688], [3.608463970057731, -1.74035534211617], [5.425580400443207, 1.361564690329046], [-3.6455960645965666, -0.6496443300662823]]}