{"step": 3185, "herders": [[-1.924338774971306, 1.6206206194534487], [3.4763460808764193, -0.08695466246915179]], "targets": [[-0.6533947500498076, 2.1791755359804577], [28.426382589102808, -19.587781302590084], [1.2165268474161675, 0.16761882266742745], [-0.12760568692642793, 0.6498272497527737], [0.11842081095305573, 1.0336816398238073]]}