{"step": 910, "herders": [[4.722533628568087, -3.016583342295952], [-6.648489147128964, -1.7805919103811447]], "targets": [[3.2777053832850225, -3.2323688350006754], [21.886072846504725, -19.080309289326568], [2.038514070519948, 0.849070339655529], [2.078681404176393, -0.5844953371505456], [-5.891055677304234, -2.5111889405280263]]}