{"step": 2609, "herders": [[-2.1327982211320107, 1.9870886385197053], [-0.25386582683441594, -3.356405214326633]], "targets": [[-0.29099550838027827, 0.7555829275870395], [24.88238130853023, -20.2550669051408], [-0.1290315905853783, 1.8116922316256139], [-0.7536363934673331, -1.8550129179158923], [0.7180891551827403, -1.2472849427785893]]}