{"step": 835, "herders": [[6.462345628459533, 1.7008221017840766], [4.0609223013310904, 4.514244935361921]], "targets": [[4.2966491174409525, 2.916657086672413], [22.798403121359993, -19.179864126573772], [3.285953882774305, -1.6061150662612524], [4.336080212732251, 1.9529880533846653], [-3.35223628422165, -0.7648909052425872]]}