{"step": 3562, "herders": [[3.001258137470022, 1.8244545866171507], [-0.5711730985794192, 3.1448884413740443]], "targets": [[1.3335413055649612, 0.8085403125064728], [31.119701616005525, -16.954297657965572], [1.1725163296951087, 0.9316382450376], [-1.03830979463649, 1.3440864645231163], [1.0334165730856362, 0.9871873111918089]]}