{"step": 1164, "herders": [[-3.224396877175886, 1.4037898914278029], [3.8056847506574427, 0.5937355666723225]], "targets": [[0.91480541890487, -2.0697317536443958], [19.8280174166983, -18.914570262146277], [-2.1973228122180912, 0.25772408559813453], [-1.6319091761592803, -1.6719346551333452], [4.12929436562324, -0.4521744440854349]]}