{"step": 811, "herders": [[7.93628816064748, 0.7793928776159308], [0.4182326255982018, 4.301658104175354]], "targets": [[2.195759742155947, 3.5644907771444725], [22.4886245147435, -20.139249675895357], [2.7857758561695674, -1.493178016083816], [6.385811140576201, 0.5494687409247291], [-4.056602208039507, -0.7979717376478261]]}