{"step": 1584, "herders": [[-2.3838494085531323, 0.9997801241625497], [-0.033785146936665233, -3.6485505693760865]], "targets": [[-1.8702982593413897, -1.061778245315492], [20.59173630602325, -17.10704713419352], [-0.36318476287925283, 0.2467929333676958], [0.08958785723981977, 1.9460441598836908], [0.21551747981761704, -1.1753923229401926]]}