{"step": 3794, "herders": [[0.9964522602802552, 2.8955757547828647], [-4.318011800351092, 1.8402324535977281]], "targets": [[-1.8330864602764294, 1.5108171280990212], [25.538714331781524, -15.229971220985842], [-0.43152357902423055, 1.0339291098465437], [-0.32301992604128865, 1.9708897115164281], [-3.10254074873972, 0.7458141580223789]]}