{"step": 2872, "herders": [[-5.298304422496427, 3.796649444820867], [2.9418129756198823, 0.024385745989492558]], "targets": [[-4.22283290564781, 1.9879052354782425], [26.54620054792198, -18.334155425616792], [2.8869350989309, 1.4911928353550992], [0.11903152383827942, -0.5082305294759064], [-0.4834570731060121, -2.051865470636308]]}