{"step": 1475, "herders": [[0.27493810150441256, 4.578624351098044], [-1.0978569005468757, 4.230253065181792]], "targets": [[-0.7152460251221188, 2.2337879907170697], [19.801914235429326, -18.20292859064752], [-1.2614552372833738, 2.594405482663774], [-1.011825855231301, -0.7288664729306356], [-2.4045750812416817, -1.382709031713207]]}