{"step": 497, "herders": [[10.173539478495977, -0.6985606435751074], [8.312277169490866, 3.108287134169067]], "targets": [[4.822223138424281, 3.6483991300971095], [22.89186783416239, -18.3641785391421], [8.307569617290005, -0.8388942703970919], [6.39128714798372, 2.9455621384417885], [-4.66684318656916, 3.97918742344778]]}