{"step": 468, "herders": [[11.140593695126695, -1.1875522140453316], [7.749071844780601, 5.165897562063115]], "targets": [[3.324608134946264, 3.474174464083838], [23.36188893002592, -18.458557545548036], [9.044087934468893, -1.0333762791026615], [7.88868954807578, 3.63019629661551], [-4.818029070224457, 4.7770255300483875]]}