{"step": 642, "herders": [[2.6265431768136343, 9.237674760387652], [-8.472048610613369, -0.43803571442807343]], "targets": [[1.6988627627530275, 7.843237283447433], [22.881004002697118, -19.548444860457483], [4.737656077632612, 1.6851867230858673], [4.408192131203228, 3.3533879473771817], [-6.40832781651154, -0.6024520399199148]]}