{"step": 3, "herders": [[16.950406717771582, 5.339664187531008], [0.6764269534622498, 9.989629740745936]], "targets": [[6.50288000252473, 0.7097416833681236], [17.488049196471867, -15.462562716776695], [15.729038248309195, -1.0847717503341994], [17.19217619907279, 3.6125005350137602], [-6.680962987988083, 16.88825283163462]]}