{"step": 669, "herders": [[1.5644844130135933, 9.058620713407313], [-7.400818029237536, -1.1200507955245738]], "targets": [[1.271267535404325, 7.01234153622071], [21.718559498944828, -18.590022466947538], [4.592421089668645, 1.756990388530211], [5.029640224176609, 3.856089864039813], [-5.523002539950285, -1.2956930589141347]]}