{"step": 2839, "herders": [[-3.779551767388939, 5.325359710405425], [-1.7534540746698064, -3.6666081614960193]], "targets": [[-3.9673148967306653, 4.183295498667378], [27.079006557214296, -17.82578501090167], [1.3762452370555076, 1.4287665266674134], [-0.7183297426183556, 0.9309599276349241], [-0.321361258605479, -2.379974235772706]]}