{"step": 2846, "herders": [[-4.438728341343005, 5.2111172443400084], [-0.9839527774288839, -3.8555720925667822]], "targets": [[-4.057360016715224, 3.6070853615858742], [27.001412547071926, -17.64256523301037], [1.874967399812586, 1.8425259473845157], [-0.3865901704111455, 0.3920143377752722], [0.6243075853223774, -2.830119852531529]]}