{"step": 3909, "herders": [[4.03146336867993, 2.293715193189323], [1.0668440531651902, -3.3269795613020547]], "targets": [[1.3128634361779454, -1.52724608320553], [23.898656218449613, -14.927254975986656], [2.177221878739586, 1.882569857590814], [-0.06966781141471001, -1.6109712019015672], [0.6286145736243842, -1.2013618487095468]]}