{"step": 3594, "herders": [[2.0382873418472967, 1.0921306111214752], [-2.548665456598551, -0.31930879032599596]], "targets": [[-0.046010385192492786, -0.6820175890713339], [29.518632785285583, -16.033721351243177], [-0.04822331129094666, 0.6497539947879815], [-0.9118859526844098, -0.5738345240145484], [0.9278460788964512, 0.060764321273220914]]}