{"step": 1224, "herders": [[0.6615501234026118, -0.9235230734593335], [2.368299180905904, -3.5209018409354007]], "targets": [[1.4934486218034932, -0.6842014114118823], [18.74626529508196, -19.950625271052786], [1.3152351959811437, 1.7835483427803225], [-1.7047999721420941, 0.413312209554464], [0.7444148811119816, -1.9543737194613346]]}