{"step": 3068, "herders": [[3.2509389992497812, 0.31184359044163146], [-2.0861783074173226, -1.7614946978708956]], "targets": [[-1.3340273824268323, 1.0332320547573057], [27.63294669151497, -20.7977330578163], [-1.7709945108632077, -0.5581820890926428], [0.7432431138729496, 0.046899268002553215], [1.8491050103287083, 1.3763113342407418]]}