{"step": 2914, "herders": [[-4.270151044282243, 2.3192014904982647], [-0.0788218142753966, 3.4206061239392636]], "targets": [[-2.586718432560938, 1.9011600050396509], [27.323795340236, -18.27512688190418], [-0.41824480250367, 3.0909152789341983], [-0.8815571150486887, 0.7517876906564929], [-1.479701033795834, 0.9342807426440398]]}