{"step": 2066, "herders": [[-5.2270141801028025, 0.1299762029007543], [-0.21397609965746314, 2.9614479102284053]], "targets": [[0.9266209186958485, 0.7639980024387788], [24.363431827562668, -20.285284505839225], [-2.357360953912649, -1.8021599281841447], [-3.314692363543244, 0.45861868455515653], [-0.19613507087846677, 1.5189756131603576]]}