{"step": 3464, "herders": [[-1.4948008120430192, 1.8510804002871697], [3.136652153854382, 1.8855806757487252]], "targets": [[1.971010323288096, -0.22728550557841462], [31.440074778006718, -16.85436051905972], [-0.2241530393273537, -2.025620251544994], [1.302076572207077, 1.6977228081587339], [-0.12737617406786467, 1.059299201254852]]}