{"step": 163, "herders": [[14.045181245898988, 2.819572768748798], [-6.393362725122061, 14.206574178524122]], "targets": [[5.491584237445878, 3.1587558993855063], [21.01924371614431, -16.191634713874514], [11.732555920361456, 0.7723064023549814], [12.000794798403504, 3.780730192336505], [-5.769480264509951, 12.290656901971728]]}