{"step": 1861, "herders": [[0.5240986842165831, 3.9907798705408952], [-0.6194837173308851, -1.6502405356176444]], "targets": [[0.9266131100765567, -1.7664833002338711], [21.979925547742887, -18.79234803381101], [0.7164257919286207, -3.3450309889916037], [-0.6565293588727554, 3.2362578639710566], [-1.0269023306968605, 0.33649551598439126]]}