{"step": 3087, "herders": [[2.6749624654483113, 2.3878358684325516], [-2.865947437213885, 0.8065047523403802]], "targets": [[-2.2586942652284208, 0.1955205157182619], [28.004383243712983, -21.0245842545808], [-0.6451633008293041, 0.45387163122369634], [0.8086934249210721, -0.27616232900836585], [0.8864389663332188, 2.1326082157730637]]}