{"step": 2690, "herders": [[-2.3949520372038737, -1.5979757091448576], [1.1313487818284633, -1.4510447882793727]], "targets": [[-1.4214941212296248, -1.6377934181022837], [23.965134604268375, -19.331747875140017], [-0.8360059897212059, -2.3746644218189767], [0.06544344017189604, -0.4533404998090276], [0.16871511582208404, -0.13364265489095378]]}