{"step": 651, "herders": [[2.3052627563436436, 9.311920836930186], [-8.006680054602661, -0.7496240753426912]], "targets": [[1.1175416875456115, 7.557349143583266], [22.295615199496634, -19.34040881874207], [4.545708156168065, 2.2604730082080575], [4.410426496515819, 3.204379748453065], [-5.879855038486101, -1.0563023761304589]]}