{"step": 2350, "herders": [[0.9074108352122383, 1.3989191454800571], [-1.4732584678458298, 3.9094489174241778]], "targets": [[0.5146916947934193, 1.6068043311789144], [24.48855209810977, -22.869603122208524], [0.9990582011183928, -1.3429994960553675], [1.1551221753623884, 0.8032509407365418], [-1.3891752677438225, -0.9243956424956055]]}