{"step": 3522, "herders": [[3.258829103853307, 1.4882075367977872], [0.9751758835219507, 3.904591814978229]], "targets": [[2.3962839733183117, 2.0462120702272157], [30.675688709866765, -16.346991795785414], [1.1685828947252725, 1.6784003972505885], [-0.0026995791306086356, 1.9418999150510303], [0.8498703818003108, 1.4736798959094384]]}