{"step": 725, "herders": [[4.042455834310512, 5.558994701441631], [-6.210151912713835, 0.1748601587718988]], "targets": [[-0.003111272767102713, 6.294316139357806], [22.735927140678964, -19.986638816210768], [3.577369064383294, 0.5383857722223483], [5.953398548352989, 2.5198992432075036], [-4.331514633334812, 0.44200387061980195]]}