{"step": 904, "herders": [[4.84615102978392, -2.4540521158306055], [-6.370108410686354, -1.1822699846108617]], "targets": [[3.6091789412734614, -2.5970725058971365], [21.97875452476116, -19.33207622980369], [1.696459625782891, 0.6426291967173986], [1.993691674990871, 0.05904776717599308], [-5.877651435590342, -1.9155419603187327]]}