{"step": 512, "herders": [[10.083029134483873, -0.8410243701066575], [7.725002387119125, 3.443544302151191]], "targets": [[5.139027559382231, 4.281360192494478], [22.65710774284075, -17.837312854710667], [8.467175887043252, -0.7803206019887072], [5.781758452852195, 2.4082346532316437], [-5.354818320389616, 4.109081659691088]]}