{"step": 1072, "herders": [[0.12315902369857062, 4.637281821636679], [-1.7405358913216638, -0.8455304280024781]], "targets": [[1.013433506511349, -0.9113439298348708], [21.35151869850996, -17.41678969698843], [-1.2063926881580123, 3.1309909223807426], [0.635277963179298, 0.22492288339311353], [-2.392671490579737, -0.4659427524010454]]}