{"step": 436, "herders": [[12.423588229806812, -0.6370185337519235], [-2.5702741999033165, 5.970094393186425]], "targets": [[3.826694061524518, 4.424512525234152], [24.192997098825728, -19.569585179444125], [10.488105525263633, -0.47689267210625796], [7.097157791882387, 4.338358590792022], [-3.540801005280055, 4.387471167193345]]}