{"step": 3643, "herders": [[-2.5835482083374024, -0.7723128080005559], [2.6748304123552984, 1.318234680125797]], "targets": [[0.48227406719590216, -0.27115389052185124], [28.12642597537565, -16.480092024712025], [0.7514074609985968, -0.7431687229572476], [-1.8573293343625727, -2.1148571900903863], [0.9051846178804147, 1.7689088240814217]]}