{"step": 3434, "herders": [[-0.22467431221082068, 3.7857601963586136], [3.37971060261325, -2.3965136690846256]], "targets": [[1.6643470533449514, -0.8691412885514435], [31.131043711410616, -17.140828773707693], [1.2520020236690341, -0.34505199374432477], [1.4884687544854438, 1.6551556767128173], [-1.7125291382075636, 2.436764393625927]]}