{"step": 3221, "herders": [[1.2351655408217346, 2.2679822541192274], [3.3373607146095616, 3.221681219960068]], "targets": [[0.9435136361564279, 0.9949549413962624], [29.882900752929388, -18.50021903523186], [-0.2451598897485179, 0.3482401068998562], [0.8105346787368543, 1.0056927370730622], [2.89072235353255, 3.934511435497456]]}