{"step": 380, "herders": [[12.907482963418333, -0.12914858987639674], [-3.899671292192045, 8.476920281717884]], "targets": [[6.040171103153835, 3.370268050415122], [21.435105435339942, -18.562728260941], [11.06025461028654, -0.635620191398249], [7.7590549440129015, 7.553552666027982], [-3.1954728605000136, 6.591535744435788]]}