{"step": 3878, "herders": [[4.902896578309327, -0.3941537741153126], [-0.23929924860990015, -3.9038612334683918]], "targets": [[0.3070158763798355, -2.5223861515247488], [22.803203375034386, -14.547508434862737], [3.943807802265898, 0.6534710347507375], [0.5118130541351742, -1.4939743829799832], [0.853969548883009, -2.573421945277383]]}