{"step": 1529, "herders": [[-3.720951666270375, 2.773682354557291], [-3.301223867125858, -1.3584571441654871]], "targets": [[-1.7416098432901885, 0.7526964479827507], [20.393433166370862, -18.899497351650172], [-2.594975329235994, 1.2780525448007527], [-1.0240354718929143, 0.06587895399459534], [-1.4091967245004742, -1.1196943896557578]]}