{"step": 1382, "herders": [[3.799200892488796, 7.455055914828425], [-2.1522426017237457, -1.2973288489613695]], "targets": [[2.1226380541089274, 7.291953716338914], [19.16879272620955, -18.291564962490902], [-1.7263980916596362, 1.7025300141085464], [0.40592210409018387, -2.2032293120609814], [0.5889870377532631, -1.7701258245083547]]}