{"step": 2795, "herders": [[1.0300669542645007, 2.0490476907555712], [-3.8557275076627886, -0.9849696011289767]], "targets": [[0.28580864349098795, 2.457072902027014], [25.04910779638051, -18.12626777793622], [0.5366956828652321, -0.4909342335530267], [-1.3182399329415582, 1.6466301141891073], [-1.745044248420839, -0.5775024759398106]]}