{"step": 2887, "herders": [[-5.445740029809676, 2.8424863429069838], [3.281770926924975, 1.3796240149657042]], "targets": [[-3.7197792966393863, 1.492090601226539], [25.948521610090793, -18.977759579422134], [1.0940251443576245, 1.4463219126792923], [0.24215072341597457, -0.0637905759593862], [-1.0647197778719835, -1.2607927696277195]]}