{"step": 2919, "herders": [[-4.088596847640971, 2.473142509292086], [-0.22486626497206708, 3.747222531253445]], "targets": [[-2.1627083456787433, 1.9347012591478971], [27.509080739452877, -18.723676963769947], [-0.8540032012932322, 3.145242263076103], [-0.9641071355240765, 0.5386377526350645], [-1.7573722724149596, 1.1197485122855035]]}