{"step": 3720, "herders": [[2.1230487572941064, -2.8758837259047723], [2.2004719794037615, 0.40488588109307994]], "targets": [[0.5784072763339132, -0.006949011145457873], [27.257551835674604, -16.45426879659812], [0.7535338366590394, -0.6829126145555622], [2.0185059645040964, -0.900692631814928], [0.3354647360897355, 0.5215788453030554]]}