{"step": 2679, "herders": [[-1.7193789631895184, 0.074365518328954], [2.1899657199116427, -0.8729903775559236]], "targets": [[-1.738381322790235, -1.3525073888661379], [23.41669294592481, -18.501286523561394], [-0.8331062656676075, -0.6039960054076212], [0.26399334270808517, -0.21380583082757992], [0.19280180951411174, -0.6065542187286206]]}