{"step": 400, "herders": [[12.073997271292278, 1.6648970274226043], [-4.32683963852804, 7.460621293683739]], "targets": [[5.690442187246511, 3.158126158627792], [22.25596232168187, -19.02811587370722], [11.09314228640683, 0.17760231699998305], [7.3609377074794455, 6.715114042176075], [-3.8558459261025404, 5.441979143923037]]}