{"step": 2773, "herders": [[-0.48196994194122167, -1.1430029614942585], [-5.3998136443649525, -0.39221218539204583]], "targets": [[0.4856181952780383, -0.17015765849455214], [25.38327178356208, -18.70522275842603], [0.3058751301455797, -0.32225567635179553], [0.2734883127741609, 0.8077026847139546], [-3.162560331745946, -0.21188692977068418]]}