{"step": 585, "herders": [[5.810192841097929, 7.52442809991173], [-9.55480769856207, 3.899405343881381]], "targets": [[4.45113894195669, 6.994986382852181], [24.805433253320484, -17.664200798859053], [6.532628289329235, 0.15401560341930548], [4.122326564362099, 1.9728675588880906], [-8.934083726816882, 2.1789158942497924]]}