{"step": 2666, "herders": [[-0.17572089561379667, 1.6325571420168987], [2.5929804291907, -0.01881744940932413]], "targets": [[-0.9374583138833955, 0.022881777494072636], [23.656059762107198, -19.284845669727925], [-0.3539483736302922, 0.029380102811584007], [-0.0572650775920403, -0.003853414666863106], [1.0692043406492249, -0.131135798779669]]}