{"step": 1379, "herders": [[3.9318678567080307, 6.99619616146725], [-1.7558346569823517, -2.676968426293904]], "targets": [[3.286853921290964, 7.138652277331029], [18.547436654872037, -18.336430229164026], [-2.087216801134291, 1.4836756568219598], [-0.6461821801528972, -2.260360866510663], [0.39840015383729216, -1.8190447792219404]]}