{"step": 1315, "herders": [[-4.720254204028135, -2.7444254506887433], [1.6589961290913608, -4.390356164846022]], "targets": [[2.4350498219000443, 1.7894900292117173], [20.124261419612598, -18.31421446832409], [0.7466122012140294, 2.1062221899717386], [-2.7688056096045344, -2.1269225893920387], [0.20460711022040928, -4.547914334153987]]}