{"step": 375, "herders": [[12.78974153356217, 0.43841469132046884], [-3.7497491396537947, 8.616850071494207]], "targets": [[5.4763899726453635, 3.6408925027015364], [22.025483805176673, -18.48571011662064], [12.0805121335653, -0.814543770382714], [7.93670736172927, 6.962571137929983], [-3.410716956250717, 7.22136426598339]]}