{"step": 168, "herders": [[13.83723408480624, 3.4475171042794934], [-6.37433345566974, 14.036205482603798]], "targets": [[4.838084466638614, 2.9942948530260223], [21.105011190788343, -16.28789209298056], [11.64668982900214, 0.819500609854479], [12.00318413008535, 4.139890247877111], [-5.209018394635639, 12.46762992761454]]}