{"step": 857, "herders": [[5.183899584845819, 1.2912314945015357], [4.519402015615567, 2.3296044598525962]], "targets": [[4.331494683031466, 0.22911828845163285], [22.647400680726406, -20.273992805598763], [2.4083664289062017, -1.4826265918181265], [3.4188808550365426, 0.8889709658532228], [-2.6060314546378778, -0.011269705929102302]]}