{"step": 3394, "herders": [[-1.8151700521807625, 4.355982313283559], [4.206976500332335, -4.103595571770376]], "targets": [[2.5333312587702035, -2.0824576813985396], [31.983491242520543, -17.334799816393506], [0.04938287797583785, 1.0392493824540714], [-0.21756851216784923, 3.0848154137584287], [-0.44914370045378843, 1.927488652072074]]}