{"step": 1806, "herders": [[3.245833188655771, -2.1617807161218097], [-2.64053608942521, -1.8447416463455224]], "targets": [[-1.1356029515902026, 0.21524053189218734], [20.918784405592397, -18.59446375144366], [1.3545738098550142, -1.7978133730646255], [1.3399497144488581, 0.11412830492758454], [-3.0738271673789583, -0.3873170228029824]]}