{"step": 160, "herders": [[14.095513998611288, 2.5751646742657437], [-6.41518076908435, 14.280265478183738]], "targets": [[5.481862922041429, 2.952842638004313], [20.869063211193673, -16.237842247040696], [11.986530923639263, 0.8995188637428917], [12.325438425613871, 3.766212816689104], [-5.6488582340827955, 12.423515212032619]]}