{"step": 1650, "herders": [[2.2707559246348756, -2.045382963841226], [-2.788051860976441, -0.09497853515256843]], "targets": [[-1.386843395163295, 0.9607120085517855], [21.131795854625953, -18.73442818930581], [-0.013798218485893937, 0.23321312544020723], [0.6366056010189133, -1.325171704232056], [0.9505530089012622, -1.9189399561679963]]}