{"step": 3089, "herders": [[2.4930440781176544, 2.557318240080591], [-2.9990211798239934, 0.7342613432012555]], "targets": [[-1.8793782297794979, 0.11955756264585608], [28.032312726351886, -20.918402612644766], [-0.5820701219536502, 0.6455607384056741], [1.1344142345577568, -0.23739753809999545], [0.7307556061059686, 2.1459539602011364]]}