{"step": 1510, "herders": [[-2.3240193762808694, 3.604380302020924], [-3.951095462349619, -1.0826138583689093]], "targets": [[-2.243975524098909, 1.8431142852314588], [21.011253660496948, -18.95954211246019], [-2.4931094170621493, 1.7264484166396976], [-0.7712756818164952, 0.7762946832599972], [-2.4626582184386976, -0.5413132314084581]]}