{"step": 2790, "herders": [[0.9825013996219536, 1.4621335719345796], [-4.023678947280195, -0.7778680763713481]], "targets": [[0.9330537958880747, 1.9928131453391837], [25.211341529830325, -18.591147970402314], [0.4032077824015082, -0.36550883602267425], [-1.2889781546392682, 1.5412363753338905], [-2.2032315545127785, -1.0838129641810619]]}