{"step": 3272, "herders": [[0.6593382317443034, 3.4316051763130035], [1.348729585777346, 5.7701660063681075]], "targets": [[1.120873826606237, -1.2419843272410964], [30.20646110333384, -18.352460879894082], [-1.673123418032798, -1.0520246482159274], [-1.0076768438556272, 1.949920042171013], [0.3031873120026819, 4.481454336674227]]}