{"step": 2145, "herders": [[-3.7274082808989313, 0.7287926620016167], [-3.795255667668951, -3.685845338088189]], "targets": [[-0.04265702905320279, -2.5480611190640725], [23.846453367318983, -20.047207856196618], [-2.795953333404171, -4.133177659430117], [-1.9810172466162947, 1.794874672055115], [-2.671528287741313, -0.6674857999235163]]}