{"step": 1652, "herders": [[2.1725983368083526, -2.2280359907325553], [-2.7628270231723215, 0.19150044683847844]], "targets": [[-1.5283420456241548, 1.0274082356259167], [21.138094529337828, -18.724363503534164], [-0.16140330776055797, 0.28212315828043844], [0.337731409900873, -1.847181459056689], [0.5731746918359396, -1.4266523660498613]]}