{"step": 2450, "herders": [[3.1735658294594016, -6.79341831083555], [4.304833827504634, -3.1977609815508456]], "targets": [[1.0530729400202226, 1.223408629373022], [25.986647705102953, -19.564472405604473], [3.352840942611546, -1.4907359309558261], [2.382880677014019, -5.173539179305633], [-0.769665476515971, -1.6566889074343716]]}