{"step": 616, "herders": [[4.534762904793478, 8.240429944195595], [-9.438748107887303, 1.2071759398880746]], "targets": [[2.9307603926521457, 7.557848439339457], [23.46323374536462, -18.688793145199046], [6.274886514862882, 0.3940619965701606], [4.717592405045277, 3.342544572429725], [-7.4333995257269265, -0.11080127394852919]]}