{"step": 1110, "herders": [[-2.1685161856926802, 3.546644169627474], [-3.6647628468049502, 2.018564115765127]], "targets": [[0.8454778421286963, 0.3236360907207698], [19.34489007918932, -18.235106141377514], [-0.6263844381862615, 1.4251290731240003], [0.9128031854120398, 0.8731229955319209], [-1.9861493479465848, 2.680888187217421]]}