{"step": 1050, "herders": [[1.8555101575761896, 5.813939367724313], [4.384844982882909, -1.323442056381381]], "targets": [[2.3708581930469252, -0.5578005580453955], [22.700975793114722, -17.180633207143476], [0.671884541482695, 3.622743717035694], [0.3591729441330244, -0.18137460227194585], [-1.9159192636764897, -0.6497844286162384]]}