{"step": 2520, "herders": [[0.9153628907736652, -5.700119143616629], [3.403890237739155, -2.2732039924291154]], "targets": [[2.13197875009044, 1.3235496655472025], [24.421699460087165, -20.87859310550649], [2.036222546684538, -2.9622856430296576], [0.5094068644657052, -3.5719583360344602], [1.1741014552703903, -0.9466134879706977]]}