{"step": 3619, "herders": [[-0.2184569895522339, 2.2317879985412317], [1.3712866089191842, -1.5432494199627012]], "targets": [[1.9702320539737874, -0.2312464209566763], [29.499536671430633, -16.130545659128348], [-0.6614783229375963, 1.1293265263534213], [-1.1246011089920083, 0.23444100800111062], [1.4392862265682687, 0.03833857036573114]]}