{"step": 1330, "herders": [[-4.112049451564401, -2.0413331338240703], [-0.1892018220951056, -5.627733307686047]], "targets": [[2.3079605692195155, 1.7684937674518548], [20.63802277504184, -17.481364439484196], [-0.44625248853724686, 1.7596901758922172], [-1.930272184996004, -0.9983273454499594], [-1.0904403373247682, -4.243090885481038]]}