{"step": 2931, "herders": [[-3.672754867359162, 2.4276254325634024], [-1.2386200538271488, 3.884825443905918]], "targets": [[-2.3083162404932347, 1.1852933830379673], [27.94635429760998, -18.90898384920013], [-1.1203862769889037, 2.1645549389231618], [-0.4109005782468444, 0.1833747207644672], [-2.1046072932403983, 0.9095631196676442]]}