{"step": 2620, "herders": [[-0.41383298814432545, 3.0491190344453525], [-1.3725954173990296, -2.9327992380528443]], "targets": [[0.030934455611240586, 1.3269004809805292], [24.13706653087805, -20.592548251682278], [0.6915503349127826, 2.2743798096194014], [-0.7255363737933895, -1.5033780779942583], [1.090031579564854, -0.8826319081051395]]}