{"step": 406, "herders": [[12.34878089516276, 1.0371429417073812], [-4.729592626538017, 6.9935795269907395]], "targets": [[5.409190484672222, 3.45254092322853], [23.016627038028787, -18.552112057468154], [11.502774564394494, -0.39805574304849545], [7.168691998462804, 6.358141815481957], [-4.942596214248278, 5.114775707018582]]}