{"step": 2632, "herders": [[1.1927765985690526, 3.2446772687092484], [0.8705749768265716, -2.625947217191111]], "targets": [[-0.6440310476819466, 1.253220516202088], [23.330938999905577, -20.0875037832647], [1.950224491575793, 1.9659214136845227], [-0.4669036710204359, -0.970611401887587], [1.3844705805931778, -1.4534444049219464]]}