{"step": 3493, "herders": [[1.5023883700304181, -2.7634412438999023], [2.093608585500184, 3.5246615609630028]], "targets": [[2.377241095060678, 0.7985962393243966], [31.323079043933337, -16.869991455875574], [2.092899802495603, -1.2986896859015928], [1.3783019995057222, 2.8566070836227433], [0.458254895015279, 1.500293400200319]]}