{"step": 2214, "herders": [[-2.885151470417568, -1.6425197716293223], [2.7912138409383926, -3.4998079054291065]], "targets": [[3.0418623076429934, -1.6078751716099], [23.782088964871946, -20.21232992835941], [-2.199604584876844, -2.876328664329543], [-0.05179919161806451, 0.08356589874889787], [0.0921937873141212, -1.6959446508556046]]}