{"step": 3723, "herders": [[2.1230487572941064, -2.8758837259047723], [2.3786492434088853, 0.11736383325357808]], "targets": [[0.3365268430650553, 0.22990596253729279], [27.13540935367535, -16.16852902293573], [0.9673634310886043, -0.7795501173710208], [1.997710350241958, -0.7567488148942172], [0.2737419131376288, 0.8192361109451329]]}