{"step": 3690, "herders": [[0.6349758431650248, -4.378039889189246], [0.07425858364106531, 3.2765451330791966]], "targets": [[1.3239322379980514, -1.3040013048171628], [27.14258762221665, -16.50043973112128], [0.4144552950119774, 0.4067745929237898], [0.7385052893968835, -2.446248790672149], [0.3813728178880997, 1.513135763288189]]}