{"step": 1666, "herders": [[1.9477653380778222, -1.8823262468535815], [-2.4054532918882234, 1.4572688269600724]], "targets": [[-0.9544818267464412, 0.8055448388300575], [20.565095253130124, -17.86656227516908], [-0.7789869922351695, -0.16158498526162754], [0.027130391967815803, -0.31375334523029375], [0.7424569488979997, 0.23314374496024876]]}