{"step": 2133, "herders": [[-4.376271203273838, -0.6372265088958959], [-3.4091337121483147, -1.7143387707304485]], "targets": [[0.2653408760431273, -1.8947356592662254], [23.554366716895665, -20.43989294484425], [-3.300894717271742, -2.6633909187993283], [-2.386846626406927, 0.5583837482124794], [-2.2668059070194424, -0.21127221036011049]]}