{"step": 2372, "herders": [[2.836965004937409, -1.7826184498395081], [-1.6612799088051877, 3.4369691498150976]], "targets": [[-0.268852576411154, 0.7712030192868832], [25.631850197563463, -22.40950703659047], [1.236708063688111, -2.583894304895127], [2.7112703902231323, -2.1911452465772734], [-1.431877276350032, 0.26726522436303646]]}