{"step": 962, "herders": [[4.447803337466564, -0.13531637545313863], [-4.630761682350595, -2.243432073402408]], "targets": [[2.158671165822694, -2.8579945655086854], [21.949854061744812, -18.65847270850298], [3.908038826932216, 1.8497354214622812], [1.5082893870344465, -0.9167123608352545], [-2.8139495443317375, -1.0818701141043217]]}