{"step": 3064, "herders": [[3.3142376718677116, -0.09143156064309554], [-1.6420935105010055, -1.9791423809588078]], "targets": [[-1.4908993315901664, 0.9754504184702523], [27.66258874334932, -20.655329323319478], [-1.7341692625377418, -0.8372606999139208], [0.39201153887603846, -0.13299570442686398], [1.7532418309141529, 0.6283967422932168]]}