{"step": 1804, "herders": [[3.3982761079025536, -2.01083936668144], [-2.3103159783134837, -2.037559386177244]], "targets": [[-1.1764262048252738, 0.027985171973333167], [20.573718208934796, -18.915608369288098], [1.4525098299871873, -1.8398017104480868], [1.6840078106927843, 0.04152074163676733], [-3.0322001526074613, -0.5054633949495637]]}