{"step": 973, "herders": [[5.071906360436292, 1.533727687305956], [-4.079054694547859, -1.8728492984036693]], "targets": [[3.076553513361806, -2.7336090660298984], [21.97365640805328, -18.779565848958164], [4.053282969880992, 3.0505424013432947], [0.4536937255135475, -0.2430199350149392], [-1.8302792667411307, -1.270019284017893]]}