{"step": 1232, "herders": [[-0.2851835326127532, 0.2627055561516355], [2.047599916555167, -3.573042169263372]], "targets": [[1.54256161476857, -1.4050653969245706], [19.397656002367018, -19.930598945340773], [0.6369861863258196, 2.12907006263269], [-2.5054281146655106, 0.3815453090460763], [0.5099122984624394, -2.2667340013576887]]}