{"step": 3340, "herders": [[-4.538383118032789, 4.065203045492335], [2.282561997079883, -4.972193918655696]], "targets": [[2.8948549466693754, -5.259861327182733], [30.869223578498243, -17.736638021843493], [1.0898714257345117, -0.18625480013575613], [-1.053101269865129, 3.1016954870181888], [-3.0343485829979344, 3.2109996316586527]]}