{"step": 2860, "herders": [[-5.077648469594854, 4.283207393397222], [0.8185319251781249, -3.164723499969525]], "targets": [[-4.560217872476903, 2.8006715821798647], [26.442990680856465, -18.10907461769062], [2.406798357944556, 1.2296119401079297], [0.36546758209538954, 0.427214189163811], [0.6649597713410134, -2.240405790008268]]}