{"step": 3757, "herders": [[1.5021045982163488, -1.6209707300386416], [-0.0876352939877639, 3.23747811008455]], "targets": [[-1.6014037965057724, -0.7249126441375444], [25.70254671741773, -15.410107552422815], [-0.08886519814268573, -0.7986897067996512], [2.006319822848954, 0.003246584088142296], [-1.4115423366795707, 2.994614061309237]]}