{"step": 3249, "herders": [[1.5523949991621548, -0.719315723655533], [3.138440423172743, 6.348939349034315]], "targets": [[-0.37627065888945377, -1.4743308363580283], [30.530582992438035, -19.35959695877517], [-0.34214901035130996, 0.12745102280255566], [1.4137126989234041, 1.400794221092819], [1.4842873255953184, 5.2508720951515855]]}