{"step": 1835, "herders": [[3.045549687194197, 0.4679519850418475], [-4.168272186888133, 0.8143178523030844]], "targets": [[-0.8177449841962662, -0.4933189917747271], [20.405590900689806, -18.000443841659504], [0.9460372599361533, -0.6437702605507104], [1.728831769873856, 1.6380527740402397], [-2.146750819553636, 0.7228870262701974]]}