{"step": 536, "herders": [[9.171818447666938, -0.23276268236088904], [3.4025979467502507, 6.455168161031839]], "targets": [[3.970830833130218, 6.119818571520169], [23.68389732259169, -17.64397177679025], [7.680967215552037, 0.16224693727761666], [6.181056087415605, 1.4087708379091923], [-5.876342964634433, 4.872769391891945]]}