{"step": 442, "herders": [[12.24799899544444, -0.6710399348724897], [0.2953521525564775, 5.829321301786027]], "targets": [[3.8457011393907012, 3.988958584748284], [23.856063328083277, -19.62213175302665], [10.255088587108546, -0.7220037042063101], [7.128686144254981, 4.3257300371095075], [-3.9788826220871734, 4.777484650612292]]}