{"step": 1504, "herders": [[-1.6670544638352782, 3.9586926350652707], [-3.9183894197220894, -1.0463218685675053]], "targets": [[-2.0117146954801424, 2.122153422254894], [21.188756177674215, -19.128737957481192], [-1.7872180138631975, 1.7433748286380828], [-0.37294003968134903, 0.4817146450891281], [-2.633977521308615, -0.7928365212602669]]}