{"step": 2904, "herders": [[-4.756801781910377, 2.356984949896382], [0.6807634956982702, 1.9493145207388727]], "targets": [[-2.7409653186840095, 1.3536089513289429], [26.755677615064126, -18.432674618185384], [0.08302646983503303, 2.9771287809179396], [0.08026496169835184, -0.2292542303164495], [-2.00755044970935, 0.23404779785313942]]}