{"step": 3454, "herders": [[-1.8760174140786878, 2.9168640915985695], [3.6831693711372933, 0.8745352833460404]], "targets": [[1.6411513612945123, 0.5563853202699149], [31.266835903474544, -16.910045550559477], [0.9297857309479836, -0.9124156346730288], [2.491770626451136, 1.5269008532455852], [-1.09125215113754, 1.5015602983224214]]}