{"step": 3131, "herders": [[1.7808339495989858, 0.9692514026942194], [-1.550512119614162, -1.5712892128058074]], "targets": [[0.3614125892866877, -0.6524699953185756], [28.387704621456265, -20.63343730326139], [-0.3267086638625185, -1.5143443020828689], [0.38691377200540705, -0.3613480247978535], [-0.18210823605802257, -0.36395917542031153]]}