{"step": 529, "herders": [[9.685745780917491, -0.6813283007029046], [2.186401904559437, 5.300000648682263]], "targets": [[4.241128048176904, 6.244693232446931], [23.256997430870715, -17.84905006336939], [7.372671507927301, 0.05268842713021564], [6.461590466077205, 1.6222618350454898], [-5.600109588285603, 4.949223249774705]]}