{"step": 1498, "herders": [[-0.9448804740022437, 4.336988121398215], [-3.9174450422235005, -0.343051907926421]], "targets": [[-1.7099749146220085, 2.3361689977167805], [20.775351850181348, -19.23071108409355], [-1.292690293602211, 1.7135627376843643], [-0.3137624293077242, 0.24018522554834096], [-2.957524089469692, -1.4792288310054575]]}