{"step": 2352, "herders": [[0.9171397147451058, 1.644377438659584], [-1.4732584678458298, 3.9094489174241778]], "targets": [[0.5677994611679169, 1.8354093750835618], [24.289074722302452, -22.87264105815365], [1.0489641732611346, -1.0961470158693334], [1.2985360973172548, 0.36953932974773945], [-1.1493305444126054, -1.016251339779946]]}