{"step": 1217, "herders": [[-0.00307420774621342, -0.5765291305575678], [2.368299180905904, -3.5209018409354007]], "targets": [[0.5392856074454984, -0.8222603878401014], [18.923361350554508, -19.720239656429317], [0.4582836343458562, 0.8202952387613042], [-0.7986686512764324, 0.6409653816155663], [0.8247718619038377, -1.8416988573422883]]}