{"step": 1398, "herders": [[2.717616202718249, 7.657279271149654], [-2.758310525083803, 2.2837850441028076]], "targets": [[2.1541402058423618, 6.095601433105415], [18.037277477061863, -18.484677631516636], [-2.287925676913077, 3.09539348289168], [1.3617350935410815, -1.5736523147226469], [0.9538117086392244, -1.7157667151844322]]}