{"step": 2368, "herders": [[2.3996784672910487, -1.3262448572086967], [-1.4732584678458298, 3.9094489174241778]], "targets": [[-0.48337142013784357, 0.5392060962797045], [25.274322210831034, -22.150998621155622], [1.5316194699280434, -2.2468596857703136], [2.745681938688551, -1.9829905117096096], [-1.2922498989290832, -0.173404155397476]]}