{"step": 1870, "herders": [[-0.7428199131592248, 4.293681466972153], [0.29699289990333433, -3.4912871622599297]], "targets": [[1.958129930287355, -1.5981560809932822], [22.496483521856128, -19.05805459502419], [1.216961362637012, -3.9434614985722027], [-2.1300469256872376, 3.3320665286648983], [-1.190794039140516, 0.8289262620654759]]}