{"step": 503, "herders": [[10.07530636918826, -0.8538543100859808], [8.075156371769653, 3.2790534343483073]], "targets": [[5.814978513803909, 3.722012795190771], [22.56448874495018, -18.145608730565073], [8.743152682830196, -0.6585957336268206], [6.5521901856659115, 3.313426933413458], [-5.269182564038292, 4.133797616462059]]}