{"step": 2805, "herders": [[0.32296631204226217, 3.4663883404508002], [-3.1434471179064767, -1.2962271082356587]], "targets": [[-0.8893301329201446, 3.813605531430744], [26.49483069181482, -17.257365230463098], [0.9957821379253149, 0.6909423089695368], [-0.8788087392297289, 1.6536927961644003], [-1.3803703386245587, -1.1295464795737025]]}