{"step": 1478, "herders": [[0.27493810150441256, 4.578624351098044], [-1.323277934421447, 4.166129516954083]], "targets": [[-1.407927544244969, 2.5799297141865862], [19.97540071154609, -18.40581096665775], [-1.4659513049578836, 2.4348560602556004], [-0.7256168059749046, -0.43466200284676637], [-2.727551819097957, -1.1431160554371047]]}