{"step": 3812, "herders": [[-0.7699161945075085, 3.3677316486983995], [-4.113663314728988, 1.5924395111199854]], "targets": [[-1.1785818504492038, -0.18775464888425597], [24.738557738711417, -14.665111478295971], [-0.08586251271384529, 0.5918218653437041], [-0.6071499914648049, 1.507725917725295], [-2.28499806090955, 0.7913956001721747]]}