{"step": 1324, "herders": [[-4.4373854996763855, -2.4269090242193454], [0.5135011072683608, -5.383177258251792]], "targets": [[2.1725354442496823, 1.7023576012538648], [20.361749234374198, -17.934221877974966], [0.24206394527705477, 1.9421447953687598], [-2.681819707884387, -0.9151582034931333], [-0.5228380561491838, -4.6677161498346615]]}