{"step": 1711, "herders": [[0.15309209658509623, -0.0858673491046738], [-1.810013564013718, 1.9393474382243001]], "targets": [[-1.0229891027265234, -0.4103171994686939], [21.171600173077493, -18.167225071560978], [-0.15734186072113387, -1.3931516833244706], [0.6114537087766053, -0.7980362590299681], [-1.2519347916185035, -0.03468795122648244]]}