{"step": 1079, "herders": [[-0.6649524262499262, 4.5442037032364935], [-2.7398427652710913, -0.7316013446079899]], "targets": [[0.6465052467514958, -0.39844993375370286], [21.331166949207528, -17.630444391497527], [-1.43194747850458, 2.9889593049613032], [0.9247707418093724, 0.08180154156492382], [-3.241873908143078, -0.2937130195809392]]}