{"step": 874, "herders": [[5.368633655492755, -0.5036856064631519], [-1.752179895321589, 0.37208511595209504]], "targets": [[4.032707636514933, -1.5667891592040255], [22.841746119166057, -20.047691301523145], [1.6318193148527116, -0.416351883357313], [3.276717360242942, 0.10023751314363138], [-2.7460168646371215, -0.16655329622798754]]}