{"step": 41, "herders": [[17.431402850395866, 2.937175227162254], [-6.879194057954486, 17.385332950739777]], "targets": [[6.5639656128377615, 1.7366062676053333], [17.679774731386, -14.12037831497456], [15.136728885005052, -0.1903033746646398], [15.98146984839783, 2.99530198534049], [-6.688963109343925, 15.349704005984577]]}