{"step": 2473, "herders": [[1.8635200093614632, -4.7035243620132805], [4.014911066759937, -3.309415074169829]], "targets": [[0.417862744614942, 2.429324887276281], [25.785457761594138, -20.441250954989115], [1.9308270016868452, -1.4068731342826577], [2.9681557525983333, -3.7327077497608268], [-1.2053414520717567, -1.5474327227472917]]}