{"step": 788, "herders": [[8.225383353573509, 0.4416701769899421], [0.9334971322791015, 6.151311186667516]], "targets": [[1.3897262758722646, 3.9448802369941522], [23.465009208846688, -19.02249892083336], [2.773491772847041, -1.4645266277168576], [6.4765239348622705, 0.01947817161868204], [-4.447038945830987, 0.33572223511089344]]}