{"step": 3607, "herders": [[0.722095882230649, 2.0586185851179493], [-0.9264150426778617, -1.4721639726960152]], "targets": [[1.0398667782062083, -0.8323438123875561], [29.665662689199777, -17.05331434884861], [-0.012992864730488995, 1.5131780976181504], [0.015569430482376759, 0.06120778319740225], [0.823784719146551, 0.10362144549840364]]}