{"step": 2736, "herders": [[-0.4704371035553724, -3.4389737558765803], [-3.850458517481309, 1.9534166249075926]], "targets": [[-0.8219118060924477, -1.5511715169188967], [25.136730035832368, -18.006717356020385], [0.16330960875410425, -1.9586900728608758], [-1.2669233799815887, -1.0281859587545437], [-4.1697778550108735, 1.2122712493596808]]}