{"step": 1932, "herders": [[-6.3154997417802505, 0.33015308868617216], [4.2772884330180565, -1.0675417655115715]], "targets": [[3.111208607043898, 0.09234687218470157], [23.095414275450768, -20.133334199765983], [0.7990406943299351, -1.472860756649762], [-4.126441814555907, 0.46998737622764364], [-1.3347288657376162, 2.8261818007617]]}