{"step": 997, "herders": [[4.44979187377657, 5.0672167186263914], [1.2535589525098292, -3.717330600938786]], "targets": [[3.2036432216695996, -3.391574090175007], [23.428661957330746, -18.49859003670781], [3.284053501229653, 5.886351908602646], [0.9044028999853742, -0.6804738435636501], [-1.9441351055972032, -0.7979596427331068]]}