{"step": 349, "herders": [[12.378935672299527, 4.299758463129347], [-2.6371856456236094, 9.847362698036278]], "targets": [[5.9813288255482995, 2.6304675524912295], [20.530690141240754, -17.780597041500556], [11.862402861350176, -0.8024188274983213], [9.322170214133862, 6.953168670215907], [-2.6928980933313853, 7.506506570390307]]}