{"step": 1721, "herders": [[-0.5751793826029422, -1.9895164230956635], [-1.810013564013718, 1.9393474382243001]], "targets": [[-1.1463601707057487, 0.10757339390893846], [20.846458931346145, -18.290922324812254], [-0.6597745403091864, -3.0668587858035727], [1.4088413615323812, -0.921904435693466], [-1.5868471206049195, -0.32566305476469326]]}