{"step": 3927, "herders": [[3.7871284885344183, 2.558180610972732], [0.21264010386232035, -2.5400247410363117]], "targets": [[1.031814035524883, -0.3725025289822507], [24.832460957946775, -14.771735184923775], [2.9999963465953794, 0.9790528854079324], [-0.8226890667184039, -0.687658316742855], [0.5127489514725196, -1.0924038258985076]]}