{"step": 3762, "herders": [[2.3425767283060766, -0.9758135761307948], [-0.8653529552320669, 3.615616800334043]], "targets": [[-1.7164072763262321, 0.6419981983490697], [25.514144806001994, -15.049573819674405], [-0.18050328431919244, -0.36534602917060394], [2.553559947786133, 0.6566962343510501], [-1.6214566354309554, 2.733202662158205]]}