{"step": 126, "herders": [[14.903914953397061, 0.6640312804892299], [-5.92387857488151, 15.909712400660379]], "targets": [[4.411494123573679, 1.8108667001515404], [20.309667824588914, -15.547450761129305], [12.621602592320814, 0.17245336074164955], [12.691004408155923, 1.9497305901636215], [-4.739764425154577, 14.443291323311342]]}