{"step": 2899, "herders": [[-4.984183142716131, 2.517064540359903], [0.7223600929822835, 0.7844172176879668]], "targets": [[-3.1618845337150123, 1.4676074714299314], [27.029017741976354, -18.830135265242355], [0.32999780984683635, 2.326244080809922], [0.24145900363873468, -0.7707073709954085], [-1.612222120151012, -0.5103382039477311]]}