{"step": 3170, "herders": [[-2.2088815043806145, -0.4747599006205577], [3.3446867155102837, -0.9611237551696135]], "targets": [[-0.5070195920069649, 1.4034861271875132], [29.090412989180486, -20.179737125139997], [2.4973424590941713, 0.016787986181856535], [-1.4981887256624193, 0.8438388731040897], [-0.10965454256464333, 0.657582275480265]]}