{"step": 2999, "herders": [[2.1910633016935797, -3.25082444926466], [-2.8771389692570186, -2.182877838204096]], "targets": [[-1.975755855884457, -1.7028598852690457], [30.155974119109388, -20.326286452102778], [0.2900097363081464, -1.0245282791307253], [2.1675719029640192, -1.4838735756641057], [0.3654355512306087, -2.504068535209722]]}