{"step": 2011, "herders": [[-6.445052024963864, 1.1679820580905482], [-1.8118034853634666, -2.8831938633230068]], "targets": [[1.4872248417753087, -1.034433261552034], [24.959563999406384, -19.78109668628772], [-1.6730509430737057, -0.9613887073242187], [-5.800736046592978, -0.5420291470226735], [-1.0495037009720227, 3.223550977678744]]}