{"step": 166, "herders": [[13.869314240387748, 3.244168757291276], [-6.398800158782943, 14.07117313549819]], "targets": [[5.35409590114592, 2.914697745463685], [21.22773422386513, -16.464109711183433], [11.403503307034589, 0.7134021104086815], [12.233928001474442, 4.120987213858154], [-5.619438057456912, 12.470490088564267]]}