{"step": 2890, "herders": [[-5.332822703938374, 2.636889147762092], [2.9125974977537914, 1.739527468748864]], "targets": [[-3.612090611765533, 1.7013450175600346], [26.34186036014951, -18.68421558606098], [0.8700581602001352, 1.4309209133231522], [0.500681941551749, -0.7238256357644615], [-1.5360063297968962, -0.8892610914801907]]}