{"step": 1376, "herders": [[3.8800484037452154, 6.770628423437685], [-1.878068110997368, -2.4964901323890567]], "targets": [[3.543309951004589, 6.938523695898578], [18.62553907023351, -18.215420244094727], [-1.781366154544037, 1.3485143262418817], [-0.6488897661723672, -2.2580252239935747], [0.49817096150809215, -1.5790693996259773]]}