{"step": 3857, "herders": [[1.836519594851446, -1.129362183478808], [-2.5468346272444213, -2.7165247907018717]], "targets": [[0.05855568988401022, -2.1161908823853546], [22.891686783673624, -14.380151180691596], [2.7606887082163305, -0.9527595171565526], [0.3034311269602695, -2.094259393819724], [-1.0280613354112529, -2.1602730901932823]]}