{"step": 2723, "herders": [[0.31538657064322345, -3.8368270504394335], [-1.7384849145102805, 2.133129150727735]], "targets": [[-0.8350228565617575, -1.1976599561379402], [25.311433400236698, -18.54199570821909], [0.35752791097451303, -1.9758012928340578], [-0.8986281878666362, -0.3041778479534599], [-2.6961086922820376, 1.811358104280352]]}