{"step": 755, "herders": [[6.552517053363514, 4.11335159403506], [-5.310232940369543, 1.1060387310768363]], "targets": [[-0.2016215680971544, 5.832863239192715], [23.395626371865788, -19.900423412776952], [2.588844170178306, 0.4864793496471346], [7.57222846256022, 1.735237439851606], [-3.32185325596228, 0.3581449590718419]]}