{"step": 3287, "herders": [[-0.44241302396464527, 5.150407423589847], [0.4109141069803954, 3.4977846728124673]], "targets": [[0.3843422309590045, -1.6158870419248952], [30.967651535121675, -17.55257808004984], [-0.507917723321415, -1.1335016093336825], [-1.299700409323765, 2.3599106314404845], [-1.5989915150490337, 4.4159797025076]]}