{"step": 3482, "herders": [[0.22420805728258178, -2.191161635909959], [2.6496457092999317, 2.582568838517688]], "targets": [[2.159288010061359, 0.49641014081408996], [31.828635636928848, -17.316655446462722], [1.0521802657153159, -2.0029647729339417], [1.5109120988978182, 3.1360786414120345], [0.724965984464425, 1.3982895657765153]]}