{"step": 3361, "herders": [[-3.37421304710301, 4.143084240528005], [4.213380716208186, -5.792862634272087]], "targets": [[3.915871396533591, -3.9456115708951094], [31.414860321804284, -17.79609968325193], [0.7209760407735609, -0.3315378594368798], [-1.775740768566454, 1.896625411166876], [-1.6639232193449136, 3.2440612945109537]]}