{"step": 691, "herders": [[3.8346576017440506, 6.7449592156727505], [-6.520530535641025, -1.8438497946010401]], "targets": [[0.42933449530043416, 6.514457966009776], [22.082156530016693, -19.035050620271637], [4.185609649396702, 0.753492540474012], [5.551925238245702, 4.036825977690567], [-5.2250047826812445, -1.1250382248392814]]}