{"step": 929, "herders": [[4.144005033573699, -3.943181826662866], [-5.994293199418824, -2.167875393241888]], "targets": [[2.148515970721295, -2.9452801810302294], [22.520289624639066, -19.11836970165817], [3.0489139462726196, 0.6955716337567652], [1.0825461711153541, -1.4563553731038485], [-3.955677450760283, -2.1306797822041035]]}