{"step": 3846, "herders": [[0.049308477947496265, -0.17675223229790488], [-3.1237763117018007, -1.8299400497843572]], "targets": [[-0.043159166727244486, -1.061287812007625], [22.868752467561375, -14.330933659166055], [1.2007297337131306, -1.1037023490576188], [0.5125475348866579, -0.9866755043481812], [-1.5398128299760496, -2.124576236618988]]}