{"step": 63, "herders": [[16.98683929770508, 2.7387096849293204], [-7.5687614000082535, 16.6012177350887]], "targets": [[5.74366463996905, 0.36821069908550136], [19.95531759265889, -14.46258732505739], [14.091904373572989, 0.20740024599597956], [15.325568557175812, 2.3645057268448384], [-6.788979940725584, 14.868799804734662]]}