{"step": 2877, "herders": [[-5.395909138165784, 3.4753114488299333], [3.2740485769236782, 0.505888992295359]], "targets": [[-4.309125246449553, 2.2017313848387405], [26.309831115184554, -18.119154131298092], [2.616533625662894, 1.205178288485855], [0.5088040914772094, -0.5371750693190079], [-0.5542482870787133, -2.099912593297896]]}