{"step": 1444, "herders": [[0.729979838073946, 5.658497931704432], [-0.5854283127488475, 5.565749587577907]], "targets": [[0.3690905952103955, 3.674996251223825], [19.367532154924852, -18.62780749661202], [-0.3829848515118362, 3.936029325554807], [0.3584493793413118, -2.150791234585913], [-1.3679421058341166, -1.8759025140994838]]}