{"step": 2769, "herders": [[-0.9976064166508076, -1.638523216938755], [-5.545025713119274, -0.29075684769076254]], "targets": [[0.7148067280373455, -0.9990975002028385], [25.129669997956885, -18.978012527342504], [0.3460039184503423, -0.31731071928587606], [-0.33522905027969696, 0.6934426321460487], [-3.8423172248427977, -0.5082667401949953]]}