{"step": 1844, "herders": [[2.538338921805603, 2.1747211428915967], [-3.6830990574372255, 0.8207047261923425]], "targets": [[0.24021623028742672, -1.2369565753885947], [20.573882981034842, -17.79586263805854], [0.767108003623032, -1.319155119368073], [0.8033678741389467, 3.0117732366210017], [-1.4600531686536835, 0.5047363664664111]]}