{"step": 721, "herders": [[4.081432513006369, 5.621674927264563], [-6.340585524846111, -0.02387081322346815]], "targets": [[0.09815400731713966, 6.37547457612944], [22.45884739906398, -19.944362843962864], [3.6158320542191387, 0.7484628443316502], [5.401706533598985, 2.531839687589583], [-4.545779887790731, 0.3490709481020017]]}