{"step": 3312, "herders": [[-3.8106188420043727, 5.118383158127118], [0.17047674992430123, -0.8675403447504617]], "targets": [[1.092162451623955, -2.2019966922931093], [30.639988100130136, -18.027650471264074], [0.5599615687635053, -0.702233923541929], [-1.1885044247854069, 2.4881440320421317], [-3.997368998532548, 3.0300699300374316]]}