{"step": 2209, "herders": [[-2.6352301125844653, -0.11810638453323041], [2.2209095145489375, -3.853497565602604]], "targets": [[2.568139851410819, -2.3013502871750857], [24.152859009414712, -20.551153816879854], [-2.2626513250695135, -2.73486257470673], [-0.5023341471318148, -0.014468626552326697], [-0.0909959214399577, -1.9395911966381596]]}