{"step": 1140, "herders": [[-2.384209446697125, 3.504134347394272], [-0.27790928231113465, 2.1900529338232704]], "targets": [[1.4611302122895184, -1.1347924133673295], [21.06515189980122, -18.82429339869339], [-1.188276215869996, -0.42763030978422883], [-0.3498998175152631, 0.7914946891245758], [0.9113731717081746, 1.3802434965834571]]}