{"step": 193, "herders": [[13.913647058075863, 2.355630920399032], [-6.175855593465139, 13.718799716323012]], "targets": [[4.6173224135349775, 3.2150797637742765], [22.339786991740866, -16.603683252824723], [12.672586334605475, 0.7385409025073668], [11.010690193904805, 4.835987059477169], [-5.381471766281404, 11.719093758813925]]}