{"step": 324, "herders": [[12.968800148200115, 4.8777004065417655], [-2.0732003223069566, 10.7339561592217]], "targets": [[7.701362195610841, 3.7453376521365107], [21.24158165893678, -17.969350930038775], [12.01800325445862, -1.0922340994327808], [10.672008610431602, 6.05210319978213], [-1.7552105867438457, 8.62237599925583]]}