{"step": 3649, "herders": [[-2.5559016864431263, -1.8154310308442883], [2.140503048216812, 2.073041066713734]], "targets": [[0.6287216859167173, -0.7596114264169858], [27.649036801869702, -16.67966213603714], [0.6392366601196497, -0.8336041214147866], [-1.4600436252271864, -2.8131257103145915], [0.375985261039242, 1.9906720907280402]]}