{"step": 450, "herders": [[12.036541050616103, -0.8588323626908732], [4.184420651877444, 5.491094230020631]], "targets": [[3.7017432507544896, 3.5461870762059906], [24.228384237497934, -20.20150783378534], [9.952814845199873, -1.5635378817433758], [7.433924908055367, 4.3644504175610965], [-3.975959674793654, 4.410629112622531]]}