{"step": 906, "herders": [[4.843237299945933, -2.606922532778817], [-6.510165698894533, -1.3619797693791666]], "targets": [[3.4546883139430724, -2.879472218395673], [22.01569310747687, -19.189048978443772], [1.3545899001514332, 0.7617055212621348], [2.2477693998310477, -0.10096397800608228], [-5.631942145634991, -2.2700027361922968]]}