{"step": 832, "herders": [[6.545320093901855, 1.5720064515369483], [3.8395943062369153, 4.61539209306906]], "targets": [[4.1102075656097945, 3.0476574124103375], [22.961963223881003, -19.529766564852817], [3.658433401179727, -1.6729468595910042], [4.602171260102789, 1.866916062386439], [-3.0751726992099226, -0.41891166469268803]]}