{"step": 3443, "herders": [[-1.2592615413710302, 3.5888845908459874], [3.295233783402028, -1.3244087152093404]], "targets": [[1.5838339520931861, -0.32154481159944986], [30.637120628388686, -16.75431200233068], [1.1645741334079833, -0.09809939185783081], [2.323170090340566, 1.5847232298251406], [-1.170487010348145, 1.8413867572924145]]}