{"step": 47, "herders": [[17.33768507504569, 3.0685599254216824], [-7.078497030679027, 17.104843579294474]], "targets": [[6.675741429881044, 1.2661618590224448], [18.576821578852265, -14.280703827331884], [14.837865828400775, 0.05672497521591369], [15.578329009417086, 2.818988084665409], [-6.894313769493518, 15.098904437034042]]}