{"step": 1789, "herders": [[3.810460073226654, -2.056033095485119], [0.08808130314902207, -3.6076853092461945]], "targets": [[-1.3104850546421023, -0.9136705752263978], [20.448424838075784, -18.542297052093506], [0.9582718466939344, -2.2853167729425583], [2.713695335417553, -0.3445367257044877], [-1.7247160199262126, -1.5057876644340311]]}