{"step": 3411, "herders": [[-0.38387685691299317, 4.046010448067679], [3.493188286735308, -3.3621291943835163]], "targets": [[2.3554828618918093, -1.9425810688195253], [32.62391893829538, -17.70236106988444], [0.11201758086165492, 0.08833180063930493], [0.6950201337838267, 2.0578147997983463], [-0.35726815301704923, 2.1704857948154554]]}