{"step": 985, "herders": [[4.842168646509668, 3.374765296588605], [-3.382645600703871, -1.8143500177570204]], "targets": [[3.016337051096581, -3.2282687911784818], [22.590431848427578, -18.61073050020166], [3.6041520374989156, 4.152587654944411], [0.6882314658841224, -0.5338191010461887], [-1.8691795502934176, -1.3188254991836894]]}