{"step": 31, "herders": [[17.788773243393994, 2.6057351006968266], [-6.0158398255860766, 17.097925562666333]], "targets": [[6.9719031184326825, 1.2976799478879482], [17.866571582963022, -14.633773459164638], [15.867303171637317, -0.8713331272652889], [15.817828779737264, 2.7123822231075487], [-6.800719212469117, 16.79562947831328]]}