{"step": 3396, "herders": [[-1.5913594924273389, 4.389749746502339], [4.129742396717629, -3.943302987868024]], "targets": [[2.6341843808579632, -1.9679795332560897], [32.31873185097642, -17.251475279923305], [0.012375384716963783, 0.38979598310381514], [0.13817353459838833, 2.819112218661667], [-0.5681585420448336, 1.8254653174779976]]}