{"step": 2688, "herders": [[-2.401821674433499, -1.34528219060654], [1.2792643162543786, -1.3306814933094493]], "targets": [[-1.4352517812006187, -1.8457695278182287], [23.661347409121475, -19.079590268932055], [-0.9045608205317346, -2.1003904192102354], [0.08892962950680365, -0.6470719500063067], [-0.09580053948586573, -0.23664388073282192]]}