{"step": 2548, "herders": [[-0.008156085018926451, -4.212555558816711], [2.596683624347961, 0.4261523958173693]], "targets": [[0.6743443562541186, 2.241223188352484], [23.93986883967529, -19.258881941230676], [0.35540804026104345, -1.9562717487346513], [-0.580812152698364, -2.2882917613513363], [1.5211845713560317, -1.194677438225423]]}