{"step": 1782, "herders": [[3.502094191418477, -2.5494833492313087], [-0.6914040219738862, -3.439650658633603]], "targets": [[-0.9464816887045218, -1.6765343220529942], [20.4961986365056, -18.832210662469222], [0.8497449247934653, -2.393955513125196], [2.759799030756415, -1.2015918255144078], [-1.356861038077186, -1.1967336469476773]]}