{"step": 2000, "herders": [[-5.546384648104394, 2.0512176407129297], [-1.8803751973125415, -3.6209439983677973]], "targets": [[1.1949218320358472, -0.6244516727200344], [23.791641590570535, -19.34100475387386], [-2.037050888136701, -2.064240606565571], [-5.652930161251974, 0.9687273320075709], [-1.1358541310748627, 4.133402841177556]]}