{"step": 1363, "herders": [[2.942387236547088, 4.8105991523702905], [-1.754012295942171, -4.648697348410965]], "targets": [[3.601237905276389, 5.119339561503494], [19.375539614337892, -19.060916521024065], [-1.477629371746347, 1.2290839182678228], [-0.9890294505291901, -2.7366795764631986], [-0.6440294739310726, -2.416426519632702]]}