{"step": 2272, "herders": [[-0.5203671362132594, -3.8929810701698107], [0.2705108440277069, 3.300626709673018]], "targets": [[-0.8715443509264729, 3.038065261041267], [22.54427547732403, -20.63729045886189], [0.29792527723934353, -0.21126210413799607], [-0.26580279464245227, 0.8817581930480657], [-0.5771828894822114, -1.7465657003615873]]}