{"step": 3416, "herders": [[0.31330067688547353, 3.8393807496835404], [3.6223210009526663, -3.052172109772563]], "targets": [[2.4325556930336827, -1.5457405007013743], [32.59442113536562, -17.83687649352072], [0.5435360504075332, 0.061301506121059446], [1.9021875346395851, 2.153162789092211], [-0.8688343775026247, 2.538321960129187]]}