{"step": 1257, "herders": [[-4.248531262563892, 1.5121709974714068], [1.8339150323378817, -3.2823057384769503]], "targets": [[2.3698691468213617, -1.3438349019346025], [20.130796188930276, -18.914336973429744], [1.0339372540091938, 2.495921806890824], [-4.566347175100189, 1.2885527553394807], [-0.1265886240886271, -2.3501563905914056]]}