{"step": 494, "herders": [[10.269004292681943, -0.6801260271477245], [8.365248701952561, 3.114937959974577]], "targets": [[4.955134008072852, 3.377015832864955], [23.08748740909035, -18.590762809678356], [8.137757531456183, -0.6784076108131001], [6.6114446219859175, 2.533802996957493], [-4.572113069369767, 3.8013696411741087]]}