{"step": 1856, "herders": [[0.998883204064317, 3.652362304884767], [-1.4742175021638662, -0.7860274753950951]], "targets": [[0.756515501939203, -1.321034842059047], [21.950454364741194, -18.16518876888087], [1.0345565083057202, -2.292203166800884], [-0.3246981633063946, 3.27908518487345], [-0.8066276621373717, 0.0791102419301721]]}