{"step": 732, "herders": [[2.7480074014160207, 6.344394160837267], [-5.981685361719025, 0.2927922433422464]], "targets": [[0.4107772724319781, 6.452587386338687], [22.751902258148498, -19.62671780083509], [2.884301371368933, 0.25993643095781904], [6.146119315351882, 2.174973415736619], [-3.6578632403518636, 0.325540185283666]]}