{"step": 2093, "herders": [[-4.470305846713923, 0.9175620149783362], [2.220662696112153, 1.0579109132351427]], "targets": [[0.994991328704328, -0.1297711422619], [23.855096724267494, -20.09536848754162], [-2.0541017376607567, -0.9030128686773414], [-3.332282042244116, 1.7292715574169804], [-0.9162340406628664, 0.25735064766951665]]}