{"step": 3808, "herders": [[-0.5181080844887722, 3.3996660839935493], [-4.242987539043399, 1.560000594605825]], "targets": [[-1.3453550518485757, -0.0342912989873268], [25.021182024574102, -14.849044193221879], [0.2243937674948985, 0.42573442857432814], [-0.8596683144745111, 1.9612891234173198], [-2.5995059937664626, 1.0269406664997631]]}