{"step": 1101, "herders": [[-1.4257516071522127, 3.470838089882122], [-3.6647628468049502, 2.018564115765127]], "targets": [[1.1295365864152056, 0.580633466666014], [20.485940413577087, -18.037414093521058], [-1.0533667693372717, 1.318704871584023], [0.9561256370022183, 0.4131430072147491], [-1.9147247889154486, 2.609029365630463]]}