{"step": 278, "herders": [[14.20124804021045, 2.1041807169369084], [-3.324879622603806, 11.99485456370549]], "targets": [[6.89268649295021, 4.477010095744795], [21.010885109457895, -16.768572347038447], [13.472861663453298, -0.3489437567138018], [11.73127423376612, 5.270280196099945], [-2.2784502448574395, 9.815927050038942]]}