{"step": 2203, "herders": [[-2.4027579623731348, 1.4621075141119353], [1.1767587443586702, -4.2419377113267815]], "targets": [[2.972345410003394, -2.1912110006629133], [24.247684284507677, -20.62324668354518], [-1.8589472662117468, -2.292637129959799], [-0.9201351760554747, 0.09456190603093782], [-0.6772754392703496, -1.644279551092467]]}