{"step": 197, "herders": [[13.973191090836277, 1.903906071612049], [-6.152272904748843, 13.53465286834485]], "targets": [[4.5744647568481644, 3.2897744719949347], [22.815648026803352, -16.311361377316178], [12.823242938492342, 0.7817071715097059], [11.799691749531187, 5.040247103316313], [-5.37148168092128, 11.451239467303171]]}