{"step": 538, "herders": [[9.173140583109294, -0.16875956968992922], [1.8375569893689188, 6.361428755486974]], "targets": [[4.015722747850804, 6.382563799094608], [23.578778371250454, -17.461914469101174], [7.602904762242466, 0.35668916399932127], [5.98109989244377, 1.466873127531687], [-5.789092682677033, 4.941120899229889]]}