{"step": 1514, "herders": [[-2.716558965342912, 3.269272326266012], [-3.8860369491077793, -1.0729257213816354]], "targets": [[-1.7695073841073046, 1.7486875738045633], [21.110050283004046, -18.958189114024666], [-2.443456720785414, 1.5995639133657316], [-0.9155611802109219, 1.0125133450902202], [-2.243119478595517, -0.9653669124458857]]}