{"step": 1694, "herders": [[0.9066860684064915, 2.1541939432625163], [-1.4725610346310276, 2.111195488151723]], "targets": [[-0.2056312583536879, 0.8405120915286203], [21.089535432182913, -17.625005304621137], [-0.024660777152201135, 0.18170718518906104], [-0.16078035564097354, 0.7357576911250376], [-0.5053222640495861, 1.4208620120518587]]}