{"step": 340, "herders": [[12.038911226108228, 6.62926880180774], [-2.066994952966977, 10.220708759001853]], "targets": [[7.088547347691416, 3.2362422737969276], [20.093911178945632, -18.24198252304424], [12.145469302074012, -1.2525319198198854], [10.051416913707138, 6.812961045350981], [-2.3412256602780026, 8.516723355924238]]}