{"step": 2223, "herders": [[-2.6699245824848967, -2.968203277102035], [3.5657825987922043, -2.5396089463511298]], "targets": [[2.9383636980596166, -0.6968212728241812], [24.189655993814256, -20.577425302922986], [-1.5143301032657686, -3.5932331452901036], [-0.2702392600330983, 1.0010076774404164], [-0.4047129818454046, -1.9805564509455882]]}