{"step": 1890, "herders": [[-4.17102485639705, 4.259100705338974], [2.975602744861083, -3.6000951853300083]], "targets": [[3.190167985274724, -1.2276995267609618], [23.23942551089664, -19.189167924211556], [2.250497242119748, -1.4447888824197828], [-4.69385789897382, 2.778867360870557], [-1.6293517342783932, 1.4059039562420639]]}