{"step": 2114, "herders": [[-4.361738631872548, 0.05851296482477619], [-0.5079364312763454, -0.17659906514819887]], "targets": [[0.06732723644006164, -1.553983740217701], [24.675537047062125, -20.466846170952035], [-2.9260277793268714, -1.3326171977601808], [-1.4825873024525518, -0.0010008484055337163], [-1.4560176780720977, -0.8425208035084336]]}