{"step": 3322, "herders": [[-4.473930378181179, 4.719667547203387], [0.7514740276665942, -2.13522155825771]], "targets": [[1.3789575723697394, -3.2409693168217646], [31.078098176890073, -18.015589465665297], [1.969893947114684, -0.2668288938509198], [-0.773344340823888, 2.0991578220953753], [-3.5073303974911236, 3.1670824304526177]]}