{"step": 979, "herders": [[5.091589204509215, 2.5406862998220534], [-3.660636206156391, -1.736005989889827]], "targets": [[2.99783292056326, -2.7975960494585306], [22.278319618423463, -18.542543745299792], [3.644047183261021, 3.6487218415926455], [0.5065366619098854, -0.4324573925676358], [-1.688760657421607, -1.081249091330636]]}