{"step": 3920, "herders": [[3.5966977369824775, 2.756706872219019], [1.0233289555910121, -2.884966382355563]], "targets": [[0.7193164948500643, -0.7075489226858073], [23.989397921312683, -14.872354247868024], [2.8995399123987435, 1.6852927869917396], [-0.3696790184008577, -1.1818932214005349], [0.41567026173573096, -1.2156985017240924]]}