{"step": 438, "herders": [[12.358033589521941, -0.6232198129488595], [-1.4635428254699674, 5.908437140021562]], "targets": [[3.7909193495110527, 4.592560016562475], [24.049564646880548, -19.528260036652107], [10.399778111658529, -0.6236080728926074], [6.996235353468166, 4.136601201646616], [-3.6328838797203775, 4.539067063508944]]}