{"step": 1838, "herders": [[2.960868482424585, 1.1106728252835527], [-3.9513335001663488, 0.9179789404704366]], "targets": [[-0.8796925724040671, -0.7732786811728494], [20.504275644862858, -18.328929569923922], [0.9282143102754863, -0.7324279538734803], [1.4791346164614185, 2.290956249876049], [-2.08715804048245, 0.4552040496402756]]}