{"step": 444, "herders": [[12.173506860505679, -0.6944863829973167], [1.5127081750260938, 5.720505354563512]], "targets": [[3.835057348351154, 3.8670265311406133], [23.830457689266588, -19.755166055353722], [10.244703624923297, -0.6211761779918249], [7.00880941517164, 4.246188807466951], [-3.838227710982518, 4.494067455885464]]}