{"step": 2432, "herders": [[3.7555916054654395, -7.225203472387473], [3.3653408062442884, -3.9182442097846044]], "targets": [[1.027898840212487, 1.1302752867293506], [25.644166706304716, -19.50562203773035], [3.5128186107581207, -1.6733489700931474], [2.8812279343514615, -5.641880071510543], [-0.4332005914358442, -0.4066805391506156]]}