{"step": 2440, "herders": [[3.4578317907093923, -6.874952128024745], [3.8278542168178906, -3.8820670280408733]], "targets": [[0.4718182206714464, 0.9931694975500279], [25.905540255177034, -19.864962897614355], [3.2104150894233414, -2.4962549296868377], [2.614157880775814, -5.745916846041774], [-0.5063723737344241, -1.0263425573585458]]}