{"step": 3771, "herders": [[3.0685531280494347, 0.18530408257626768], [-1.75461549451531, 3.5479191958403042]], "targets": [[-1.2832408649173057, 1.4582011480800767], [25.151247201721148, -15.6447486867273], [0.2304546380938281, -0.025862315040424796], [2.083938653881038, 1.5490578612785029], [-2.023775742504815, 1.5731200769043938]]}