{"step": 1488, "herders": [[0.27493810150441256, 4.578624351098044], [-2.847980845002818, 1.440407090359447]], "targets": [[-1.1856973988853736, 2.740869958195428], [19.416444336295804, -18.752018504578654], [-1.8042954095233497, 1.3053670364738084], [-1.1494660287420742, -0.016656579177023692], [-3.464571348054072, -0.9955774863150024]]}