{"step": 3683, "herders": [[0.12186671366057808, -4.580721821561111], [0.018819704266163806, 3.545270681982564]], "targets": [[1.1629469449333962, -1.2209681445901148], [26.72489934688902, -16.738894945085637], [0.9922822035830753, 0.024368438074589896], [0.6541810694613014, -2.9848060980314886], [0.09600062806076651, 1.829511061681067]]}