{"step": 1083, "herders": [[-1.0452379096738347, 4.38646491670527], [-3.266999202911048, -0.5637505073635847]], "targets": [[1.083671971213548, -0.22882480370296032], [20.870341083718138, -17.425194999829728], [-1.2451497254809283, 2.4506594096407017], [1.1830637357314708, 0.6116685440423862], [-2.9426695004267587, 0.628220960549977]]}