{"step": 3827, "herders": [[-1.6973976221973892, 1.9152242765519976], [-3.8002023214204907, 0.9872193857335626]], "targets": [[-1.0619519012795124, 0.19092034072499992], [24.02247493836646, -14.585100419916525], [0.5208580394699683, 0.14700852875833081], [-0.4506567038322425, 0.23621189643371676], [-2.0910253953737983, -0.2245994371388243]]}