{"step": 3569, "herders": [[2.738952114843077, 1.9050019684645711], [-1.2306245870291717, 2.7092394736654635]], "targets": [[0.8383731557100979, 0.8933494760712417], [30.68253509406354, -16.712061212500693], [0.6404889120332204, 0.6069894190633717], [-1.1262897519001107, 0.35855233417919075], [1.2418304864553293, 1.1084947693323648]]}