{"step": 750, "herders": [[5.749832989526325, 4.620714737391874], [-5.487605781778801, 1.1630068707117531]], "targets": [[-0.20398788938084794, 6.497496482582453], [23.769155937735675, -19.799781255079782], [3.008305767119323, 0.6643352066246774], [7.0675080432177575, 2.50548889066186], [-3.4099210000304625, 0.911028574085684]]}