{"step": 3289, "herders": [[-0.6925033748600722, 5.251801512619964], [0.04577804883744235, 3.5241904153895454]], "targets": [[0.37835946031124257, -1.7164510432532234], [30.841694789873195, -17.80458682030171], [-0.08000063346737635, -1.0065150020087288], [-1.5733717315467088, 2.3963784848411587], [-1.7510230471420445, 4.343575823877251]]}