{"step": 1877, "herders": [[-1.725007754063899, 4.510528524271773], [0.9947895455274627, -4.123117539106726]], "targets": [[2.1122849909060832, -1.3030022457531687], [22.598504251475113, -19.079518893505334], [2.3067254672900916, -3.5085541140450025], [-3.1806573597856245, 3.7722990233479052], [-1.4777677390189168, 0.5932986001785221]]}