{"step": 638, "herders": [[2.977054372243505, 9.093379153206], [-8.616333663199661, -0.3963438185978906]], "targets": [[1.578834686934185, 8.114699940524906], [22.56988120023907, -19.569236106613317], [4.901952727255267, 1.5900545002066804], [4.663633217978676, 2.9015372516474716], [-6.473531215854228, -0.5939748625517207]]}