{"step": 955, "herders": [[4.3249105468425295, -0.5786246848277319], [-4.819158332193153, -2.5984893151916557]], "targets": [[1.525281845793477, -3.183241908526859], [22.082003947534993, -18.767986114278365], [3.6542577458116225, 0.7335675965978383], [1.2668321170194219, -0.2373145246102093], [-3.2602540688163413, -1.2503038060556617]]}