{"step": 1491, "herders": [[0.27493810150441256, 4.578624351098044], [-3.156718080296201, 1.0128682973404037]], "targets": [[-1.3344717982688366, 2.8480382674959825], [19.8963593585107, -18.90461589940892], [-1.7708328613682665, 1.1370108095290623], [-0.8995103299153344, 0.07624216327337721], [-3.296849115234717, -1.184565392721444]]}