{"step": 1029, "herders": [[2.57467163207113, 6.061894638241395], [4.718086164322157, -2.582410716428587]], "targets": [[3.5641994468176263, -1.3480160236958136], [21.905317452115412, -18.17061891640562], [1.5843358053560344, 4.925098082972841], [1.0715891418960966, -0.1903912675148716], [-1.759132405867822, 0.4332435515184507]]}