{"step": 766, "herders": [[8.163932468313451, 2.706568163245356], [-2.0042824741387366, 4.925632564677811]], "targets": [[0.7624332373284719, 5.337482681474058], [22.893612144650547, -20.40444997449249], [1.9768218307739036, -0.7580582608982026], [7.815677354340909, 1.3045081933090175], [-3.4558889112641142, 0.35581183231927727]]}