{"step": 3799, "herders": [[0.4158963975609858, 3.009157149718631], [-4.392834270012132, 1.6392072996515776]], "targets": [[-1.695662397511246, 1.2301932844759302], [25.51132398132817, -15.178602833386451], [-0.22990470418193446, 0.5191285642828336], [-0.9392662159565498, 2.1422693122264946], [-3.1678062415118373, 0.8633315055464124]]}