{"step": 1714, "herders": [[-0.049662360125470845, -0.8502351021678001], [-1.810013564013718, 1.9393474382243001]], "targets": [[-0.9997961766684992, -0.0846674050882196], [21.120835357065456, -18.179153817380353], [-0.5639206589142116, -2.1219948462000118], [1.0794166474394875, -1.0645025863739914], [-1.3344882110527299, -0.24317382687078465]]}