{"step": 1154, "herders": [[-2.588009934752002, 2.70364870403357], [2.2488599432504137, 0.7273178181028805]], "targets": [[0.9451815217654467, -1.7777130134551005], [20.889406588570623, -18.804533175272482], [-2.002711475402402, 0.23795172685274002], [-1.6193952507053995, -0.594625273683167], [2.9692992566476493, 0.4847245392274885]]}