{"step": 919, "herders": [[4.533374945555376, -3.5371462760559367], [-6.643878866075566, -2.1611537051756233]], "targets": [[3.3640553551342234, -3.1367421490887173], [22.50901211620561, -19.387751872744715], [2.7149893198099537, 0.8313115360338361], [1.4351835136994475, -1.6408795523091841], [-4.4295966971923715, -1.829647003356993]]}