{"step": 1739, "herders": [[-0.1399004762388173, -4.786469874210533], [-2.658993544160299, -0.5138403830903205]], "targets": [[-1.4886287124047932, -1.349967219662603], [20.395185314990478, -18.730177934910333], [0.7913835732875909, -4.357299402539941], [1.5527979947379889, -0.43506618897494953], [-0.6868211952268648, -0.5840327726859778]]}