{"step": 1981, "herders": [[-4.285331208293889, 3.123292259984592], [0.9606351560109676, -2.5160934179336225]], "targets": [[2.3643347146244524, 0.3804575496994395], [23.351467674691428, -19.662285881682518], [-0.7326267810358302, -3.089851591305419], [-4.449350047654699, 0.36223751004842103], [-1.6076960656527577, 4.483373377587264]]}