{"step": 1982, "herders": [[-3.959633523683714, 3.539099054708363], [0.6547359277233455, -2.821087174690783]], "targets": [[2.3785304161902983, 0.44136320459112954], [23.273051646908463, -19.856469950823882], [-0.7676564423129266, -3.0931458929993534], [-4.732275347635952, 0.5476231223933017], [-1.8393088036916863, 4.486080121956846]]}