{"step": 1637, "herders": [[2.700565184403053, -0.17272171747537868], [-2.258965288106847, -1.2420415210185496]], "targets": [[-1.3741560127743502, -0.2122032535830282], [20.876822929855024, -18.02791508308079], [-0.3282950881332604, -0.336526896328878], [1.963640567277086, -1.300718497815226], [1.2805049334816117, -1.634438660569105]]}