{"step": 1852, "herders": [[1.4916083380455347, 3.2805673675756184], [-2.6400493850755504, 0.11273667208069427]], "targets": [[0.8887120673487832, -1.717751835210215], [21.58806648899084, -17.948492654436215], [1.0321041223098153, -1.5945671287144931], [-0.20798404299245155, 3.044528765033111], [-1.0601151743627133, 0.1039065674891814]]}