{"step": 2920, "herders": [[-3.967406490716625, 2.542389938247617], [-0.37819463921754226, 3.874063635612105]], "targets": [[-2.3443707273447574, 1.7092386296480897], [27.702940133760393, -18.730891997139818], [-1.1686995054849543, 2.931885980965659], [-0.9790394596591991, 0.9019640107999024], [-1.8803829033481885, 0.9733590546417068]]}