{"step": 1084, "herders": [[-1.1771435057197, 4.296687094962148], [-3.4383912449498553, -0.3379788420883815]], "targets": [[1.0544592721692623, -0.2478859091412068], [20.603556585873726, -17.627014292694657], [-1.416432110696005, 2.2427898802735275], [1.5154399385846744, 1.0275206701275499], [-2.62655250866996, 0.6357728168805302]]}