{"step": 2572, "herders": [[-0.6719193167075416, -3.885567758107747], [2.422512931712714, -1.9767479840557756]], "targets": [[-1.091338514200281, 1.3095669997097241], [24.602506954294267, -20.028512913134257], [-1.4803731847055093, -0.604411552724676], [-0.31563166352025473, -1.8499698694654347], [0.7264430720951025, -2.638531764573411]]}