{"step": 696, "herders": [[5.159682086152418, 5.9242562798878025], [-6.557967399644826, -1.5549824015530975]], "targets": [[0.6338395266614589, 6.568493791118639], [21.983463449275103, -18.6846425981289], [3.6965480687291503, 0.4039819829798853], [6.359970568464003, 3.542556252164978], [-5.0234734007875765, -0.8773045947499799]]}