{"step": 1098, "herders": [[-1.3999884583569926, 3.573182192013224], [-3.6850464217603895, 1.7639770789034461]], "targets": [[0.9118630500332834, 0.712991650942522], [20.548632193224172, -17.76868876337458], [-0.8552588848315791, 1.5730676958274583], [0.9557119761041559, 0.06865376066924889], [-2.475844604460804, 2.4140509925614877]]}