{"step": 1124, "herders": [[-2.384209446697125, 3.504134347394272], [-2.0045649626921924, 2.307356928425772]], "targets": [[0.8705835766248875, 0.18511929682435038], [20.499047982491813, -18.634842692087485], [-1.1450524129296105, -0.2105438997489607], [0.2384964996514296, 1.5770977422237134], [-0.4958878938472443, 1.7937481268411646]]}