{"step": 1009, "herders": [[3.6596182548479725, 6.418162563971678], [3.2528537795073573, -3.7965770850298086]], "targets": [[3.796069270157391, -2.4734831017711296], [22.911459738046297, -19.04206565164464], [1.9357367483058927, 5.552287375983453], [0.6429019076008283, 0.5306482845113837], [-1.7134139810649243, -0.4518792586288407]]}