{"step": 3972, "herders": [[3.6155109733823307, 1.9705879613101056], [1.250589843490593, -2.339446999385259]], "targets": [[-0.19562221861870646, -1.6183029405943121], [26.161779611850225, -14.596660690359599], [1.5958457041456673, 1.05218697911566], [-0.5515425397807583, -0.6701815824486237], [0.3056053648488112, 0.6101503404716667]]}