{"step": 3168, "herders": [[-2.1250673039366745, -0.8313106865988533], [3.2365011728647097, -1.1394712164749072]], "targets": [[-0.640771779657456, 1.1132229642607034], [29.06908821118198, -20.431189548478958], [2.4578554877657677, 0.030748116798966885], [-1.3839912775509662, 0.797080613642289], [-0.371488345594474, 0.5286595339136788]]}