{"step": 476, "herders": [[10.819985447131575, -1.1555827762814663], [8.492517754222847, 4.489954962312918]], "targets": [[3.8236859192802903, 3.8317357136642474], [23.507972177862584, -18.658630996220317], [8.966084824869222, -0.22734795534627872], [7.596101865887967, 2.6309148648904257], [-4.585022976658096, 4.456993367771508]]}