{"step": 2694, "herders": [[-2.0996209214975687, -2.23142785182685], [1.163883366917811, -1.213526780316514]], "targets": [[-1.2283355208898978, -1.7617912139359027], [24.112302996778144, -19.101415626582796], [-0.49758714834021783, -2.638558179326522], [0.38243334143964997, 0.011168775375402826], [0.4739660701387992, 0.11930715391766711]]}