{"step": 492, "herders": [[10.32752639113116, -0.6691836598484368], [8.454970159014234, 3.1676027097391333]], "targets": [[4.8228010933994785, 3.6285657420831665], [23.192664277027937, -18.913843688917733], [8.44154458385183, -0.6304224550396856], [6.444812638116897, 2.310327407218948], [-4.814673586724366, 3.916977205924138]]}