{"step": 3142, "herders": [[1.7016215623562152, -0.2418224373407254], [0.21524895979034975, -2.5641089230111533]], "targets": [[0.5230114277379705, -0.11961220290048034], [29.545596968818725, -20.430404396509488], [1.4885181120839521, -2.1948666682280646], [-0.4067985666751521, -0.6989675388114758], [-0.25215741692055205, -0.37184185256171653]]}