{"step": 2765, "herders": [[-1.914822094093197, -1.4505703841683661], [-5.636419526056183, -0.026646091549520162]], "targets": [[0.5963489854499244, -0.7838652220992067], [25.235276171032147, -18.858942153538173], [-0.2055983352396455, -0.36975371336514096], [-0.8736424111986031, 0.16052830763224468], [-3.9393220315843402, -0.4654312076401834]]}