{"step": 3174, "herders": [[-2.335343678413913, 0.09400330037737092], [3.4755412156969485, -0.7563222621419949]], "targets": [[-0.5314590260705844, 1.4585560347684843], [29.069634288575973, -19.686238061566453], [2.045239271829517, 0.2788552615633255], [-1.196445794400473, 0.9290730766096694], [-0.27309898127875787, 0.8283098107235727]]}