{"step": 130, "herders": [[14.71586286927006, 1.0907966953463528], [-5.785843730405922, 15.874061749557173]], "targets": [[4.801183385621284, 2.180173882112892], [20.61573453923815, -14.909617176231366], [12.628304437019908, 0.4351409539121814], [12.723896673838276, 2.2854728771601778], [-5.280521824295222, 14.411902200930989]]}