{"step": 3467, "herders": [[-1.3289508543542137, 1.0459403864428993], [2.9983953050324343, 2.0359385890571366]], "targets": [[2.2253020247391566, -0.1398155602111457], [31.720314789167414, -16.82670935383907], [0.023702920657732995, -2.248459148448922], [0.8720238846546575, 2.002678295199262], [0.08377975596398277, 1.1594610861796169]]}