{"step": 294, "herders": [[14.778574199665135, -0.08715375784529561], [-3.0766259127165707, 11.449123431382109]], "targets": [[7.797007696884549, 4.1233207605872115], [21.954053145416484, -18.052186405645735], [13.28190693369183, -0.8412118660409091], [11.310890773594224, 5.924057881197436], [-2.557416673446469, 9.454795046505344]]}