{"step": 235, "herders": [[13.789972932290759, 2.0753574604987803], [-5.51519941451448, 12.181636304892905]], "targets": [[5.38228759925549, 2.8079373581435645], [22.291234366161646, -17.00643502691329], [13.252122565497588, 0.7946212615421049], [11.644536703527516, 4.802023354207578], [-4.976786372521658, 11.113703718474989]]}