{"step": 1409, "herders": [[2.5065533271808653, 7.303322324864662], [-2.72394096717269, 3.832201654125246]], "targets": [[1.6775320905363094, 5.11842994932588], [18.522133258554494, -18.69552176422983], [-1.5544553777504289, 3.993508605513754], [1.0681928965688876, -0.9219747998064726], [0.02476316101690934, -2.5709015615245363]]}