{"step": 2686, "herders": [[-2.2960816665277806, -1.1124859305234631], [1.45106645944896, -1.1873738482298377]], "targets": [[-1.879324440455213, -1.6685643310647722], [23.302680135764057, -19.174865791678858], [-0.9227801890938666, -1.6736760673741973], [0.09385131646351862, -0.6577961447841546], [-0.10765720418821362, -0.5042467502673985]]}