{"step": 498, "herders": [[10.117505551593077, -0.7422161164084582], [8.228471352544103, 3.178054106544166]], "targets": [[5.311238716352778, 3.802380359715714], [23.056322305330326, -18.01830671531978], [8.412828016924474, -0.9544052499679414], [6.272554853958038, 2.5823863397813906], [-4.858811661723232, 4.208967606444125]]}