{"step": 2544, "herders": [[0.2287657833127021, -4.391582085198742], [2.700265390429684, 0.587443455655617]], "targets": [[1.3013694955873272, 2.0038665931448114], [23.986935711778948, -19.518943981373575], [-0.20290734292648394, -1.9316304666561135], [-0.4352128942550433, -2.295455941916163], [1.6216082307284576, -1.4677541967779901]]}