{"step": 3657, "herders": [[-2.3120026587266005, -2.972395145954417], [1.2296559564759268, 2.772060614491397]], "targets": [[0.9920166531510349, -1.020249860673596], [27.559560348498792, -17.029297326132216], [0.42873893719993167, -0.9593536134078274], [-1.350065203986782, -2.8788640578629607], [-0.05154424719117579, 2.3953413584076677]]}