{"step": 3940, "herders": [[4.241511530099957, 1.5443101241649553], [1.6768090837285186, -1.8761133592992911]], "targets": [[1.3018922114010978, -0.48601893071823005], [25.810573654624186, -16.032730270839547], [2.7638611105442794, 0.360361036790638], [-1.1698306966229683, -0.7028774424215034], [-0.09609834716958571, 0.36749724261794614]]}