{"step": 3928, "herders": [[3.882956205641835, 2.391117204531059], [0.3532586990947656, -2.5265607787832964]], "targets": [[1.0585081226426947, -0.27237453362462827], [24.95134582815648, -14.872603518891534], [3.3605871664038234, 1.2477810984558173], [-1.018478768319128, -0.45560876119858174], [0.35119281843119887, -1.1393478358267908]]}