{"step": 570, "herders": [[6.499264289869592, 6.618278448356775], [-8.025600424322528, 5.195112648074599]], "targets": [[4.648908274000433, 6.234802761607643], [23.3297759904788, -17.79168548557341], [6.526857631662771, 0.033240988914431335], [4.315685453174925, 1.9102607395710216], [-8.501385338905706, 4.035170729845772]]}