{"step": 52, "herders": [[17.105057723637515, 2.9627415088026976], [-7.32729157923249, 16.857108992720946]], "targets": [[6.375297488121597, 0.924062214786274], [19.137585585703746, -14.251590535017405], [14.237900312099285, 0.5934481495186981], [15.17146561632201, 2.313859872443768], [-7.115919730341844, 15.433475798413408]]}