{"step": 3227, "herders": [[1.6276860298404177, 1.925464972188848], [3.6696162594993567, 4.036094259539722]], "targets": [[1.2813917887635764, 0.1897591175308962], [29.727481176936283, -18.994419807404885], [-0.3136317238321413, 0.5501875205210873], [0.8498945362691055, 0.7282908867888738], [3.6834687465555453, 4.628270653730197]]}