{"step": 2843, "herders": [[-4.130797985737284, 5.326157752061702], [-1.4439704203416914, -3.734927018169329]], "targets": [[-4.298133624336193, 3.9723512184806293], [27.06231567371963, -17.436274917290863], [1.729342158706793, 1.4460056653722877], [-0.08042100417356629, 0.6017568240511387], [0.07571481948825387, -2.5242056531264465]]}