{"step": 3384, "herders": [[-2.5198262962940636, 4.21762943312145], [4.745548076205844, -4.562509296950202]], "targets": [[2.9654591883798394, -3.0802306019101953], [32.49935808860001, -17.50963633094799], [-0.3527738450818776, 0.7917227433815136], [-1.325991739438412, 3.1463204253474415], [-1.1832827554173515, 2.1279089108626654]]}