{"step": 3077, "herders": [[2.9762853317362485, 1.406329528330146], [-2.5178173425259063, -0.24653237970853337]], "targets": [[-1.8958042502347272, 1.1778430332874177], [28.12718405941086, -21.075682433006175], [-1.4483568184974993, 0.21183404237944492], [0.5722460716192882, 0.05711660602055141], [1.199570564065045, 1.7305989278961948]]}