{"step": 405, "herders": [[12.264029305335688, 1.2415896247918081], [-4.545809489711521, 7.181840122732281]], "targets": [[5.497465957574838, 3.393181259987836], [22.633978063252005, -18.807887232956286], [11.329107046632288, -0.10719591096704473], [7.708779546721749, 6.59870987303092], [-4.724584105053225, 4.852083415019036]]}