{"step": 3230, "herders": [[1.9761158783489954, 1.3946826633561988], [3.8728791773571754, 4.596163243553763]], "targets": [[1.5868537787352592, -0.17637886319799057], [30.248727717079404, -19.207116571581146], [-0.18732442429071935, 0.5358647772041525], [0.28036267249283764, 0.6267475413283956], [3.70221757464883, 5.3415432551990065]]}