{"step": 186, "herders": [[13.690225549282033, 3.1239889527528666], [-6.217073722335236, 13.862316187680552]], "targets": [[5.130280635485099, 3.7994713975867596], [21.719851212048376, -16.891273995209364], [12.642700767085817, 0.9587124280291913], [10.985169510833483, 5.121177222759122], [-5.521057811365202, 12.159649025305644]]}