{"step": 3626, "herders": [[-1.223786247177867, 1.8088957084781123], [2.396062682009841, -0.8340679996490588]], "targets": [[1.3854557136200147, -0.415256576084589], [28.9614852023475, -16.389566284872437], [-0.5363970936006013, 0.32736572976258227], [-1.3278806579235214, -0.07841248518189142], [2.533704487965211, 0.41494924653008636]]}