{"step": 3041, "herders": [[1.9343284795681628, -2.5180691540666547], [0.08378484267583244, -2.9095341940812904]], "targets": [[0.39505782776937826, -0.006092002391272666], [28.70986664290792, -20.63869471986166], [-0.05484681724776678, -1.4463902323428128], [0.6434966797131464, -1.0121469862237076], [2.0338568199500817, -0.8204776032686325]]}