{"step": 2922, "herders": [[-3.905760143395987, 2.549970933985382], [-0.5800840199080618, 3.9417437710338503]], "targets": [[-2.1873152763062285, 1.7916484116404106], [27.69019852459656, -18.715780306302634], [-1.3427893852217934, 2.6402401295192037], [-1.1134802574769154, 0.8227563024358554], [-1.9139174933098475, 1.3600238476702124]]}