{"step": 1826, "herders": [[2.979124302732432, -0.9841047214447181], [-4.253938579531913, 0.19218172772390213]], "targets": [[-1.3833689749771982, -0.1094960675514294], [20.33057997221026, -18.166336795711587], [0.8528727434773173, -1.3156127388277088], [2.2179896731085966, 1.1470580730652287], [-2.9996881181100696, 0.9044549118745054]]}