{"step": 1708, "herders": [[0.23420632612885425, 0.37979153760130224], [-1.810013564013718, 1.9393474382243001]], "targets": [[-0.8413768919560934, -0.6004928740495394], [21.508706129213746, -18.470895254919228], [-0.13884273814656137, -1.2340063508120356], [0.4889863378585174, -0.24990617818578476], [-1.0769040425355194, -0.1587641341048593]]}