{"step": 1556, "herders": [[-3.6941619369976846, 2.1197102707379325], [-2.4422675193113035, -2.6875341500031356]], "targets": [[-0.4223334592876338, -0.33150890389937876], [19.453444497633903, -18.19930918828136], [-2.089845435441528, 0.5968021548397193], [0.2133496135671077, 0.6654429072490546], [-1.3303480576107412, -3.164578902854898]]}