{"step": 1147, "herders": [[-2.384209446697125, 3.504134347394272], [0.8501461345363602, 0.5478166314542339]], "targets": [[1.5683667745657073, -1.4157316149474661], [20.623831849277504, -18.40741845213445], [-1.5535818822045175, -0.21281031359001473], [-0.9716904674171774, 0.4251621340085526], [2.1032724998780252, 0.7414086617153832]]}