{"step": 2032, "herders": [[-6.166987664022267, -0.437025655365733], [-2.1472633158389907, 2.168129725108532]], "targets": [[0.5245500053973221, -0.33396040642010727], [24.970363823942563, -20.20241875689517], [-2.654407905206639, -0.6993664527185844], [-4.138839725681871, -0.6378218723865038], [-0.5235227213562577, 2.5576991886885363]]}