{"step": 1373, "herders": [[3.785239322549799, 6.110488117373946], [-1.781792615858149, -3.1977957594786472]], "targets": [[3.4539301390309918, 7.0536581649889465], [18.93412739925217, -18.24749994016841], [-1.9997163159233715, 2.0836275782646467], [-0.673842954393411, -2.464217967553963], [0.12068927285613995, -1.6873295782682356]]}