{"step": 1020, "herders": [[2.9712949932911545, 6.354723830820874], [4.393586217235913, -3.033877293828637]], "targets": [[3.822534197843831, -1.4750037719594327], [21.76760113557534, -18.655485949669412], [1.6930198826951077, 4.09731861728521], [0.7057309258593615, 0.5117231582129331], [-1.953762650563837, 0.4459161654249185]]}