{"step": 2490, "herders": [[2.3676844103103853, -4.641738334435836], [3.656357223579307, -2.7279676493936273]], "targets": [[1.1643984317073974, 2.0746524126770076], [25.20165359824779, -19.564403618270305], [3.160081904822398, -0.8258407621716528], [1.662364158867444, -5.53795414491768], [0.3438537120266725, -0.714828817216921]]}