{"step": 1668, "herders": [[1.9816341886201756, -1.497597358302092], [-2.359755325935908, 1.504627319245504]], "targets": [[-1.2494559022777678, 0.64326162521779], [20.687224558971934, -17.98133670257467], [-0.7605845706572681, -0.18725976083882162], [0.33774508467719166, -0.0993164375427095], [0.5746973992702378, 0.05822019239643367]]}