{"step": 3017, "herders": [[1.3209461646869496, -3.866744249481079], [-1.742240268806339, -3.1820385176803825]], "targets": [[-0.7014147095223537, -2.2957060159964375], [29.769965289006194, -20.798181519565222], [-0.09727822258242289, -1.8121192621475153], [1.389406068469698, -1.257171070470967], [0.14114320882577558, -2.7256809996438283]]}