{"step": 335, "herders": [[12.38542655890674, 6.110655955592795], [-2.1495711506038746, 10.333574993822465]], "targets": [[7.450730061898894, 3.7691755075047335], [20.63320604260726, -18.591437478951452], [11.660908833523692, -1.4235109730564857], [10.18523051312975, 6.501952529424904], [-1.4101895733638645, 8.33082062892555]]}