{"step": 1823, "herders": [[2.71809361640199, -1.854062647842785], [-4.102006672849333, -0.18707599686370247]], "targets": [[-1.2593281504006983, -0.3943551476705039], [20.18728879873631, -18.547612440735453], [0.9160843994762806, -1.5362998865069561], [2.1315173695279186, 0.744318305183469], [-3.1246395391564987, 0.7282589525494498]]}