{"step": 210, "herders": [[13.413892036478893, 4.360507586616315], [-5.869459712919662, 12.986515738456237]], "targets": [[4.37198860844366, 2.8410649733196354], [22.538299965301388, -16.531884214175687], [11.932024234808546, 0.8187366761191865], [11.157808765733208, 5.154470059848014], [-5.149731075905356, 11.16709178959701]]}