{"step": 971, "herders": [[4.978667129857318, 1.1916651784405132], [-4.203733409608951, -1.9142723779559867]], "targets": [[2.765529176245891, -2.573737510582565], [22.348038654649148, -18.699736087951273], [4.325399752277876, 2.6816856438734016], [0.41448263513729067, -0.3501797687064118], [-2.023283935603428, -0.9827539281231661]]}