{"step": 377, "herders": [[12.90784740208253, 0.23533438183738015], [-3.794985203735575, 8.610976311142435]], "targets": [[5.766148332154995, 3.0591034729036757], [21.614988901717297, -18.611019057195072], [11.72340951939387, -0.7494106810637313], [7.586295786384574, 7.383842425819791], [-3.5099946469348438, 6.997725671374604]]}