{"step": 3330, "herders": [[-4.539650718051336, 4.334922529041363], [1.489850221811007, -3.464974688485575]], "targets": [[2.081079027366951, -3.9897321694875134], [31.46981123467896, -18.574300899270636], [1.7174307831484494, -0.269387496239653], [0.03514120399087134, 2.051055572423608], [-3.231796101579302, 2.727085566762555]]}