{"step": 3427, "herders": [[1.502459918782789, 3.7697749987126623], [3.4534269468359917, -2.655420106759533]], "targets": [[2.2202833156456925, -1.3476011653056001], [31.546519612132595, -17.219620265662336], [0.3284696781205606, 0.30822209176482723], [1.9238644652315462, 1.8678302941621712], [-1.5164716211566671, 2.4357328774160703]]}