{"step": 1329, "herders": [[-4.232263123676855, -2.132135461484026], [0.0714578403316411, -5.588398145910708]], "targets": [[2.677330714942899, 1.699656484081722], [20.376688069948937, -17.756106431502968], [-0.293184227117143, 1.5629748418404743], [-2.060413440287623, -0.9169220648254518], [-1.2554081462711435, -4.407999592404841]]}