{"step": 1448, "herders": [[0.623886294291532, 4.989482656709161], [-0.5512715017131324, 5.539835351851429]], "targets": [[-0.06553183966097154, 3.7200997178065727], [19.35776120154352, -18.824990154387876], [-0.33894836929480854, 4.025009298702837], [-0.17706606958881838, -1.9641320456052118], [-1.910673341951019, -1.74455302551983]]}