{"step": 2016, "herders": [[-6.727262616072076, 0.5338611658397865], [-1.8224129456207496, -0.7440369668646465]], "targets": [[1.2662806317267588, -0.673225894165434], [24.75084183571808, -19.855410310117588], [-2.0843302382591657, -0.4371252000523549], [-5.3984180781856965, -0.5416033389822429], [-0.7872389019286214, 2.7900982915990236]]}