{"step": 2004, "herders": [[-5.970829551683107, 1.7509491428253163], [-2.253021510796098, -3.403921281513139]], "targets": [[1.3769190684447146, -0.7348875930120693], [24.55943143777207, -19.61594029599955], [-2.10606673663181, -1.469023133847549], [-5.576399946349317, 0.39327465957006885], [-1.5395160793516596, 4.043776869992752]]}