{"step": 2140, "herders": [[-3.933328894911285, 0.5811738091093994], [-3.878052301499064, -2.979493728792814]], "targets": [[-0.47780177268626434, -2.436113690862767], [23.837150235284035, -20.052386460597766], [-2.931169997268951, -4.236462416401724], [-1.598047690293014, 1.55492960893869], [-2.341245898608082, -0.6600485469747466]]}