{"step": 1967, "herders": [[-3.345684239762576, 4.2706126419252755], [4.0631167836397175, 1.5797593277793471]], "targets": [[1.8161997734500663, 0.6487127197137863], [23.667575639099432, -19.51468014470172], [-0.49911419517264044, -2.6234565767311775], [-3.4185725216365657, 0.9374469513372449], [-2.2793442996683417, 3.8358093684930017]]}