{"step": 1904, "herders": [[-5.6261341960371025, 3.179728718972884], [3.966163130899814, -2.072996040006379]], "targets": [[2.7837748572564758, -0.5503759989130881], [23.82657011856382, -19.952507733191158], [1.8871205383225291, -1.4329595310315424], [-5.247444333134278, 1.395491620914057], [-1.43231459264697, 1.6679350736139225]]}