{"step": 303, "herders": [[14.739920283162242, -0.5710439130080438], [-2.9064909605646436, 11.270634226960034]], "targets": [[7.167592774190028, 4.4241527969586745], [22.297361453821928, -18.037249529150586], [12.98110929080931, -0.7418781755284302], [11.210351624646693, 6.048072468569332], [-1.942044537214867, 9.871398577248028]]}