{"step": 3573, "herders": [[2.637233380107479, 1.9142456404736168], [-1.5820530993676856, 2.157195926241806]], "targets": [[0.4636026759297909, 0.8730782152742479], [30.350674200549005, -16.597268251241392], [0.6909331002672422, 0.5725949598266487], [-1.3095749343267042, -0.021515730591743554], [0.8770903790256954, 0.7426878382965755]]}