{"step": 212, "herders": [[13.27973757325293, 4.5739611556075435], [-5.855723472697593, 12.917923011053736]], "targets": [[4.61744366860571, 2.7678702022790573], [22.320562503886578, -16.34159435330158], [11.795397693757396, 1.069364516076992], [11.187206335546005, 4.866485057625548], [-5.399895461159706, 11.18085714310035]]}