{"step": 2683, "herders": [[-2.0575362805975708, -0.5902027550340996], [1.9186482100333555, -1.012857828684475]], "targets": [[-1.8116327642711496, -1.2736182209878115], [23.994058914808228, -19.471388828853147], [-0.48680450388555363, -0.9014881357764408], [0.04898305602372263, -0.10212223917242545], [-0.3273748476309565, -0.6219268715852282]]}