{"step": 1621, "herders": [[0.4850750985832989, 2.0648473425807583], [-2.2642173614032117, -2.8018779690274047]], "targets": [[-1.296412873369605, -0.8712282407029337], [21.73786409517068, -17.358082646639012], [0.11607681245898212, -0.29073554614543845], [1.320585496260845, 0.704902127694264], [0.929451730937955, -1.0265682764141693]]}