{"step": 76, "herders": [[16.443531822559027, 2.104541181477118], [-7.675563998495199, 16.24766670581735]], "targets": [[4.353967196741015, -0.5808104130674789], [19.182572071654455, -15.579596858716577], [13.749222458132285, 0.03003814344524519], [14.287944171490059, 1.0990365228528145], [-6.789083605175573, 14.525077229157564]]}