{"step": 776, "herders": [[8.567503182643073, 1.7121226842462862], [-0.250152019914962, 6.105305568715389]], "targets": [[1.2681076251561154, 5.36067061898189], [22.27157213158867, -19.937409937741865], [2.105240471023686, -0.6739731122725523], [7.021496417485958, -0.1998945892201181], [-4.378333939982552, 0.8933621449152984]]}