{"step": 3403, "herders": [[-1.0122515428598782, 4.304906200381161], [3.846624500577669, -3.52933374786542]], "targets": [[1.787778467810792, -2.0366447535314602], [32.47074502745331, -17.813685820302737], [-0.1547911884790225, 0.27461106171573224], [0.011088319674859029, 2.6279248114502884], [-0.6748852218632962, 1.6161256118993221]]}