{"step": 836, "herders": [[6.348557124170119, 1.8310479728593545], [4.282441754544303, 4.400976430075061]], "targets": [[4.416540185065998, 2.718230134771736], [22.59263336487712, -19.142604444752706], [3.2935580325953926, -1.7603880444402613], [4.093756445218247, 1.4316604147587988], [-2.9093966425838067, -0.48816735666865446]]}