{"step": 2810, "herders": [[-0.34927123441135055, 4.370627204621319], [-2.9485157861550917, -1.7290081340547234]], "targets": [[-1.354682139562276, 5.031998882045307], [26.559929529279, -17.033374172433057], [1.48302556247423, 0.9531326824172183], [-0.8585665771643273, 1.3368111635402355], [-1.8042564729135184, -1.5983231483045466]]}