{"step": 2591, "herders": [[-2.6456009208189655, -0.11787787688746104], [1.6308043666309775, -3.3918615390339495]], "targets": [[-0.30775539897135984, 1.1103877881451236], [25.00353430367813, -19.50738915940395], [-1.9884957029528052, 0.9472710145052379], [-0.5437884707611089, -1.1867419431858095], [0.3535966893865334, -2.0839796247920606]]}