{"step": 1864, "herders": [[0.07490872126218492, 4.152343635266448], [-0.15949886559449217, -2.534222796730951]], "targets": [[1.3066272444523785, -1.699576113498185], [22.280225640142046, -19.123399366375843], [0.6187329889473073, -3.4078854677051282], [-0.8507871317122266, 3.002195862922768], [-0.9563290090659332, 0.5613066564651954]]}