{"step": 222, "herders": [[13.257067781456124, 3.4464138740371104], [-5.838280108716674, 12.557132203889216]], "targets": [[5.525485384222603, 2.7575537161359103], [22.24498103274119, -17.010333927092756], [12.07819497470583, 1.4092430766299002], [10.645350691332201, 4.8213865485726775], [-4.7951444700891965, 10.341638339254935]]}