{"step": 2530, "herders": [[0.8760046076835132, -4.69568598691306], [2.790876533823114, -3.4069850273847773]], "targets": [[1.6134262905023498, 0.8646427415372141], [24.212287049761233, -20.31813399073053], [0.7204109481497196, -2.9312994683767397], [0.6323870168761112, -2.9961986636185673], [1.734288386008366, -0.8361055424009747]]}