{"step": 3236, "herders": [[2.3663440864649656, 0.6229733845003623], [3.962390772467632, 5.361449828688904]], "targets": [[1.097771591766664, -0.9012137069533194], [30.192662342898494, -19.343912710676587], [-0.2393278176258207, 0.6733584865643927], [0.1895077489206079, 1.0087179607251693], [2.7541962279008385, 5.537183055725277]]}