{"step": 2955, "herders": [[-3.799908490444579, 0.19318920467978806], [-2.0807938784264457, 2.105098796894593]], "targets": [[-1.8060886882786447, -0.28718149111403646], [27.87138543297005, -20.441527425632504], [-0.4426048149887516, 0.2133732638705959], [-0.2620516963334072, -1.6471161150269016], [-1.596460447109688, -0.5054045570423604]]}