{"step": 198, "herders": [[14.025281963462374, 1.7492668620630352], [-6.130705993666271, 13.42584372702878]], "targets": [[4.415629328789227, 3.4142883869376233], [23.23291559027409, -16.362839052141997], [12.269608614590954, 0.9288150953539867], [11.626628919117957, 4.886488236738891], [-5.328753197990089, 11.39813004272861]]}