{"step": 201, "herders": [[13.872908929306, 2.3070274823567343], [-6.10570363090579, 13.325511868666963]], "targets": [[4.307081034288597, 3.4697562657942096], [23.26199866798465, -16.190674663650775], [12.666192967020226, 0.6018834314007087], [11.848381627617197, 5.121003890090575], [-5.212360853823339, 11.448218973652173]]}