{"step": 3997, "herders": [[2.2794815001680333, 1.6970864992025847], [-1.12063429941962, -2.571751887725524]], "targets": [[-0.7078190478459911, -1.5448641577044833], [27.091229100847038, -13.120480196099637], [0.4508822523887553, -0.03879766557945019], [-1.5347691032100381, -0.22687526961308016], [0.5805258717221723, 0.5589120081563974]]}