{"step": 801, "herders": [[8.01520672374637, 0.7417196747058993], [0.8566775349028937, 5.429839771712333]], "targets": [[1.4896287418653105, 3.6887978822315244], [22.43756030514573, -19.39895196263228], [2.1217254299827353, -1.5070132278899546], [6.167478801349396, 1.1461311539092693], [-4.209182199226216, -0.3015485987828963]]}