{"step": 3855, "herders": [[1.477709514678035, -1.0337193283385018], [-2.663079524423561, -2.5425278914511398]], "targets": [[0.17387902181559567, -1.992433087685748], [22.63227590430318, -14.551052493588697], [2.492721837092704, -1.0765948372666658], [0.6751774460120887, -2.074858206150355], [-1.2066717176997295, -2.3662299138311416]]}