{"step": 3067, "herders": [[3.2918944166495274, 0.09245821113266608], [-1.858525535877485, -1.905685826342657]], "targets": [[-1.2290173634313626, 1.0378877534540618], [27.679857160742802, -20.603877178318328], [-1.9316616756348766, -0.5403346939810346], [0.7934041152868854, -0.1071832593112932], [1.6853709274181838, 0.8681420991941475]]}