{"step": 3253, "herders": [[1.6704510081703141, 0.25445559751666424], [2.762315211726882, 6.3849131354171345]], "targets": [[-0.1989493885759045, -1.205024834588701], [30.327794299171213, -18.845081158487247], [-0.16167796712991261, 0.2091727902543975], [0.8606698370818178, 1.5103832374449482], [1.3343201067775672, 4.7791828107076135]]}