{"step": 431, "herders": [[12.60647610163972, -0.6070614331274531], [-5.3631720716291555, 6.061354062676673]], "targets": [[3.906122607726176, 4.479360769356068], [24.474618216215674, -19.747936113800648], [10.708610494504192, -0.9310493084437901], [6.651166094907014, 5.004670052605693], [-3.6817492538037366, 4.5875614526801165]]}