{"step": 1664, "herders": [[1.8943632572526359, -2.1568142139178588], [-2.428490370382562, 1.390511749099543]], "targets": [[-1.10752959925186, 0.8936335890873727], [20.36815271095447, -18.144960928821067], [-0.5145217690503101, -0.26155487034520153], [0.41368289197295915, -0.2772389093619809], [0.7659567988101719, -0.1112644678755843]]}