{"step": 3753, "herders": [[1.8403350211734568, -1.9036548208282418], [0.44256851102247763, 2.918583702018098]], "targets": [[-1.6779209922795895, -1.333139936418904], [25.793774073278975, -15.336312462453582], [0.05973544339009032, -1.4086088315301413], [1.9217186095214391, 0.24606678890191264], [-0.7080197178999597, 2.4158783265947457]]}