{"step": 1473, "herders": [[0.27493810150441256, 4.578624351098044], [-1.0437026467507777, 4.2845832726113375]], "targets": [[-0.7136033073676749, 2.179701973003377], [19.796855080669072, -18.515557920711082], [-0.8989876089170293, 2.5102120639397216], [-0.7869001950163097, -0.7449762132088553], [-2.2899060197251124, -1.3054377347335753]]}