{"step": 3211, "herders": [[0.7356667696199576, 2.5322512740508514], [2.9612100718014904, 1.9804769098831312]], "targets": [[0.4520057379598297, 0.6121113837043314], [29.14509235766005, -18.733629416025863], [0.42858024193259064, -0.23228592127992292], [0.9158006817259283, 0.410686233066772], [2.1710417263475086, 2.3334296977499025]]}