{"step": 3280, "herders": [[0.40357652033927266, 4.631542500845044], [1.0756013023182616, 4.601662287600087]], "targets": [[0.10051886951461658, -1.2759489281530652], [30.26625599023972, -18.13943048861159], [-0.7315975661488647, -1.3348195251605626], [-0.9447671216015017, 2.407339488518932], [-1.0548343298665, 4.4629765215001]]}