{"step": 2991, "herders": [[1.3198160986832157, -3.6127815172982474], [-2.901603830152081, -1.3843394126636819]], "targets": [[-2.0681057436265395, -1.7602231764299499], [29.27973628353929, -20.9621462243172], [0.2758802464536068, -0.43303441997461883], [1.7013780025102294, -2.219765592602756], [-0.5897958069150028, -1.3983694886060414]]}