{"step": 2650, "herders": [[2.148796686497807, 2.5856298008250884], [2.492400275652851, -1.4049415714899018]], "targets": [[-0.5631603159953592, 0.4963173108284644], [23.65027111916348, -19.065233032683828], [0.7661801185757634, 0.8253223820494405], [0.09010125246326953, -0.6647199897308445], [0.9367846757212948, -0.15941561103999702]]}