{"step": 1810, "herders": [[2.87893757243617, -2.4347493748948636], [-3.1805158047615234, -1.4962199390982591]], "targets": [[-1.1736112419127702, 0.21700757134109788], [20.425957261141548, -18.6266201664528], [0.9730135306348947, -2.0538685361301776], [1.4798906799958136, 0.5566482214903118], [-3.2492185370802047, -0.08695791474945311]]}