{"step": 3669, "herders": [[-1.4049145521311264, -4.092465376120921], [0.31725085494930794, 3.595456072111456]], "targets": [[0.33699170376261595, -1.6788881092971493], [27.48744522604914, -16.93955759355863], [0.9747304091681783, 0.08199991341373447], [0.05653511242045957, -3.886281345276287], [-0.372961538643351, 2.5236781804338113]]}