{"step": 3153, "herders": [[-0.04095747645068998, -1.064989042314589], [1.575554585731485, -2.7284630953637987]], "targets": [[-0.7028159021123043, 0.10977238788646039], [29.024147118632204, -20.27909454056278], [2.0581649706958514, -0.9980609415404259], [-1.3107493185266996, -0.970406929291779], [-0.7582746867324499, -0.546950165245292]]}