{"step": 2419, "herders": [[4.499977451638714, -7.392468085706474], [1.3927948627241173, -3.3176224319079672]], "targets": [[0.7889471334365339, 0.6526908317528549], [25.408841019364985, -21.157569879238405], [2.6503676704786057, -3.051466197765413], [3.2572031522861886, -6.982346442949565], [-0.0666343075609771, 0.5739495059091644]]}