{"step": 3187, "herders": [[-1.7983179700685323, 1.9199245110653886], [3.360267361665171, -0.018057227343489024]], "targets": [[-0.48027825404942565, 2.124466139362272], [28.57988695291866, -19.970631398308175], [1.041857187742197, 0.24219631017964688], [-0.06033626743250692, 0.6573515635247632], [0.4023640245884308, 1.2552370541377311]]}