{"step": 507, "herders": [[10.1022748811332, -0.8165209790818488], [8.015965295706227, 3.4455900446874455]], "targets": [[5.126089122442742, 4.055988683278879], [22.385428972138246, -17.92233598967101], [8.740502223590022, -0.5142889609460378], [6.03078658701012, 3.1284811818815244], [-5.3082155614901625, 4.166819835272072]]}