{"step": 1593, "herders": [[-2.672145605084102, -0.682533667084913], [0.0032247864075829608, -3.202938243413785]], "targets": [[-1.8561710979499402, -2.238380679535688], [20.452629660981025, -16.4505027889489], [-0.27081877478107025, -0.03410050996445538], [-0.1206300461855541, 1.876820460958697], [-0.2266057332643068, -1.2988132273434427]]}