{"step": 2420, "herders": [[4.408681154830913, -7.534854754629398], [1.7289732982219128, -3.4475701434355006]], "targets": [[0.5950353401344078, 0.5389279492209097], [25.532096166718446, -21.035332804114056], [2.91533302114387, -3.078862221696822], [3.2977134794149348, -6.918023860450547], [-0.02210246402587788, 0.7999943511974907]]}