{"step": 1993, "herders": [[-4.3653680295861115, 3.252847966119232], [-0.872792846166643, -3.699567959077707]], "targets": [[2.207657117444685, 0.5245018273057629], [24.028614041982724, -19.707558562329837], [-2.0059072313847297, -2.5044414869830174], [-4.950649932945624, 0.4658502923451193], [-1.53610876691479, 4.403625045111989]]}