{"step": 12, "herders": [[17.78012783928842, 4.542090234218042], [-3.5137956378366217, 14.405407694706945]], "targets": [[6.636724912176266, 0.5896873123400272], [18.26766989428013, -15.394577181050085], [15.831948792786154, -1.2530497907180955], [16.533742766014417, 3.5166905211365207], [-6.175136094304468, 16.14237826843678]]}