{"step": 1349, "herders": [[1.4949197575809918, 2.6795780667007474], [-1.7357006687703502, -5.265064845299927]], "targets": [[2.2782505024386706, 3.9063810199569384], [19.722223236799483, -18.4952547087967], [-1.6106048735107437, 1.252544711435425], [-0.9497615232746897, -1.769643065721087], [-1.7746862692737762, -3.324340036732531]]}