{"step": 1173, "herders": [[-3.3703788728356727, 0.6585997936878941], [4.536688502205694, -0.27372047115672693]], "targets": [[0.327449519135067, -1.6688310198633434], [19.528059621363298, -18.654574661793248], [-2.0305728141321007, 0.4215689498090016], [-1.7909556119613583, -0.4909997074648764], [3.8539111807825175, -1.1762047667224529]]}