{"step": 3545, "herders": [[3.1815841237486597, 2.2593360572973484], [1.4036060978633205, 3.233507762444139]], "targets": [[1.9327001818450615, 0.780672773928493], [30.261103746205478, -17.292183824519807], [1.6077447284346909, 1.6711886928077133], [-0.22089337379595536, 1.8227380980680807], [0.0202928483398154, 1.359930279219097]]}