{"step": 2159, "herders": [[-3.7836983809775084, 0.39819293061342564], [-3.4311441873284974, -4.745762678326857]], "targets": [[0.5932775522540449, -3.5089444745154954], [24.56765911461662, -20.556272523989914], [-2.2029023260334064, -3.979061939082661], [-1.0805542760548097, 1.7593542064301242], [-2.2665954263071466, -0.40083557045827456]]}