{"step": 3080, "herders": [[2.7951366068727928, 1.8427507998521255], [-2.6940053535203825, 0.3628051034784294]], "targets": [[-1.7238015697217337, 1.094192831390806], [28.218590500289167, -20.697100804469294], [-1.0949695104712969, 0.3907111189020154], [0.9553840152867035, 0.39131471921974853], [1.6490977915320173, 1.9849679461270267]]}