{"step": 1915, "herders": [[-6.321812784262753, 2.056637569292625], [3.721863788414189, -2.438031381761824]], "targets": [[2.36673737778616, -0.051105221402891365], [23.00442335010874, -20.10665890818052], [2.022781696197287, -1.7540874284691392], [-5.396990721969201, 0.2244743674665491], [-1.7291001323758413, 1.9927023148549718]]}