{"step": 225, "herders": [[13.30372081046074, 3.1669136083973086], [-5.776457001371906, 12.428932841594763]], "targets": [[5.285056387382657, 2.8481896081216362], [22.13290187277304, -16.974633486504377], [12.151063662383674, 1.324938015153186], [10.48111502915662, 5.227477298359448], [-4.65030028005012, 10.58649379232605]]}