{"step": 708, "herders": [[6.6028428177867475, 4.865712916486848], [-6.498401597855942, -0.8450328033149275]], "targets": [[0.46376025898625484, 6.082718403437474], [22.56278475444904, -18.95409676364447], [3.5084041784983633, 0.019950969099652632], [6.146830572616622, 2.892047846122621], [-4.775251030873429, 0.39176397166723853]]}