{"step": 3173, "herders": [[-2.298320116340912, -0.16655121428038494], [3.442579993360817, -0.8129245015442799]], "targets": [[-0.6020800883345794, 1.2982643920354018], [29.436959283207784, -20.041147888009252], [2.1728192889931677, -0.2584230958238815], [-1.2686057511778324, 0.7827921133296957], [-0.20831481087123505, 0.8810913297148913]]}