{"step": 1535, "herders": [[-3.7677285149009894, 2.517105055598476], [-3.3396036210288793, -0.3124509623567464]], "targets": [[-1.6483251173713975, 0.31991318560099935], [20.390486443973224, -18.47642477891751], [-2.4404452626489057, 0.9356347170579911], [-0.42510612790485663, 0.26852592937179215], [-1.2284533214900148, -1.1701203364980046]]}