{"step": 258, "herders": [[14.228506150946853, 1.8461456202659785], [-4.200576296305439, 12.50783848111414]], "targets": [[7.056700698101034, 3.420351018339217], [22.42685026844928, -17.46720376079924], [13.301098556945037, 0.11745371483040762], [11.74263263881735, 5.003932673037383], [-3.0260670478107428, 11.249202173781223]]}