{"step": 3570, "herders": [[2.682238810232711, 1.9353581923073733], [-1.4293723520605615, 2.42488962065201]], "targets": [[0.6752202754373389, 0.6947396262788946], [30.396588418920306, -16.640726001566513], [0.7086777635914272, 0.5169860873936664], [-0.996086906963357, 0.26060318242475444], [1.1841259372614759, 0.8920491020222747]]}