{"step": 3792, "herders": [[1.3247183064671855, 2.761597843224897], [-4.252996754656679, 1.9070313189222756]], "targets": [[-1.8766374457616062, 1.6080445320084806], [25.768427017337835, -15.330138911308389], [-0.48410412778240713, 0.8981245635762701], [-0.5187352735778871, 2.194994840446592], [-3.2544667205896514, 1.015073663649691]]}