{"step": 768, "herders": [[8.333624100663101, 2.533301302305936], [-1.5574579414445053, 5.210149093852212]], "targets": [[0.692032628023113, 5.618668851691983], [22.856902728079923, -20.447566300236268], [1.7613925215365778, -0.7305961814163329], [7.376082342940626, 1.2649286077302306], [-3.328990763491195, 0.2857958041722005]]}