{"step": 70, "herders": [[16.68297956824518, 2.4331414746634494], [-7.683796155287356, 16.38840955294274]], "targets": [[5.1410787666351645, 0.19354917629697965], [19.277068173526228, -15.184162964394421], [13.985277499642383, 0.13209948980561542], [14.956631753708391, 1.7388561645439946], [-7.111968932091056, 14.470893814606255]]}