{"step": 1285, "herders": [[-5.921322902184142, -0.046369211473860555], [4.557506796582324, 0.05775645600795426]], "targets": [[3.5898529446755143, 0.9928447885833424], [20.081751036867946, -18.7862024631005], [1.4329683658016958, 2.826545127520377], [-4.066086397832474, -1.0249613581442096], [-0.12954307663665812, -2.6549711996873127]]}