{"step": 3861, "herders": [[2.563358784729229, -1.2368314512002614], [-2.2397606363864866, -2.9775718569541105]], "targets": [[0.04231372238322688, -1.9774505370515327], [22.885704756412846, -14.445221911837663], [3.6054110811961895, -1.2679760276008638], [0.025516954679665527, -2.1595432713174807], [-0.8946331822362413, -2.6513976832359525]]}