{"step": 1984, "herders": [[-3.726939937745551, 3.88932763360628], [0.387180734295729, -3.0802712487925454]], "targets": [[2.2860110867587835, 0.5025401183837095], [23.340289408287436, -19.566150030899298], [-1.1314249614486651, -3.1592919723539272], [-4.869628873988769, 0.4817011335662671], [-1.6875513099511, 4.416347046654833]]}