{"step": 119, "herders": [[15.292406933450435, 0.5223318555136974], [-6.100052197323933, 15.706259238466036]], "targets": [[4.112625548966143, 2.4210226451771786], [19.794620422806865, -15.857169291063023], [13.442562831006667, 0.38654672227458853], [12.723249315065164, 1.7076059683864284], [-5.320505956534504, 14.557223169341798]]}