{"step": 1476, "herders": [[0.27493810150441256, 4.578624351098044], [-1.220783046548081, 4.187224926275397]], "targets": [[-1.1525211774686508, 2.3090106252541367], [20.134945977825524, -18.621394317506258], [-1.2654402401353617, 2.689335637722827], [-0.7486894401329744, -0.6019548088879895], [-2.436246462318058, -1.2911528278331426]]}