{"step": 1639, "herders": [[2.7776062448650083, -0.4661743481810453], [-2.348608168076022, -1.1219042558691348]], "targets": [[-1.827286866449895, -0.14290276030690074], [20.89805181177082, -18.34498649145422], [-0.04557419005527352, -0.03237026931878878], [1.6956596460467133, -1.1462959331451166], [1.3303177714148098, -1.7884161332983532]]}