{"step": 1617, "herders": [[-0.1676125326629902, 2.0955154668955136], [-2.074533985494113, -3.0409799506939827]], "targets": [[-1.5079222151792002, -1.5264025991565409], [21.24605835348595, -16.782359239184977], [0.3086117159952819, 0.2793613298129568], [0.9111628042500435, 1.116058818944544], [0.036082991446744844, -0.4920180255851704]]}