{"step": 2357, "herders": [[1.140872318803242, 1.2417717160345525], [-1.4732584678458298, 3.9094489174241778]], "targets": [[-0.19385484265885541, 0.9179061136150108], [24.77581335504743, -22.995786505409267], [1.6366888175619114, -1.3313267166283707], [1.5399166625116667, -0.07813080944043474], [-1.2371965435525514, -0.6881856614893143]]}