{"step": 1854, "herders": [[1.2213345640351632, 3.469638391865736], [-2.0073448429215057, -0.3616751409449539]], "targets": [[0.6965106846362988, -1.3603739349921948], [21.865663627944944, -17.997117248718244], [0.892483383971786, -1.8409422888617837], [-0.178074125701029, 3.1901292982654956], [-0.8860485844295019, -0.00862843461714509]]}