{"step": 517, "herders": [[9.99190590587503, -0.8428291225279465], [5.680447510387388, 3.9239923981880733]], "targets": [[5.0656339208012975, 4.719824986291919], [22.777400811060044, -18.173123133867616], [8.474186486151947, -0.7404463505583945], [5.7496794532575555, 2.2017567567668035], [-4.832154164309073, 4.339497865819731]]}