{"step": 3167, "herders": [[-1.955998377766255, -1.1471985986169337], [3.1327715248062473, -1.325360952889257]], "targets": [[-0.5273214642786045, 1.2095632805847505], [29.013471979884518, -20.093110086876823], [2.324682489577988, -0.05233528572417412], [-1.6507770052543609, 0.5133215505172811], [-0.24425185058300802, 0.3304743482284494]]}