{"step": 1821, "herders": [[2.5530451974136743, -2.351638978534088], [-4.069264855453994, -0.510694293177272]], "targets": [[-1.3481343000627999, -0.08461568112088297], [20.207484623733556, -18.149566906992714], [0.8772226984906749, -1.713361275168253], [2.20315988085006, 0.5822658480105518], [-2.8872743359461284, 1.108945172121642]]}