{"step": 1388, "herders": [[3.2671192298066196, 7.798272133298694], [-2.4033697409242847, 0.29409330048665044]], "targets": [[1.4321304027394048, 6.262416603776232], [18.730312529605865, -18.248473145451552], [-1.4925514773961015, 2.047338700621792], [0.6271564000174036, -2.198793965719739], [0.9277049737250342, -1.8691989557757194]]}