{"step": 634, "herders": [[3.25759671160878, 8.948329758057175], [-8.764982172279025, -0.3230100473918711]], "targets": [[2.034194949816836, 8.125318665142375], [22.771061411188317, -19.5165295111531], [5.478457113691757, 1.0281029160509778], [4.65940312882637, 2.6462159237026217], [-6.887052019796331, -0.4683068606506448]]}