{"step": 936, "herders": [[3.524434010291968, -4.110934228754431], [-5.612448000060081, -2.6009444560381367]], "targets": [[1.5806071341278694, -3.0662452942866207], [22.602527000533698, -18.142701815518127], [3.6258626340734517, 0.5915672460608907], [1.0431912439373365, -1.0726873785603137], [-3.777416658688404, -2.533355946722882]]}