{"step": 1118, "herders": [[-2.384209446697125, 3.504134347394272], [-2.4781857089395727, 1.6753390769935732]], "targets": [[0.8906881672633764, 0.18626645639656458], [19.95979708152006, -18.567790342166973], [-0.8806546495933745, 0.3811047822519444], [0.1065873369030188, 0.7933296497323526], [-1.0443708445993498, 2.0073513375520444]]}