{"step": 3559, "herders": [[2.9142080833866806, 2.088904855078641], [-0.1971131245098134, 3.18897695389845]], "targets": [[1.7945154503229657, 0.4499398296343542], [31.032227296650355, -17.464726725185137], [1.61711484388695, 0.7269092237498248], [-0.713602597586779, 1.5155321855890367], [0.9802391962586985, 1.5435515159429105]]}