{"step": 1144, "herders": [[-2.384209446697125, 3.504134347394272], [0.4921655289943044, 1.000385484513851]], "targets": [[1.6501855540501116, -1.1560746853588353], [20.635970018517348, -18.47597994857118], [-1.6213107187860623, 0.27802844989738573], [-0.8610678019229734, 0.4216239636850857], [1.5221697166781545, 0.93252220365184]]}