{"step": 2556, "herders": [[-0.4005874087201916, -3.8795777234184876], [2.2095458525811784, 1.0887251722956477]], "targets": [[0.2661278459699937, 2.015119004221204], [24.418821411406107, -19.254250697968626], [-0.42239147506573455, -1.7093717064170533], [-0.510332851106823, -2.3227610726765597], [1.953356310910251, -1.3388908876995893]]}