{"step": 3684, "herders": [[0.24988383291375116, -4.5611176616316165], [0.04218713234009641, 3.5125976134146852]], "targets": [[1.5030708756757933, -1.250015987206797], [27.148929054547214, -16.4606553296986], [0.8400673827762829, 0.48327457723648615], [0.6172932599827332, -2.6930363628521703], [-0.30740050303947253, 1.6006057147431874]]}