{"step": 3010, "herders": [[1.689291229368586, -3.6419063281360637], [-2.356187159625604, -2.7422841726117437]], "targets": [[-0.6131725244029422, -1.6544512209174898], [29.917236336070477, -20.927717549358565], [-0.4598750805938449, -2.457483102687121], [1.535472361376153, -1.505684721610526], [0.48072865982790075, -2.645013729361853]]}