{"step": 3240, "herders": [[2.1145354420621145, -0.16955658508539456], [3.776097375811811, 5.851087991849339]], "targets": [[0.5506993449017493, -1.5445820325779362], [30.1502091006088, -18.950066640591118], [-0.43130677912570603, 0.13353861370602382], [0.7853360813173365, 0.6500529645457227], [2.4111285216103373, 5.801051025828865]]}