{"step": 1978, "herders": [[-4.638950393801278, 2.6353625299384076], [1.246352533300585, -2.179173693536426]], "targets": [[2.3110741034103914, 0.3805290163465845], [23.370909901536564, -19.12413597365646], [-0.4376788575205746, -2.941637793819773], [-4.679866454978055, 0.8436833572921661], [-1.739548646087028, 4.48954927720891]]}