{"step": 1209, "herders": [[-1.1484094073592597, -0.3721272470868549], [3.036626427574736, -3.3115615291024496]], "targets": [[0.6733697717224685, -0.986507841803353], [19.378735238888552, -19.056582302138644], [0.32886290247591743, 1.0099929899570328], [-0.011111255208544266, -0.0742860725534673], [1.2511832836115928, -2.432000518625046]]}