{"step": 2693, "herders": [[-2.235826875062904, -1.9267109835234972], [1.0036103490851764, -1.524080740490534]], "targets": [[-1.4249853355970452, -1.6725226991356004], [24.0683833328892, -19.271475280659764], [-0.8507296701287453, -2.536039995059376], [0.1511960576063986, 0.02109893072039637], [0.621656074696295, 0.1638907990481577]]}