{"step": 3261, "herders": [[1.3152416033040477, 1.7597524624969143], [2.17705621479302, 6.279415023387984]], "targets": [[-0.0071037158954977905, -1.2126781857398417], [30.1896271883705, -18.95755306660197], [-0.893219275730423, -1.03955867925351], [0.6485526222383777, 2.1734047737450886], [0.9176391149917772, 4.953264616760549]]}