{"step": 2055, "herders": [[-5.630545572931353, -0.16346331714115572], [-0.8788317366940879, 3.5461426172227077]], "targets": [[1.1016523344920612, 0.2202123384853481], [23.822647536709614, -20.619300892316723], [-2.4433065222531893, -1.8582479792922066], [-3.831493594891714, 0.19103108961697357], [-0.2892894229044974, 2.0990690708424333]]}