{"step": 1741, "herders": [[0.039999418734002146, -4.9434726538656815], [-2.650110876029626, -0.7904064414211445]], "targets": [[-1.6304568169689475, -1.7499098770222594], [20.18324714942441, -18.37759166703379], [0.9962209845372281, -4.023971020749163], [1.9898164851146989, -0.8011462137014692], [-0.43438671895696773, -0.6235684092632681]]}