{"step": 427, "herders": [[12.76245961508366, -0.44715842071479095], [-5.575789676262656, 6.143860428222282]], "targets": [[4.134105210715299, 4.313791101547398], [24.073797359557588, -19.803993031694255], [10.768518652767472, -0.9560915362031214], [6.668055948601874, 5.45592824947784], [-3.8862824108008223, 4.794301337695657]]}