{"step": 710, "herders": [[6.738032567958936, 4.665451807264791], [-6.464175616445393, -0.6411159840764792]], "targets": [[0.11896662689326315, 6.138269790053592], [22.46466694441215, -19.343770404426756], [3.311758983256941, 0.3809483570556603], [5.858605309202761, 2.888250188840254], [-4.868979470200142, 0.3007149624046156]]}