{"step": 774, "herders": [[8.522159268662174, 1.9689526076168344], [-0.519107519812606, 5.954960217468499]], "targets": [[1.0037592742225352, 5.4817937386065285], [22.0983102223354, -20.109028237353932], [2.1627696228241096, -0.7772006179074233], [7.3250865430923495, 0.2131281134502347], [-4.437538900485794, 0.7881385236887211]]}