{"step": 2743, "herders": [[-0.5654501383851791, -3.221210224450124], [-4.559408825584672, 1.6252473140593182]], "targets": [[-0.5547775027319128, -1.2256124785370994], [25.129187186671476, -18.191464798682933], [0.1538063328214104, -1.2457523809106648], [-1.515985355171149, -1.3406142527167604], [-4.17906003236498, 0.31245074788469573]]}