{"step": 2585, "herders": [[-2.0267451199675666, -0.8340323380084576], [1.881592891102791, -3.2995126279346594]], "targets": [[-0.964086881684505, 1.1151832247418674], [24.505701571266663, -19.787264192222448], [-2.379486147877444, 0.49710166731560523], [-0.0022932197164093615, -1.2705501490978186], [1.0011466026290807, -2.3077903918351783]]}