{"step": 3129, "herders": [[1.7265279101016042, 1.331434414100007], [-1.7926221378885911, -1.3346145294463956]], "targets": [[0.4427938609893067, -0.547112223348148], [28.25633206078173, -21.04478542824779], [-0.08676613915847947, -1.4152568055552541], [0.7569774708022009, -0.392564000569429], [-0.5325012447799102, -0.24214072883476373]]}