{"step": 604, "herders": [[5.207811397916859, 7.80995125284229], [-9.770661315267768, 2.09814477482551]], "targets": [[4.128436402300048, 7.079311423082457], [23.78372171151506, -18.5834455507109], [6.119159809511482, 0.2927275180453242], [4.91985108631919, 2.5875853176434713], [-7.781604800047599, 1.343862514321091]]}