{"step": 2136, "herders": [[-4.231786171356291, -0.10608736656170165], [-3.6905409400840954, -2.307245359541231]], "targets": [[0.12148511310564647, -2.333560931101627], [24.007769507501592, -20.44931644063481], [-3.269123173596637, -3.4616988907347377], [-2.088322972817083, 1.3664394254755492], [-2.059683132114489, -0.882255462522292]]}