{"step": 1182, "herders": [[-3.178048348685177, 0.4173046247550578], [4.665266536922053, -1.4263624952975524]], "targets": [[0.33128187290418887, -0.9796319382866343], [19.990786076168494, -19.045884354263908], [-1.312061008189249, 0.17239509518970692], [-1.2072323214940117, -0.19921077136226664], [3.2550862879784708, -2.028157721153276]]}