{"step": 900, "herders": [[4.84354539768065, -2.0186165758902774], [-5.97908519884097, -0.8634581567956782]], "targets": [[3.611100853559062, -2.6597231087277584], [21.846314046303647, -19.157972183570774], [1.480825957011763, 0.32866067840656343], [2.4079483703068747, -0.09443545191256009], [-5.9975528799068725, -1.4153796158878496]]}