{"step": 1813, "herders": [[2.6893787786595884, -2.5809533433304095], [-3.4157406805309836, -1.2908500913612315]], "targets": [[-1.2584290676301177, 0.0893114774061127], [20.366722703513133, -18.528773842018328], [1.3225826346336993, -2.2836136872946744], [1.6779904253425224, 0.668747676819705], [-3.233345519176962, 0.10410186493463128]]}