{"step": 1654, "herders": [[1.9378355840464818, -2.392238782021375], [-2.7643841304501757, 0.44241335198473125]], "targets": [[-1.4185302752216173, 0.9416185310524895], [21.343538052236372, -18.768706248689814], [-0.6357258903767884, 0.15003996639426337], [0.3987472690902231, -1.5345669051351905], [0.6715306490155867, -1.3254779461136112]]}