{"step": 3617, "herders": [[-0.021686525890197622, 2.2356571626322137], [0.9896565161634534, -1.6910612166653367]], "targets": [[2.062896361004565, -0.41192419249955536], [29.314388817877965, -16.345657476729752], [-0.5585127170264005, 0.9255688419867978], [-0.7632499589475359, 0.14708393031702421], [1.1577278086453393, -0.04817401966297634]]}