{"step": 1227, "herders": [[0.8931412053684851, -0.3363753189596942], [2.368299180905904, -3.5209018409354007]], "targets": [[1.5480772197059887, -0.8136436552850757], [19.009207839421613, -19.850103698742707], [1.2334898156481184, 1.921687789079898], [-1.8701364483389076, 0.4045271340193205], [0.6904383700383735, -2.1667475591054086]]}