{"step": 3797, "herders": [[0.7621404713010717, 2.978910453115244], [-4.354458999176289, 1.7286589185454884]], "targets": [[-1.7196857821225646, 1.5762149415718842], [25.28005154962253, -15.087867535366536], [-0.3880918196610154, 0.846420424362725], [-0.8903470770458455, 1.831511685090195], [-3.1535867122273085, 0.7745390591159833]]}