{"step": 1434, "herders": [[0.947217599858751, 5.588470282159287], [-0.7459664783376524, 5.704745258426348]], "targets": [[0.44293124971508363, 5.028502347638742], [18.496006816483025, -17.99975905909912], [-0.1368563346818551, 4.197592108697648], [0.19214138841716533, -1.0947443073207608], [-1.558215781831995, -1.7151151617069138]]}