{"step": 2816, "herders": [[-0.946996194757954, 5.211748972229621], [-2.824302277637224, -2.143778190717459]], "targets": [[-1.8019265472855523, 5.263061490426279], [26.918034249548434, -17.301133880312467], [1.314619907513179, 1.2224209918216569], [-0.962136862017575, 1.3514280040848785], [-1.6978617251761183, -2.107022677372154]]}