{"step": 2058, "herders": [[-5.527060572783257, -0.0598815383621899], [-0.7495764802562552, 3.5176177399053676]], "targets": [[1.204719766193997, 0.5070883546497668], [24.081643341817482, -20.27852013256444], [-2.0278258064604238, -1.6324464149196638], [-3.395577660719258, 0.007501198041652779], [-0.12217433958068244, 1.3903132417928807]]}