{"step": 3551, "herders": [[3.187292977240064, 2.190191504294234], [0.8800510465137088, 3.221004183814671]], "targets": [[1.3895435676016508, 0.9174033031090769], [30.688698519277878, -17.38897713866701], [1.5970090351165542, 1.196706774244919], [-0.7680486721259332, 2.0345628758379064], [0.7897134072278156, 1.0407271019859183]]}