{"step": 780, "herders": [[8.515635762300246, 1.1868031452750867], [0.2332197369247348, 6.310172067000664]], "targets": [[1.0747627094586325, 4.980980821691716], [22.625468900066924, -19.3414287754738], [2.4509156486855717, -0.9376335339761744], [6.8258867038557165, -0.21960111803953392], [-3.937363684231089, 0.8295043895844262]]}