{"step": 1280, "herders": [[-6.014173652194855, 0.33067032928457407], [4.473207023053114, -0.32781270159244735]], "targets": [[3.442241099297727, 0.5625825026461105], [19.972640456228564, -19.32587387013427], [1.4386045820331037, 2.940473297864608], [-4.3366865646458255, -0.6478185576427694], [-0.3516487374339318, -2.677742692000794]]}