{"step": 1023, "herders": [[2.8654779047806787, 6.224060243100667], [4.517842764485187, -2.881046053188152]], "targets": [[3.9490711339774336, -1.5491639982561283], [22.058637306990473, -18.521996180414114], [1.8303902842351478, 4.266238837126409], [0.7309291339149511, -0.021761111398070798], [-1.571874391090974, 0.46888723816669114]]}