{"step": 424, "herders": [[12.803434447764946, -0.32221919542955624], [-5.67762797733727, 6.1651492203285]], "targets": [[4.04996137635493, 4.187320981724928], [23.73909112167353, -19.84432671867943], [11.036602600740526, -1.0174484288394046], [6.901518996311558, 5.713799218430552], [-4.040766502589314, 4.868948419458425]]}