{"step": 3126, "herders": [[1.6149490985822723, 1.6142820851710675], [-1.972708428308812, -1.0953246705464648]], "targets": [[0.3299217149261441, -0.6449989252589393], [28.22119565271149, -20.892023331373053], [-0.35837074293156823, -1.2487857415455208], [0.8686368952503773, -0.09993233423407179], [-0.08422209128146382, 0.1562298422052084]]}