{"step": 3932, "herders": [[4.1321989406591255, 2.1075258263708276], [0.717702161791089, -2.3295098159819703]], "targets": [[1.4428337887197134, -0.8061837700188031], [25.03897418612409, -14.840702355570091], [3.0327508798979386, 0.7712468745243892], [-0.5009190652059976, -0.3528564402231044], [0.029317191470386847, -0.18031381006514774]]}