{"step": 2822, "herders": [[-1.5445941169596493, 5.679618557417037], [-2.671570569025134, -2.6247948252974975]], "targets": [[-2.7211667439062244, 5.000891852247357], [26.903884763127987, -17.11226942008456], [1.3179885393366726, 1.2951048727433037], [-1.13885773939745, 1.4967786025865422], [-1.3546945351188784, -2.2387549034395584]]}