{"step": 215, "herders": [[13.172181906481407, 4.707591616831262], [-5.885200732774035, 12.859971352367676]], "targets": [[4.330925956930811, 2.915109095315811], [22.52144342322832, -16.567723626458495], [11.856590469156279, 0.9876500570823457], [11.152557239679819, 4.625696451824603], [-5.5611548196633125, 11.256640521633644]]}