{"step": 3206, "herders": [[0.49664298624254544, 2.733349499761874], [2.987390980197919, 1.4218478016377691]], "targets": [[0.5249774988865279, 0.8338984261118753], [28.316855773092374, -19.23600686634219], [0.29423142787340306, 0.01930137680757868], [0.22589893474157027, 0.38895865758726206], [1.86259927653798, 2.2845182106689035]]}