{"step": 1540, "herders": [[-3.7677285149009894, 2.517105055598476], [-3.423184664761775, 0.29567845984192453]], "targets": [[-1.6527964425512427, -0.3938076287854772], [20.06767601324249, -18.855346789091328], [-1.7645882932226713, 0.5417692941427644], [-0.25122809067103635, 0.4809158667105969], [-1.062042369865192, -1.5753930745060925]]}