{"step": 665, "herders": [[1.5751999898476365, 9.291616770930577], [-7.546433265922865, -0.9794011070875956]], "targets": [[1.3704651406940318, 7.101578972661757], [21.588199311106322, -18.333654374268438], [4.638733485793294, 1.7150000815069237], [5.1214835515726564, 3.616779131100223], [-5.642780652322041, -1.1834296766438892]]}