{"step": 2219, "herders": [[-2.9106734494855484, -2.3417585047329124], [3.2484539765141003, -3.079206520479663]], "targets": [[3.1552510048453764, -0.8277522700331856], [23.92488116433494, -20.378487460632662], [-1.6848935766199222, -3.3152748183806158], [-0.36387004139131235, 0.36132754883489276], [-0.043259637897992045, -2.115694952445904]]}