{"step": 3062, "herders": [[3.343085563902415, -0.2600697559208911], [-1.416239584988337, -2.6418906934260526]], "targets": [[-1.6402185968208258, 0.9971947946727107], [27.646794845680567, -20.571679460867305], [-1.5051844360553681, -0.9167748003175786], [0.12801265090618028, -0.19700300476499177], [1.7041913800699846, 0.46742166490156156]]}