{"step": 2262, "herders": [[-0.3780751259803412, -4.156271314877866], [1.92873961551069, 2.2666719044313344]], "targets": [[-0.4798875601329553, 2.414802721847601], [23.6722753412307, -21.095850551401863], [0.4496974253468692, -0.7196724725943571], [-0.6620032929214575, 0.37832007747082486], [-0.4424361599898349, -2.3037599307636834]]}