{"step": 1174, "herders": [[-3.3897102855943846, 0.6687823195469689], [4.649472518613859, -0.4747718446698182]], "targets": [[0.2568444412412043, -1.600515754520005], [19.567790152770808, -18.437685931027886], [-1.6483092639106902, 0.6197310197102727], [-1.4628242249842707, -0.47710345005239124], [3.4955831021581547, -1.529787681065338]]}