{"step": 819, "herders": [[7.639017954303868, 0.9087893566535021], [1.8948602688166911, 4.55133619336833]], "targets": [[3.2134365226004076, 3.4309535730169114], [22.167935163006465, -20.15674550224336], [3.9227208238793962, -1.7724777801548717], [5.381427777910102, 1.4714272090527152], [-3.788374406690484, -0.7040405773965259]]}