{"step": 636, "herders": [[3.128729400270389, 9.043142034556864], [-8.70777427450407, -0.36006890669380215]], "targets": [[1.7871805975708714, 7.914892542725451], [22.94069727271083, -19.558348525450825], [5.138067665767853, 1.3008967846318449], [4.586203708170856, 2.8984221985823346], [-6.602296336628971, -0.49071987610145834]]}