{"step": 2246, "herders": [[-0.5674935773178607, -4.508553178762978], [3.2639648837544555, 0.2946075098219193]], "targets": [[1.4924778074830605, 0.9431228941332697], [24.293197204597323, -21.048489974288483], [0.40582477150251395, -2.938720074261944], [-0.7565889250647116, 0.9539847597567375], [-0.09977699282829566, -2.27600846509334]]}