{"step": 2176, "herders": [[-2.3471650049596526, 2.440563419556205], [-1.9386232501908913, -4.941023725971262]], "targets": [[0.9618023139596082, -3.9932264967202844], [24.95866529198455, -20.916577732249696], [-1.8521946446576394, -3.0288627051156674], [-1.0588513703317033, 1.4291789237860018], [-1.0698463191413938, -0.9267713741444797]]}