{"step": 2504, "herders": [[1.532082560893602, -6.111752116256975], [3.5269264685620665, -1.0020985000137272]], "targets": [[1.5179994199345037, 1.6454382933232972], [25.039528754166064, -20.71007983401796], [1.9436839493329388, -1.7085212458524164], [0.6301629555020893, -4.659565531972195], [0.2786748751777933, -0.24245286016203094]]}