{"step": 882, "herders": [[5.283637926371804, -1.2359197354943605], [-3.2169553774889565, -0.08832563405406067]], "targets": [[3.634320943430216, -1.2239933246330166], [23.23874813205733, -19.010986006481904], [1.8808438018299833, -0.27661737577731776], [3.5579480901568226, -0.39484456699614046], [-3.5718515075145145, -0.7718182882365581]]}