{"step": 64, "herders": [[16.960017631261874, 2.7168872893825493], [-7.545246915842792, 16.546029387777253]], "targets": [[5.809327177239029, 0.11368113284744902], [19.576125422985452, -14.640447924164325], [14.175998410667559, -0.27237616924315927], [14.925016159643377, 1.9429153090606246], [-7.19892792318745, 14.878613722884117]]}