{"step": 1113, "herders": [[-2.275100693812229, 3.597571262310117], [-3.6647628468049502, 2.018564115765127]], "targets": [[1.1209481488891297, 0.17871753516330774], [19.57595513238963, -18.183099607696597], [-0.6046191158296, 1.1820057259180012], [0.8500040830713285, 0.6571465500343974], [-1.653390625968926, 2.2950963475136525]]}