{"step": 3201, "herders": [[0.465857094434781, 2.9870983861853184], [2.6001421706515386, 0.3978810199839477]], "targets": [[-0.03389905032502638, 0.9870444732094954], [27.780899196911705, -19.03757218959761], [0.43143020781308866, 0.05741935004319709], [0.037107509602917255, 0.49601133247935997], [2.2041404376917444, 1.9837996487999385]]}