{"step": 2170, "herders": [[-2.692868728248957, 1.8777974652999831], [-3.211699580082231, -4.87634486008864]], "targets": [[0.8412741947210491, -3.1665720870468097], [25.120538805456604, -20.611331943625586], [-1.8626278212469138, -3.6384609371710113], [-1.023992708565107, 2.266570848903225], [-1.6644986557927686, -0.5526871973393379]]}