{"step": 1521, "herders": [[-3.245875861352352, 2.963655598349723], [-3.6837871221956093, -1.2341745603080572]], "targets": [[-0.9576611684501976, 1.2383030227680516], [20.653928344236743, -18.754037619450656], [-3.1443264928079704, 1.9790318381447958], [-0.4391466436716308, 0.8592387875130802], [-1.5056666669822993, -0.7668235185608188]]}