{"step": 3924, "herders": [[3.7421120637101923, 2.6471273316667356], [0.592336826815131, -2.71838259942733]], "targets": [[0.5453387199503408, -0.41617028627985747], [24.32956237592285, -15.00783618651216], [2.7049811519459843, 1.3745992806916942], [-0.7612254605595876, -0.6004024280802602], [0.3418884409245452, -0.8881708104684114]]}