{"step": 1622, "herders": [[0.8088942440564285, 1.9668069330330655], [-2.3057944545777103, -2.6377805964410665]], "targets": [[-0.9484370576979698, -0.6571657741060974], [21.92811493244472, -17.296654459849567], [-0.07545944677087633, -0.14813540844078021], [1.6199992516595643, 0.5655386182288402], [0.8403551878765765, -0.8281729041341235]]}