{"step": 1298, "herders": [[-5.527736424514057, -1.4880194182971413], [2.6389922213742913, -0.935325699649477]], "targets": [[2.4077427163973115, 1.8335976385842088], [19.746044106016193, -19.073904232690023], [0.8668093484619357, 2.834860844426508], [-3.7868182160544266, -2.102473874661692], [0.7068744838426834, -3.967344521049404]]}