{"step": 102, "herders": [[15.693521032796703, 0.8094238378869875], [-6.627595952413022, 15.711799066854905]], "targets": [[5.331742360305384, 2.2326051771421773], [19.052910867564812, -16.040614584355914], [14.048498115181483, 0.2475798342401172], [13.366794990761349, 1.1662000155380057], [-5.425499433570237, 14.64677595705505]]}