{"step": 3637, "herders": [[-2.290892410372032, 0.46154609917238565], [2.8751291681410835, 0.6906793596909497]], "targets": [[0.9035539607604665, -0.12815635724631463], [28.496605389559377, -16.603027131553407], [-0.0006020323413733486, -0.6570757032170043], [-2.1371900441714313, -1.4040988273656607], [1.5119397691954388, 1.364191058549891]]}