{"step": 3409, "herders": [[-0.3679306244212176, 4.117778783847326], [3.5328519539678207, -3.4167412796909034]], "targets": [[2.172200748729821, -2.0288018841874877], [32.419361407852776, -17.554131333015437], [0.10176462933230568, 0.3022302685520806], [0.853008575378677, 1.7753846465971954], [-0.28041311544276065, 2.1518987305052484]]}