{"step": 3389, "herders": [[-2.389497505673448, 4.313384421939226], [4.526017388508849, -4.456769851608172]], "targets": [[2.827849875561648, -2.763311836056757], [32.6210796107086, -17.7924321909218], [0.2590239235373601, 0.9314805435988363], [-0.910118376070721, 2.889420453432427], [-0.9260956772444651, 2.1531180253787685]]}