{"step": 3819, "herders": [[-1.1083680312111726, 2.9528680943545895], [-4.006290089250931, 1.3198939373814058]], "targets": [[-0.8645790885345599, -0.09317279525207328], [24.323050088802223, -14.6698116845432], [0.19377182639485277, 0.37311945069065827], [-0.9264540478871737, 0.6912610247092214], [-2.2058302030148536, 0.5755404759551209]]}