{"step": 2324, "herders": [[-2.2706843406845407, 1.7087714731725456], [-1.4732584678458298, 3.9094489174241778]], "targets": [[-0.6205578638588074, 2.1687730493181374], [24.066714338498358, -21.343882164339174], [0.7377722883053403, -0.6793897356421804], [0.03820449684027799, 1.4695179967121876], [-0.6437090819469041, -0.2857728746041979]]}