{"step": 2305, "herders": [[-2.619036981509691, -1.5068439206860544], [-1.4030377630197288, 3.897597370719581]], "targets": [[-1.0663997154083917, 2.6093465158794626], [23.328144323619547, -21.877210649297822], [0.27099468651583103, -0.5517505168411347], [-0.9525401623780108, 0.8109723087636018], [-1.3134180444192367, -0.2587941293528823]]}