{"step": 353, "herders": [[12.625137744782458, 2.8597196394527815], [-2.8568578680545795, 9.524861454443398]], "targets": [[6.255125696185889, 2.532408916301355], [20.366232927849296, -17.745961720189577], [11.426343628807464, -0.8251565264909391], [9.70733555508414, 6.766595846994635], [-3.2705222716299365, 7.26299235908661]]}