{"step": 657, "herders": [[1.9652334640587021, 9.317533885945], [-7.797229588375588, -0.9003093137247785]], "targets": [[1.1244879546895317, 8.205116979401184], [22.185119091641884, -19.029882972081626], [4.281200789716201, 1.6521069846577443], [4.772360515491219, 3.224463616249707], [-5.82969021178346, -0.6571182638955816]]}