{"step": 824, "herders": [[7.1371264005283575, 1.2991989135291138], [2.847925748779349, 4.626102713257544]], "targets": [[3.5353238418486055, 3.8159910305437683], [22.71621027325004, -20.040574468229057], [4.059409342977114, -1.3156519024410331], [4.4562302852578615, 1.3117259105768542], [-3.7184108595577343, -0.656324986412496]]}