{"step": 248, "herders": [[13.976013089079155, 2.6077784053887076], [-4.910259600787703, 12.318000005205914]], "targets": [[6.37775188120769, 2.5695287266933007], [22.47224852387517, -17.25932456513276], [12.80773577691421, 0.5443174781913045], [11.781417796653647, 4.9849848179731575], [-3.271547798773678, 11.402670986186529]]}