{"step": 3589, "herders": [[2.3152154737875175, 1.3054318848614521], [-2.5014361255025372, 0.28975600611397656]], "targets": [[0.6698290075213686, -0.08899980037899669], [29.819311622567376, -16.192935647233963], [0.3265133253677224, 0.46068535386421416], [-1.2855123517726967, -0.7382201187373427], [0.9897129356951164, -0.05926494507788116]]}