{"step": 396, "herders": [[11.756327297396023, 2.1796154304149127], [-4.120074204132041, 7.726647426398248]], "targets": [[5.711953407608892, 3.631789866855252], [22.42425884121386, -19.01435421366005], [11.477312096334598, 0.2620240024046021], [7.4766276789242285, 7.246652081839235], [-3.8778321127864777, 5.6220419672542565]]}