{"step": 3505, "herders": [[2.9229624057671098, -1.2655361776596636], [1.8663880602175746, 4.105953390879627]], "targets": [[2.159323496775993, 0.9278809162804619], [30.42884097393559, -16.61069908242848], [2.3455364584896246, -0.02289056940158291], [0.8472338109120365, 2.573119110220599], [1.1991950611330562, 1.5760557177564998]]}