{"step": 3257, "herders": [[1.5943985682187802, 1.0128540694112274], [2.4642967821724504, 6.2958678810144315]], "targets": [[-0.060990932682605664, -1.251186601392647], [30.0133440791948, -18.64028964066043], [-0.5207156952193843, -0.44406436782984376], [0.277762587386206, 2.1498359581561166], [1.1766323333786748, 4.88633746452484]]}