{"step": 3450, "herders": [[-1.752821486268223, 2.9866798824688057], [3.570801508764718, 0.3197969170238812]], "targets": [[1.2771860692357109, 0.6690776579114581], [31.137721260145007, -16.842256593264953], [1.4460180057982868, -0.7128773563602582], [2.835376050999391, 1.447020261987491], [-1.449254007494057, 1.525948693168076]]}