{"step": 3531, "herders": [[3.2604285677931046, 2.252868025890822], [1.1867107221056286, 3.5708912796678147]], "targets": [[1.8458460654197435, 1.982046448929758], [30.88300298212215, -15.722851447732705], [1.33762483642373, 1.8921113088906447], [-0.5918466900676959, 1.8529871976406933], [0.12896746749927135, 1.2658889185137974]]}