{"step": 271, "herders": [[14.20663633183502, 1.6371929120318518], [-3.5432328044974635, 12.569906138822862]], "targets": [[6.9977795576735025, 3.820503641132599], [22.229386531581525, -16.776283912089735], [12.884668593387401, 0.33712388241226837], [11.955397875128481, 5.445162467213941], [-2.7759321853742303, 10.378737915541777]]}