{"step": 1829, "herders": [[3.064809621287552, -0.561072796860886], [-4.281221813540393, 0.36397559242084143]], "targets": [[-1.1690591364020733, -0.16902641204323482], [20.1242823229002, -18.335835425189856], [1.0751943444360577, -1.2342069543859624], [1.92270385575081, 1.276271066631248], [-2.9636652404785373, 0.850076095222406]]}