{"step": 3193, "herders": [[-1.0779981933782288, 2.551041940117863], [3.1122919678890475, 0.08001238980704226]], "targets": [[-0.4877530725695757, 1.545189733336512], [27.828872220467005, -19.489822250917385], [0.8905957701850999, 0.28130656342988114], [-0.3591898320407515, 0.2928214895125347], [0.9580580615734519, 2.073936132249756]]}