{"step": 1681, "herders": [[1.8837449321335937, 0.5032814497940722], [-2.344771388070152, 1.2492697486712583]], "targets": [[-0.5646689457459074, 0.8054785751568645], [20.806049867729005, -17.66144188876633], [-0.6264267573729434, -0.619977388238764], [-0.02095748999854738, 0.8262639514319705], [0.9011043948370915, 1.4520956207935334]]}