{"step": 1698, "herders": [[0.6390656429621043, 2.1680745582843515], [-1.365692354157202, 2.285396855698344]], "targets": [[0.15819067792128053, 0.4167142232434121], [21.433459646894054, -17.778298800563203], [-0.11502285493701733, -0.40046550145238635], [0.2583758388521146, 0.5051300808270762], [-0.8003688214680098, 0.967047243406356]]}