{"step": 3555, "herders": [[3.077464623662301, 2.1403665064442245], [0.27989383564531733, 3.299609039484034]], "targets": [[1.3566652472524772, 0.47592120132946564], [30.981584534191423, -17.17467637322559], [1.7153841677940092, 0.6961700775940198], [-0.8080711119169953, 1.6423546083998617], [0.9715571131447229, 1.5203434684407553]]}