{"step": 3749, "herders": [[2.575367125472807, -2.0806810927171333], [0.9499224644976595, 2.6616536352792406]], "targets": [[-1.5739898306322564, -1.1276926389777004], [25.46048772063757, -15.66000554817341], [0.18130437983344436, -1.0294219462999015], [2.0579274732890918, -0.40597783206207755], [-0.4794693444899061, 1.9776906657672204]]}