{"step": 2909, "herders": [[-4.539080488571309, 2.3108401416347215], [0.40192316558662805, 2.6755623694629795]], "targets": [[-2.5455142634219516, 1.5141018569550322], [26.95759228208372, -18.602210974858142], [-0.7924800408629222, 3.00778712309515], [-0.305591313664463, 0.008723105283745813], [-1.3040328848717437, 0.2614011729370316]]}