{"step": 2729, "herders": [[0.4042362182732775, -3.8009489999918387], [-2.7368680499315365, 2.2310198510869927]], "targets": [[-1.3257620326946071, -1.0647114706947562], [24.90940377792562, -18.572295271450017], [-0.2670129063273681, -2.1003488480449115], [-1.1790570986369087, -0.8508385604656611], [-3.241622951791898, 1.5158855723517364]]}