{"step": 3299, "herders": [[-2.0037928991548752, 5.585964631159541], [-1.529743936820728, 3.329936909530348]], "targets": [[0.6658840859566203, -2.459103774433927], [30.808635263517907, -17.886280796901286], [0.12464462285755956, -0.43751666978750314], [-1.8600942451322533, 1.5566502784015208], [-3.5049508484539222, 4.505213318296084]]}