{"step": 3567, "herders": [[2.8355894202484273, 1.8302080195795538], [-1.02357141619098, 2.8815900873595637]], "targets": [[0.7806941748618084, 1.1481428529492699], [31.020478702127853, -16.933209335294183], [0.6687452139458412, 0.6376864563018394], [-1.1870468228120354, 0.855542473985383], [1.1634188863217187, 1.2364165184133369]]}