{"step": 3548, "herders": [[3.180917843487219, 2.1838768281016305], [1.2021224013305734, 3.17961959325979]], "targets": [[1.5040706508074744, 0.6997827600211413], [30.9278993085958, -17.25278572786142], [1.9891236564597787, 1.373615790353655], [-0.5493282230694965, 2.0086485053883862], [0.6755183149028823, 1.0689576931050215]]}