{"step": 1580, "herders": [[-2.06453137454343, 1.8508878865700744], [-0.2338551462040686, -3.865957354178473]], "targets": [[-1.9926441847760923, -0.9066358850323921], [20.241807007270097, -17.351971694080557], [-0.5543904104400883, 0.6830530535347745], [0.3911518705023712, 1.7536804073767394], [0.2575277904716125, -1.8265715399032947]]}