{"step": 2863, "herders": [[-5.191762322585028, 4.17857762389709], [1.2571375522120145, -2.403208143814092]], "targets": [[-4.114300525791652, 2.657872579784636], [26.276958231891573, -18.07203187565814], [2.6436680116808344, 1.3103796231546783], [0.3777627652467688, 0.10679080683498032], [0.8692971630325012, -1.9932878751738667]]}