{"step": 2019, "herders": [[-6.751812058640308, 0.3500808258783402], [-1.7282360883573318, 0.0026286560410829773]], "targets": [[1.3509638534857453, -0.24334185595613822], [24.827662605738876, -20.338983456565384], [-2.2191259767610534, -0.5073399410913325], [-5.080491427603322, -0.7751665240165944], [-1.043898955256542, 2.6746592512011946]]}