{"step": 756, "herders": [[6.924788945778301, 3.8068923197220483], [-4.551714050950971, 2.0399281079354354]], "targets": [[-0.12324481409506184, 5.735628730194797], [22.964181365616557, -20.307439371322285], [2.370774408243864, 0.12555396637413396], [7.751770086150878, 1.541034211850531], [-3.4925913031044726, 0.5462990380062979]]}