{"step": 2701, "herders": [[-1.4385634647996213, -3.0681320002758024], [1.5654573714788094, -0.8219050962884361]], "targets": [[-1.1280335840115114, -1.1074001706148697], [24.277812215715368, -19.020788308460368], [-0.1047141747159181, -3.3089279001455285], [0.5971591187084108, 0.2704663345892773], [0.16520744493943695, 0.8610689477794906]]}