{"step": 136, "herders": [[14.558261782190144, 1.2782228428702005], [-5.858766917293721, 15.755603418091289]], "targets": [[4.795617741851357, 2.5197419608165625], [20.947621114158597, -15.54360144104227], [12.97370029592179, 0.21421911568809146], [13.049884091874823, 2.272119717102578], [-5.7025080888302915, 13.894550683609886]]}