{"step": 2065, "herders": [[-5.2544808148819175, 0.08887624352342073], [-0.15864202312653575, 2.9677573970602196]], "targets": [[0.7352201037584327, 0.9125521162613336], [24.207613112783726, -20.17122382985894], [-2.318144526911057, -1.8468431949775062], [-3.575195197280833, 0.2558189318121015], [-0.2613611899485938, 1.4494993671200087]]}