{"step": 2003, "herders": [[-5.7841337451927215, 1.9268477508787423], [-2.061917348720078, -3.5475887510266113]], "targets": [[1.579590005064542, -0.5940152207426994], [24.07166994353017, -19.756335291195942], [-2.1510878920812844, -1.6699613914206264], [-5.537333637531046, 0.5941583253038514], [-1.2773798911047072, 4.178293477294614]]}