{"step": 1396, "herders": [[2.7541759106058366, 7.678371268470526], [-2.623796646267605, 1.9602758449132598]], "targets": [[2.0364667724667447, 6.114611758681122], [18.213706489076337, -18.71378625790856], [-2.5456950837259678, 2.976983440989249], [1.3838750788404368, -1.8861957497497437], [0.7518786145524441, -1.9949107605189962]]}