{"step": 3664, "herders": [[-1.7922317152763076, -3.7294671748137365], [0.5691233802402944, 3.466452317779958]], "targets": [[0.6321641326551496, -0.9082054689171051], [27.38711375615366, -17.601544567288652], [1.1538730607622876, -0.504437620568121], [-0.3232271381592646, -3.2117495078870855], [-0.3139187490100748, 2.403474492305679]]}