{"step": 2056, "herders": [[-5.5854086403519805, -0.09908499501621817], [-0.8211190713972732, 3.5519747493380844]], "targets": [[1.1888162845843109, 0.34282279552954453], [23.836485573283284, -20.450557434149044], [-2.348880237121057, -1.7830678725874962], [-3.6971523574963, 0.11545291742364139], [-0.1896343563273659, 1.8309095180144346]]}