{"step": 3625, "herders": [[-0.8834126666609471, 2.157523557861381], [2.171248169965039, -1.080822859552332]], "targets": [[1.522622347594626, -0.2296964415941815], [28.806683285021673, -16.551330343171855], [-0.850387280509016, 0.6501873754157937], [-1.6546615556711566, -0.0874744696505685], [2.1874292977712546, 0.3362846272646087]]}