{"step": 143, "herders": [[14.452174550012876, 1.399667434870211], [-6.0369736235393034, 15.454889322871875]], "targets": [[5.010795465026498, 2.760928213769666], [21.00745975018372, -15.911232240420494], [12.358214337215115, 0.5505341546628109], [12.012364777836945, 2.9533296433097647], [-5.56539053953314, 12.826091341179676]]}