{"step": 790, "herders": [[8.188053423202193, 0.3790180615231761], [-0.09794484054928487, 5.2959106683351465]], "targets": [[1.0175633747674693, 4.2240021931832015], [23.35853624709962, -19.14484313133873], [2.433862422981759, -1.7937897534361185], [6.556678692731688, 0.24969155213185162], [-4.174511653484369, 0.6899330087589739]]}