{"step": 3042, "herders": [[2.157918749521792, -2.347606303937963], [0.05446426789756547, -2.9149010091161798]], "targets": [[0.29661011812797006, 0.42850755106617094], [28.839140404982047, -20.407640979279183], [-0.026487755063611437, -1.315398644494875], [0.7822237575461287, -0.8432475149304326], [2.077593275795963, -0.6635759342803276]]}