{"step": 1686, "herders": [[1.7003632495061165, 1.4461447223684796], [-1.9440232355348992, 1.6588479280613064]], "targets": [[-0.15534279556285835, 0.6960529647338596], [20.336772743614706, -17.727607951406096], [0.30934234066499694, -0.40977114925089575], [-0.45777114262547186, 1.3465131276190023], [0.30400107342373733, 1.6585914072555508]]}