{"step": 1421, "herders": [[1.887836010642716, 7.107694592101871], [-2.010374593196833, 4.729297736359778]], "targets": [[0.5165874996978708, 5.758678705098656], [19.16647606122524, -18.675262703822714], [-0.9763095092780081, 3.6886585017091056], [0.7655329588734153, -0.22670345398974828], [-0.01729677942598093, -2.599653377572117]]}