{"step": 1682, "herders": [[1.8549868346379546, 0.8367841941432734], [-2.206913037035763, 1.366938597038874]], "targets": [[-0.29599791911413104, 0.6684327526002719], [20.74226188248269, -17.780964402785173], [-0.5222259211026491, -0.9091656156113477], [-0.442441497935974, 1.0123381844689123], [0.9627978171571132, 1.5955906766165724]]}