{"step": 2250, "herders": [[-0.14934591799436742, -4.4767441129301995], [3.076724350381594, 0.7497395738421142]], "targets": [[1.4419614089106179, 1.1499570210763663], [24.225150610185274, -21.06805662237977], [0.7302992592690253, -2.823365008512747], [-1.1142839339352055, 0.353063643326145], [-0.5874426408811582, -2.3794676970473057]]}