{"step": 2278, "herders": [[-0.9010213261122407, -3.540551279956444], [-0.4554059244362806, 3.8120372743482736]], "targets": [[-1.7584908052295976, 3.3025705598063433], [22.82836697899431, -20.6147410234904], [-0.009622829082784584, 0.25593594185741564], [-0.7490261116597522, 0.7981067626106181], [-1.335490848972642, -1.6019131451080573]]}