{"step": 3810, "herders": [[-0.6596678210353637, 3.389982991737776], [-4.2057276834848025, 1.56271117593036]], "targets": [[-1.3417781639710056, -0.2550362833272417], [24.883620165651347, -14.50598692911589], [-0.13565078128403793, 0.5971508706086427], [-0.8018457866895728, 1.8637528675625616], [-2.245103823534451, 1.1006241008492796]]}