{"step": 123, "herders": [[15.150857076211445, 0.45595396369621155], [-5.994187021945823, 15.840673930237216]], "targets": [[4.14421128841893, 1.8181060823432116], [20.130024709976087, -15.535204666922622], [13.129807717103008, 0.02559443931953273], [12.175551378380046, 1.6386963454108332], [-5.252813646270849, 14.838307419955505]]}