{"step": 1689, "herders": [[1.5314731381760003, 1.6993249521232474], [-1.7935073931364682, 1.8250236642504172]], "targets": [[0.029670130486757568, 0.8983249288219561], [20.35289489363796, -17.588105405842807], [-0.009882073517086143, -0.5944046780391115], [-0.30642099054114486, 1.176241179345221], [0.002634400861923125, 1.7366600417380593]]}