{"step": 3459, "herders": [[-1.7824965249698055, 2.8874692016269905], [3.61832721887833, 1.2877362483967196]], "targets": [[1.9378707701065734, 0.31387879372420757], [30.88138727714218, -17.153929987975097], [0.7576333596287684, -1.3945134833442092], [1.461267614837579, 1.6328526075595968], [-0.6619811547511186, 1.3417198944297304]]}