{"step": 1882, "herders": [[-2.9268637248332214, 4.482869028956245], [1.8288398749681516, -4.258864379508799]], "targets": [[2.8086025868615874, -2.211992599089422], [22.8228479601845, -18.90576568924416], [2.275002322503508, -2.5479433540877023], [-4.16129804203836, 3.169143613734232], [-1.1771978362257889, 0.6622087625876263]]}