{"step": 3105, "herders": [[1.428020955025742, 3.1348069868092496], [-2.8367993354343093, 0.7746769291709152]], "targets": [[-1.049736697695266, 0.9877537429830942], [27.620524889588946, -20.258757703567575], [-0.08635383113144196, -0.4346753189886043], [1.541218687410306, 0.05430029678585452], [0.4960903740579745, 1.783254610515726]]}