{"step": 361, "herders": [[12.084261868753671, 3.85717106841818], [-3.305654167637339, 9.097337491769144]], "targets": [[5.412063921678839, 3.2388467379046673], [20.95931717049455, -18.531644451219883], [11.491334542001816, -0.7726229489205937], [8.96022015361619, 7.122226630845887], [-2.880539080870091, 7.1651879232025975]]}