{"step": 2175, "herders": [[-2.3838127730366505, 2.355632760515909], [-2.491503854480288, -4.906089168983038]], "targets": [[0.8547978768818206, -3.677927380768329], [25.284664503204173, -20.573093635625128], [-1.8439250342247617, -3.015245237651743], [-1.2533072735932902, 1.7116005986393352], [-0.9278223619201684, -0.7098065351530544]]}