{"step": 449, "herders": [[12.061436361034602, -0.769510803166831], [3.406183743622035, 5.534238780348541]], "targets": [[3.925379445543309, 3.871147860885457], [24.006511636586698, -20.331567616260045], [10.405246584067344, -1.193987137346179], [7.314139780976471, 4.465034730695409], [-4.182522119976686, 4.456583405681005]]}