{"step": 1767, "herders": [[2.36829881672792, -4.013243335846151], [-1.9474463172503826, -3.049173048756826]], "targets": [[-0.9595468512338261, -1.5731568391907518], [20.156506831409207, -18.584275251556644], [0.8777810885979357, -2.6586952366017766], [2.462071612472579, -1.4714772371841907], [-0.9379344035034944, -0.5985759468354784]]}