{"step": 3024, "herders": [[1.0221548608537623, -3.918577678156574], [-0.9864380940476397, -3.2954720608137853]], "targets": [[0.2185445580560959, -1.5640367753065483], [29.705279696012433, -20.636919051141206], [-0.25293295377208724, -1.5416902031541446], [0.9763885190073318, -1.3518415227235427], [0.4702641598287097, -2.151455067216895]]}