{"step": 1304, "herders": [[-5.312608027916214, -1.995775977528408], [2.1622577904597353, -2.595218050011272]], "targets": [[3.1001398119734476, 1.52293429411313], [19.551083167719494, -18.93351824805374], [1.0008201326219504, 2.621263293545926], [-3.497273768140445, -2.486925062142985], [1.1523304821221156, -4.031114667652791]]}