{"step": 466, "herders": [[11.285405359776092, -1.1611001596320114], [7.506778233623816, 5.251860727028335]], "targets": [[3.2329161163951827, 3.465556880407582], [23.198939783903462, -18.566567966411082], [8.83243444146978, -1.144662905445222], [7.787389649463466, 3.994206602328121], [-4.778277149898619, 4.540260828673175]]}