{"step": 1075, "herders": [[-0.15717050461507387, 4.621292258762119], [-2.0592075607229257, -0.8316003021056453]], "targets": [[0.6496407825152146, -0.6496629029851235], [21.473019510836686, -17.662003928071815], [-1.2207861022104278, 2.6913362680543096], [0.6890115247753826, -0.05944471998015613], [-2.928895787018385, -0.3936557823413391]]}