{"step": 2592, "herders": [[-2.7501641486327286, 0.13866017955349186], [1.4768618655356736, -3.4175087629848724]], "targets": [[-0.4552914313851528, 1.2363777473815452], [25.115132214524895, -19.590517769416053], [-1.735051064937757, 0.8476498219471946], [-0.5642688885690503, -1.5510515307764448], [0.5337017715360352, -1.951248293977068]]}