{"step": 2594, "herders": [[-2.8000611236183666, 0.3437747251489254], [1.3947490060608276, -3.4145979242570896]], "targets": [[-0.6637354732259428, 1.1336242798199], [25.060900720145693, -19.351842949329587], [-1.8672283697862675, 1.1026906099333091], [-0.7779334437122076, -1.53149283699007], [0.2902400504833663, -1.8670957059555304]]}