{"step": 184, "herders": [[13.639444279243666, 3.482953471612443], [-6.191000964051898, 13.862961751114069]], "targets": [[4.94904079005418, 3.2520094838563454], [21.839563617795076, -16.806306146166705], [12.482524828808886, 0.9732563032166746], [11.095886640648411, 4.6814430923100305], [-5.738786119568224, 12.495543036007696]]}