{"step": 2819, "herders": [[-1.1481163644710226, 5.432315330368844], [-2.7965124636647802, -2.3134626408145764]], "targets": [[-1.7726707958016372, 4.8702432042566945], [27.017294467203264, -17.196651325572482], [0.930986861914902, 0.7505192296664043], [-0.7459947758387395, 1.6557233571867944], [-1.5465349000788269, -2.212460656668563]]}