{"step": 3269, "herders": [[0.8998110760573745, 2.7962442598914157], [1.6338181620692005, 6.363922687281058]], "targets": [[0.530623633136185, -0.9941538577840174], [30.601754467631313, -18.644860153277456], [-1.3675684905704555, -1.1651909367829638], [-0.5119436522427596, 2.4982009770858022], [0.4912109811055363, 4.808323736627279]]}