{"step": 1, "herders": [[16.600916024185736, 5.523280441628642], [2.078980348704561, 8.583304778341606]], "targets": [[6.3646645974342615, 1.124155625811247], [17.284766184851478, -15.476943263268238], [15.577478158827576, -1.0541442226840236], [17.468099700845876, 3.9669825046086244], [-6.708431113991618, 16.568447205419115]]}