{"step": 1846, "herders": [[2.3360827491840843, 2.5176777142706417], [-3.562294036739986, 0.846822636524759]], "targets": [[0.41194906607545495, -1.6560296180366194], [20.764522980100697, -17.802335639030886], [0.5065473661817461, -1.531386349279144], [0.3458705128937121, 2.813806127199078], [-1.2763940219946535, 0.18234452687421043]]}