{"step": 2108, "herders": [[-4.254569484860879, 0.941884665932791], [0.8408630389318691, -0.45513969198648463]], "targets": [[0.2986072776403405, -1.157416360807799], [24.979428366697782, -20.340214402193393], [-2.915248434433762, -0.62659475898177], [-2.159126899516264, 0.8382823628384883], [-0.9649168166008618, -0.7424528239827155]]}