{"step": 2622, "herders": [[-0.18257062694064363, 3.1481769616138373], [-1.373329700956218, -2.9210224421940967]], "targets": [[-0.092377813146402, 1.4882798697189572], [23.614751940551365, -20.55172046441687], [1.026005223470629, 2.0212579494952934], [-0.24869377869229803, -1.6366663280358114], [1.4163437998415747, -1.2397902851083589]]}