{"step": 1684, "herders": [[1.8374029110006647, 1.143250521324576], [-2.0323485113229887, 1.5199180571324316]], "targets": [[-0.40391186449005606, 0.43632104669576366], [20.35183598263025, -17.54376101803125], [-0.07612582787023192, -0.46637425875149097], [-0.6811708824194427, 1.1542836244512242], [0.5032194022641016, 1.7227161724935558]]}