{"step": 1758, "herders": [[1.654746840360875, -4.786267254263483], [-2.132089665698897, -2.830560997341166]], "targets": [[-0.8590089470654964, -2.0627173869405264], [20.31825916327421, -18.747198140876964], [1.651294315001657, -3.2133017990712793], [2.996671783806307, -1.8081650025124019], [-1.044208217006356, -0.7715018996589027]]}