{"step": 1303, "herders": [[-5.383010290082387, -1.8462656640032684], [2.243358787306568, -2.1733721311715923]], "targets": [[2.6832285622302297, 1.8731612241962339], [19.705318586613263, -18.94736547891847], [0.5869410043652236, 2.4894406272792744], [-3.6153219307239257, -2.0917931353151107], [1.217903717305354, -3.5661760033679464]]}