{"step": 2047, "herders": [[-5.844326714317542, -0.637271516432846], [-1.6541677272516995, 3.192042402592203]], "targets": [[0.6216197222234031, -0.38383795452631475], [23.946796156051217, -20.32550416447076], [-1.9689506187794434, -0.7505606167764345], [-4.06384054497039, -0.22368761929437386], [-0.2472420442463123, 2.6220895295777438]]}