{"step": 2345, "herders": [[0.5976877290664238, 0.3216507474556735], [-1.4732584678458298, 3.9094489174241778]], "targets": [[0.808905835359147, 1.4434371153899341], [24.62300587364012, -22.431816703863504], [1.0488698643320404, -1.1435261707050393], [1.176049330561987, 0.8777522986166748], [-1.4224952805829805, -0.45161791946458363]]}