{"step": 2104, "herders": [[-4.292585256413744, 1.6872824800852793], [0.728671654922992, 0.15666427916148787]], "targets": [[0.41076297149086194, -0.6713477892892453], [25.102958514479376, -20.133230945003245], [-2.6159395981186306, -0.5322700442535311], [-2.112901990958477, 1.0729536984080803], [-0.42548556850756003, -0.12049805827514927]]}