{"step": 884, "herders": [[5.249472139873206, -1.3059445338649014], [-3.4901140099747177, -0.2383715328156662]], "targets": [[3.5049277789758513, -1.327114605766446], [23.110887503320075, -19.021907847525565], [1.9260470096312952, -0.20245156320258664], [3.5954811139138676, -0.21707206028624595], [-3.7347586012868113, -0.5308576933323305]]}