{"step": 2637, "herders": [[1.6944154156681939, 3.2089477678666847], [1.3516424526336825, -2.6075184768784023]], "targets": [[-0.5269342514861123, 1.8269486244871411], [22.994524260232733, -19.71900968169124], [1.719012186121536, 1.933807763146516], [-0.2697116278206157, -0.821076890680763], [1.76642383012074, -0.926222855988927]]}