{"step": 508, "herders": [[10.122620502869356, -0.7844022619445931], [7.917914218634625, 3.5016317896740117]], "targets": [[4.885287686937794, 4.050702308609065], [22.252896307828763, -17.793730944028763], [8.514506664381692, -0.8324926096970793], [5.760801229806052, 2.829903958082082], [-5.033233816495418, 3.9668319980060325]]}