{"step": 935, "herders": [[3.668437797190769, -4.085380983136547], [-5.707999817370959, -2.5247893941868833]], "targets": [[1.9030533979528024, -2.9902729421030676], [22.696075633572924, -18.1323836303146], [3.2125219133925147, 0.8014723609567218], [1.090332628512407, -1.545817585205921], [-3.7836181676929996, -2.262632883309701]]}