{"step": 1943, "herders": [[-5.765467933288849, 0.9223353882116081], [4.370532566458618, -0.24915478770243668]], "targets": [[2.489548996212009, 0.63968899686834], [22.89702118568986, -19.278898132709458], [0.9464425776605682, -1.1256489253595596], [-3.374489544847481, 1.5946445103673348], [-1.9902321352966634, 3.152850121172647]]}