{"step": 1338, "herders": [[-0.5641253533128511, 0.5500856511102092], [-0.7829885520142538, -5.649328391973878]], "targets": [[2.4308042144262014, 3.036434209444729], [19.839337276137627, -17.49687189444842], [-0.8441710283435029, 1.230866138305666], [-1.0639391689642972, -1.4043720942564573], [-1.5500760280616566, -3.7761151448105874]]}