{"step": 3007, "herders": [[2.0078446405211525, -3.348804717310519], [-2.73724475629272, -2.472224889551373]], "targets": [[-1.2649843725557592, -1.976858242919369], [30.323688817300923, -19.98820996106284], [-0.5398899231138703, -1.7096833619015088], [1.9440253918473558, -0.9892028513078918], [0.6581829105569454, -3.0766409397222816]]}