{"step": 2467, "herders": [[2.0994414558553522, -4.942318005406356], [4.217941454265234, -3.6589345307250465]], "targets": [[0.382768375068691, 1.6844003852013867], [25.567453708554154, -20.364086389834934], [2.1727774138489813, -0.9564784763417506], [2.856922489015576, -4.067554147404234], [-1.1523986633406706, -1.2963014149208623]]}