{"step": 3806, "herders": [[-0.38145545790319724, 3.363090135539395], [-4.31372139966126, 1.5737056095396704]], "targets": [[-1.5369567050038548, 0.1552812883488237], [25.336991952883526, -14.998845673932145], [-0.11507292484809026, 0.32999567669053126], [-0.7864813117254377, 2.1948489006972496], [-2.442704110721955, 0.942415982488108]]}