{"step": 256, "herders": [[14.166271962361666, 2.1582447527939372], [-4.341524659231857, 12.487521067642033]], "targets": [[6.951098742774104, 2.936793845384837], [22.283093073262073, -17.7373262705363], [13.081187785881209, 0.06960274127911426], [11.69651551165899, 5.324792667033209], [-3.0115474436956458, 11.174644161621542]]}