{"step": 2116, "herders": [[-4.351145743062235, -0.2434132545582498], [-0.844894860453964, -0.38917672720172647]], "targets": [[-0.10676324187399153, -1.816008965874292], [24.518351651721886, -20.473770727778522], [-2.945454757280742, -1.2044916385760556], [-1.8550833795144321, -0.11373978943782427], [-1.9185959457053778, -0.9713655968800499]]}