{"step": 2316, "herders": [[-2.4486318694310665, 0.49347483742830045], [-1.472382329629757, 3.975322779501588]], "targets": [[-0.9114852251122525, 2.487283000104168], [24.095837297061824, -21.964183062756465], [-0.0005035035089433482, -0.42916770857691855], [-1.4448996736080044, 1.510571760620347], [-0.6132086347398538, -0.6393747556990006]]}