{"step": 2253, "herders": [[0.03894557405861687, -4.446568083099748], [3.0074201391170425, 0.9500597206538597]], "targets": [[1.2495912267728677, 1.4977498718628637], [23.856686982017113, -21.180191720684412], [0.8886096137278635, -2.530327301101206], [-1.175587846971755, 0.35603925414676796], [-0.6012917329931461, -2.433020819689316]]}