{"step": 2605, "herders": [[-2.5064408297077017, 1.5059395528627693], [0.17060258086989727, -3.359362135175052]], "targets": [[-0.11231345291171015, 0.955481410803259], [25.007444380604976, -19.670519892406688], [-0.9185665265250911, 1.7155415512925405], [-0.9049250908351858, -2.0451392955104275], [0.4738277656728296, -1.6079645007222043]]}