{"step": 2306, "herders": [[-2.6439496152973665, -1.363133814480344], [-1.4376619464907479, 3.912637451867559]], "targets": [[-1.067326711985759, 2.663076429887368], [23.48809078178374, -21.774539253850673], [0.0877891953069998, -0.5124718335069541], [-1.1167428797412995, 1.1800882833334319], [-1.0196916290988474, -0.29355368196668885]]}