{"step": 2261, "herders": [[-0.2547259531078304, -4.188643714862799], [2.251063535415791, 1.991486498366794]], "targets": [[0.06216967030317383, 2.3265911086833317], [23.862846109147558, -21.230207127374563], [0.3563220286588727, -0.9604910488655609], [-0.8250086001814604, 0.49860880399387564], [-0.6845640392028167, -2.5250874725694845]]}