{"step": 621, "herders": [[4.220589247948619, 8.444162098939294], [-9.255760249841476, 0.8247994477478071]], "targets": [[2.5585650860435227, 7.698848246204058], [23.45789925526257, -19.28634775495591], [5.805596368679611, -0.21546520094026628], [5.091266448300832, 3.0735142233781394], [-7.433908951267943, -0.3752895373731245]]}