{"step": 2123, "herders": [[-4.376271203273838, -0.6372265088958959], [-1.9658350090166843, -0.8033758678532863]], "targets": [[0.46215075685577633, -1.3982167937195085], [24.3823122030996, -20.538795040740286], [-3.182054539566373, -0.9794586835693398], [-2.0496476752909305, -0.1739680807915317], [-2.688197427115576, -0.8396155319732398]]}