{"step": 1631, "herders": [[2.0569131022261145, 0.8407307948323813], [-1.9980373952946548, -1.847191000238389]], "targets": [[-1.0112121249703692, -0.1981682845289468], [21.000206184738754, -18.03844727124688], [-0.650638530242271, -0.16985990071704485], [2.4818429037114256, -0.9603036561917961], [0.7966517910546514, -1.6210974528238233]]}