{"step": 268, "herders": [[14.39842632242574, 0.8625301549519052], [-3.6038034888300152, 12.653384860867698]], "targets": [[7.0769522480051545, 4.016118998202491], [22.216145378029278, -17.006454337971633], [12.876245249532856, 0.41506640410428547], [11.756768562799916, 5.400790909228826], [-2.8163965881428408, 10.646739622608521]]}