{"step": 1131, "herders": [[-2.384209446697125, 3.504134347394272], [-1.4779545638279605, 2.6759514309685812]], "targets": [[0.9570078106137468, 0.4939334377365605], [21.157983452871854, -19.01521552395855], [-1.4475574606666868, -0.2274224617789023], [0.48341445497257696, 1.5130987026308107], [-0.11627985665988172, 1.8287097217471833]]}