{"step": 72, "herders": [[16.64752204872127, 2.3549821389215984], [-7.697264335354815, 16.30271280682533]], "targets": [[4.941523425515386, -0.1970367347047332], [19.180164299086837, -15.055328698199073], [13.940381780063626, -0.047012747095462076], [14.554160631275142, 1.2968273369009822], [-6.879735713165548, 14.81986881980552]]}