{"step": 630, "herders": [[3.515543742830841, 8.796135106156878], [-8.865108488392398, -0.1115022743593258]], "targets": [[2.237723421323705, 7.859736891726228], [22.92799295575084, -19.070115972754774], [5.813956730495372, 0.34016985679806944], [4.41157394545669, 2.5849821768935533], [-7.093282066166381, -0.7256833776369522]]}