{"step": 3028, "herders": [[1.1774695009567533, -3.61442414824952], [-0.6511620431658781, -3.255608928918983]], "targets": [[0.153529288277574, -1.8680766778157474], [29.36420279739911, -20.093224552713924], [-0.36086098739005695, -0.7227367387480149], [0.630290080321477, -1.271383200302254], [0.7593636324237403, -1.2089526357620688]]}