{"step": 3865, "herders": [[3.222936136986575, -1.3943853480561443], [-1.9674974009980826, -3.295440175410113]], "targets": [[0.061651631215915784, -1.8667250132887907], [23.03918751807424, -14.099969544930785], [3.978089590417282, -1.0450000311182905], [0.02653647486217725, -2.379466081392866], [-0.4451290174194148, -2.7137498082332967]]}