{"step": 698, "herders": [[5.536289399289005, 5.67648907353519], [-6.54943865125059, -1.4920391041427787]], "targets": [[0.38105107525194865, 6.371395990896274], [22.17090716753395, -18.646138794413336], [3.668610377103158, 0.17253104659286334], [6.202541112035951, 3.3318809781545276], [-4.927230146380681, -0.8927608213440962]]}