{"step": 1270, "herders": [[-5.729557484328151, 1.0729216904655012], [3.7569804540838074, -1.3395935993523267]], "targets": [[3.4967878343030936, 0.0157998671283628], [20.654475970720778, -18.725049198011067], [0.7227563545747413, 2.8930068283073247], [-4.913880748483049, 0.4072330703476603], [-0.4752452894327972, -2.967380970528781]]}