{"step": 1134, "herders": [[-2.384209446697125, 3.504134347394272], [-1.0890852744799597, 2.870869693225747]], "targets": [[1.3008855584963097, -0.30342192479103997], [21.25512428520801, -19.112029611283674], [-1.1185904945269696, 0.30262456564929974], [-0.02344971060211204, 1.6290325290591676], [0.35956418526649825, 1.3404236110672039]]}