{"step": 689, "herders": [[3.3271933685770287, 7.069752639019425], [-6.544395982589532, -1.8058990281797194]], "targets": [[0.24144846257554137, 6.47137963124408], [22.246508376248155, -19.374637472703906], [4.00333140022205, 0.9174153323510045], [5.499269577320361, 4.019345214948235], [-4.95767339834109, -1.5985757064396589]]}