{"step": 2808, "herders": [[-0.09767800661723852, 4.028132092379048], [-2.98361184544819, -1.5450595709003554]], "targets": [[-1.3688741792359997, 4.867449018992026], [26.222280910318332, -17.21096312457094], [1.3669506418217428, 0.8133659508957395], [-0.4776965408632544, 1.307475883915749], [-1.6931636773532261, -1.7065538747227482]]}