{"step": 373, "herders": [[12.66693687837094, 0.707533885817959], [-3.646019475880761, 8.682091436765067]], "targets": [[5.176035252972887, 3.8275751105773437], [22.080606549225596, -18.72436407618739], [11.990480148589338, -0.9661232208892021], [7.984022452241131, 7.01973374810338], [-3.6393159439222376, 6.919569094367484]]}