{"step": 158, "herders": [[14.068733821425052, 2.3849111326472885], [-6.4037307629589275, 14.37567735885498]], "targets": [[5.501738101669415, 2.6416906828746263], [21.08596610146846, -16.405580167157815], [12.081100130814493, 0.7797258794039533], [12.79427553901758, 3.280693343438441], [-5.840207072696769, 12.382917301306271]]}