{"step": 3789, "herders": [[1.8053699634703961, 2.4537920482276085], [-3.9629611539581617, 2.167414035095438]], "targets": [[-1.2459533362781152, 1.7724209764458396], [25.270574988484455, -15.544586524317266], [-0.27894729357198594, 0.8307011256878551], [0.40857156330099487, 2.054559188412748], [-3.6363804558512314, 0.8033115553470449]]}