{"step": 472, "herders": [[10.987676386326084, -1.2144073010886978], [8.152391858526396, 4.876909908377986]], "targets": [[3.706695115899049, 3.669910004411457], [23.53499838493426, -18.516605252407253], [8.931397943347744, -1.1082005448516656], [7.8998218014610355, 3.053917017535138], [-4.554226145288702, 4.595133985743974]]}