{"step": 567, "herders": [[6.7482816876577365, 6.126497423505332], [-7.390561763015851, 5.47820433894389]], "targets": [[4.913517752155121, 6.740225709158808], [23.812934673781363, -17.711383202241283], [6.408790295727455, 0.6284817803154977], [3.9936538031998903, 2.1050875194529186], [-8.246886914673949, 3.7974781241263416]]}