{"step": 2035, "herders": [[-6.0851403990248905, -0.501414496960209], [-2.4409098592613407, 1.6806800643377495]], "targets": [[0.9553963143113291, -0.5574336126768747], [25.04914752437052, -20.13179189702397], [-2.2493865416984784, -1.0719941828126687], [-4.506443879324178, -0.412202960793533], [-0.5990999003374227, 2.667644978043258]]}