{"step": 3125, "herders": [[1.4508709277315979, 1.8968824710783974], [-2.0152866511603116, -0.8652896051046732]], "targets": [[0.15472181455906248, -0.27361515154963667], [28.40000508788641, -20.977717032020674], [-0.8535545106528067, -1.1825790224861814], [1.044744613103003, 0.005287880740118406], [0.10251572621286005, 0.707829602494587]]}