{"step": 1246, "herders": [[-2.885506851123718, 1.1061928846535534], [1.3640056672286296, -3.6270602360543758]], "targets": [[1.7178788072839595, -1.428368973193], [19.70711492153679, -19.414301159572087], [1.2299646059853215, 2.2457817598546406], [-3.543633111216287, 0.980832477372097], [0.1302776690109484, -2.420331739341601]]}