{"step": 351, "herders": [[12.525942745037566, 3.5192467006512196], [-2.721518461000353, 9.70801873368242]], "targets": [[5.987222772617173, 2.7364252248226317], [20.528944691535187, -17.766313748658856], [11.690553347300174, -0.7779969012173037], [9.573240035619232, 6.692984465189616], [-3.034755478274114, 7.107459883258765]]}