{"step": 3336, "herders": [[-4.538385654136943, 4.1186189168695195], [1.9367548244576824, -4.3514401144926405]], "targets": [[2.3880283897317627, -5.144960480331565], [31.01795142418071, -18.2068588310837], [1.7776122903122566, -0.04126653129812824], [-0.8137920162294936, 2.7803921496553134], [-3.5271657551728732, 2.8130952738210193]]}