{"step": 2444, "herders": [[3.378239483022856, -6.878776759362882], [4.0648259229023855, -3.6559274233368786]], "targets": [[0.74185930766838, 1.1137924200373923], [26.297051776965162, -19.638765797474957], [3.606334579208923, -1.943382862776496], [2.547427008018032, -5.395973132819719], [-0.4225106154537581, -1.0593221249657]]}