{"step": 1198, "herders": [[-1.9681573953927192, -0.5957805295644623], [4.060162208907031, -2.600690300745774]], "targets": [[0.1018584956659589, -1.39453457215324], [19.80260084768039, -19.85202423174066], [-1.1938739583723945, 0.16715615119079608], [-0.8170462135510378, -0.5238035123671355], [1.8406766892878166, -2.52804077653864]]}