{"step": 3460, "herders": [[-1.7139726561259583, 2.857384190909136], [3.444813900172292, 1.5071679839432466]], "targets": [[2.1086328764399074, 0.01214998255766131], [31.34057323043315, -17.035466474546862], [0.30532728660471253, -1.4546818406120452], [1.3203145401385692, 1.7189655453642478], [-0.8446258526462225, 1.130902268914545]]}