{"step": 2828, "herders": [[-2.4038836457284303, 5.694228344084828], [-2.4068474000250504, -3.0370807905933224]], "targets": [[-3.213276618300274, 3.7449969530293217], [26.513413309082775, -17.42236147743833], [1.1579026442110871, 1.7151689846105314], [-1.144004176913135, 1.048406607463908], [-1.186926185015122, -2.9290589280775055]]}