{"step": 804, "herders": [[7.940936874679358, 0.9182225559153117], [-0.9706645752442592, 3.8557180495839516]], "targets": [[1.596202274893943, 3.676157116769926], [22.687207723693323, -19.614535490363092], [2.6067658362518915, -1.5550048947654043], [6.309545234348817, 0.6846934343186456], [-3.9271506002101515, -0.0957134621933929]]}