{"step": 2512, "herders": [[1.0591386712143784, -6.015097049070151], [3.54493888120605, -0.6654302153323557]], "targets": [[2.587309112801808, 1.5265514734989338], [24.482164331322913, -21.300615603534816], [2.357152315769831, -2.51801128635398], [0.5056831698122652, -4.474184816171819], [-0.034323555910554956, -0.47808431728942985]]}