{"step": 1265, "herders": [[-5.277581752745033, 1.4132264261318461], [3.025173685504466, -2.238075528264076]], "targets": [[3.436420078446091, 0.06345149911160114], [20.442161342539436, -18.930920216752934], [0.8007978657254813, 3.1631733877699197], [-5.306655074372328, 0.47817286069090703], [-0.9775963416226818, -2.901556460609598]]}