{"step": 1033, "herders": [[2.4604007379941226, 6.138097709699332], [4.7919846123916345, -2.349322397631551]], "targets": [[3.064886707396191, -1.2200840252843814], [22.313228754894002, -18.406700671499326], [2.029059199510458, 4.72173064694572], [1.0381807084529142, -0.0998019630253184], [-1.3307222042497613, 0.35842354033499935]]}