{"step": 1220, "herders": [[0.3099188264121344, -1.2984612921455438], [2.368299180905904, -3.5209018409354007]], "targets": [[1.1892998820849272, -0.8449775354636432], [18.89013718270844, -19.6543736486019], [1.1161464499993357, 1.6703021674540453], [-1.5511232203431298, 0.3652791489545456], [0.5708130244905657, -2.284259130224441]]}