{"step": 394, "herders": [[11.581759392741954, 2.5390827013906696], [-4.048150797761937, 7.779789202738844]], "targets": [[6.086252276417452, 2.8315702146997976], [22.326597691637275, -19.162362026285642], [11.245639342266653, 0.12584891702018602], [7.847722930321767, 7.1173855201183915], [-3.7467428986080185, 6.144807978114384]]}