{"step": 3576, "herders": [[2.5442246124244625, 1.6674220377203082], [-1.965106983144325, 1.5811556588849132]], "targets": [[0.3763371139430476, 0.9987436483891917], [30.070525518613884, -16.496726288344586], [0.9317750237135503, 0.4300006563297347], [-1.4820913602550339, -0.11635044938794369], [0.6921309027933404, 0.12616546002552065]]}