{"step": 2098, "herders": [[-4.43116113494696, 1.4554829438767511], [0.9702895245899826, 0.6138570462043667]], "targets": [[0.703996912562686, -0.5401210324206658], [24.646393291923253, -20.4760130263893], [-2.245004426827771, -0.43512000629284414], [-2.7096004090729076, 1.371131886012498], [-0.5825779390837353, -0.14121862867919038]]}