{"step": 540, "herders": [[9.162358005085995, -0.07939801515366282], [0.5224210303359487, 6.294453145617692]], "targets": [[4.454520441313301, 6.2720528844988035], [23.620069084880182, -17.696635511748468], [7.457169600163498, 0.40577395604594935], [6.038448447219297, 1.586172192737119], [-6.1304116517915705, 5.064635678291821]]}