{"step": 2551, "herders": [[-0.1494085525130586, -4.142000670767516], [2.3731603872440736, 0.91387153829841]], "targets": [[0.6627615514231315, 2.1208434294870653], [23.888051517220024, -19.136535609704598], [-0.01480329304343525, -1.6988994663276527], [-0.3179183209783414, -1.905501075286811], [1.295782267885353, -1.1964866348297585]]}