{"step": 3907, "herders": [[4.124098954629677, 2.201685701715954], [0.8467251410768941, -3.4392358557867393]], "targets": [[1.3361148466889454, -1.5535920572022943], [23.635292095128094, -14.85850821692733], [2.336852956673651, 1.8761419522096654], [-0.2955329165421104, -1.9428956657533414], [0.6578076926779788, -0.885562536418639]]}