{"step": 79, "herders": [[16.34453097748714, 1.9709716313654482], [-7.637864618554983, 16.193111835592852]], "targets": [[4.443517323173361, -0.38306224120503196], [19.133906077150673, -15.77374037783412], [13.642411666837004, 0.10012068565881603], [14.179981880908718, 0.844632674786597], [-6.742715567289205, 14.173919668962908]]}