{"step": 3745, "herders": [[2.1865771004622427, -2.4811459710311623], [1.4283232480782058, 2.20474124798564]], "targets": [[-0.5378586369175256, -0.6702254782735688], [25.85170279364501, -15.696521080725404], [0.1797726634496581, -1.1064071064130494], [2.0083551450739314, -0.8304026594200662], [-0.14801300713451299, 2.3422496696576505]]}