{"step": 3976, "herders": [[3.354537258886817, 2.0428369714571066], [0.7491141241105246, -2.5895234087221923]], "targets": [[-0.7240984006696543, -1.8854574056306197], [25.34625984103234, -13.736835148949156], [1.1673848248677043, 0.9313064854904495], [-0.5260642650918046, -0.7111553157811216], [0.4395259047829287, 0.649027573142426]]}