{"step": 3474, "herders": [[-0.5902406129184681, -1.2114890253756418], [2.5341565258485113, 2.4205968982219943]], "targets": [[2.4668561228383474, 0.11702838008954425], [31.407628707149488, -17.305827545595854], [0.33558338208072147, -1.796654455691679], [0.7749291959947687, 2.294742408098698], [0.7550690189374363, 1.1826039867502989]]}