{"step": 961, "herders": [[4.31344336003108, -0.4977467823393805], [-4.723705358506117, -2.3624376894482015]], "targets": [[2.271369311385924, -2.9099279240662757], [22.094749698648695, -18.72739639882509], [3.8015992602520803, 1.400067858153548], [1.395280691913204, -0.3460210450550669], [-2.7029871022418583, -1.0334025547177645]]}