{"step": 1245, "herders": [[-2.5202007982424464, 1.0731702599456867], [1.451422375772439, -3.558303840111951]], "targets": [[1.9231617351047758, -1.4723469427687832], [19.803285618943836, -19.773829072179076], [0.9560736382933016, 2.3042559582049726], [-3.5041888244025934, 0.9145339917970934], [0.5515848018701237, -2.550571610125698]]}