{"step": 564, "herders": [[6.891202417587047, 5.853847803186798], [-7.065885320550503, 5.593708706666968]], "targets": [[5.020218727910492, 6.485363698282996], [23.81340257360525, -18.101053866024003], [6.89117748283281, 0.4377345053931736], [3.97329622178068, 2.1763639194766493], [-7.900979935530869, 4.1289452839724206]]}