{"step": 2220, "herders": [[-2.828746616854673, -2.68836811989275], [3.4521089839761903, -2.7985831243958947]], "targets": [[2.756326064357221, -0.7019175138157254], [24.162381561933678, -20.308261888745484], [-1.2265415530415373, -3.155820790619999], [-0.6219048046495891, 0.8164651841784654], [-0.1257309921835119, -2.276259963704657]]}