{"step": 382, "herders": [[12.85502807793135, -0.21802852311911786], [-3.8921925401010387, 8.396575878569326]], "targets": [[5.610167718652095, 3.3429984545541243], [21.3651854637153, -18.81383959560096], [10.916616121650478, -0.22568729477435862], [7.767529907741778, 7.6429042916878], [-3.4210561355979636, 6.244494456214162]]}