{"step": 2907, "herders": [[-4.656166753055328, 2.30610683231494], [0.5973753259850483, 2.328399214321655]], "targets": [[-2.5911552460106444, 1.5629215567026966], [26.9660298866271, -18.56192096331831], [-0.48024988390530376, 3.159850352818956], [-0.39936211077709394, -0.278239847491942], [-1.9207418030320869, 0.2828924479739958]]}