{"step": 3902, "herders": [[4.317952931972344, 2.005800670508972], [0.8669981248386679, -3.4966247470832394]], "targets": [[1.0903279402935313, -1.2485087356281124], [23.13369327682893, -14.527566867796773], [2.5543087325339418, 1.6350778821936316], [-0.22649173738715264, -2.143222157478882], [1.2601461343427942, -1.019456308375558]]}