{"step": 3057, "herders": [[3.3040460481143588, -0.7883726333671439], [-0.6063855700507289, -2.9068822710833238]], "targets": [[-1.06889271176538, 0.7899683788403344], [27.987917220179323, -20.440027234504836], [-1.5655138298001265, -1.443366682202026], [0.3902889800238952, -0.5380138997925324], [2.2159513098801087, 0.5651601622932332]]}