{"step": 2234, "herders": [[-1.8211650075020611, -4.300855456981802], [3.7095043996662516, -0.9927809877665518]], "targets": [[1.7815069257539053, 0.42286367262266467], [24.169258306531436, -20.84726490838161], [-0.5070346283325506, -3.402093989687497], [-0.4586418634248981, 0.8021286667046883], [-0.2294328538875454, -2.0746314526088288]]}