{"step": 2476, "herders": [[1.1240727500839727, -3.1283059190189304], [3.987769814299885, -3.768997758595823]], "targets": [[0.1641416114038273, 2.6236955941405444], [26.051555567625694, -19.890135025945938], [2.382272743064482, -1.4392023933404594], [2.7342585390926746, -4.012554503959783], [-1.0797086532968807, -1.4450565037432443]]}