{"step": 253, "herders": [[13.9447124653727, 2.871982471835188], [-4.567026167324304, 12.46633467720218]], "targets": [[6.443393217349774, 2.431025238013607], [22.59208061617956, -17.92170791278757], [13.06739789439, 0.35223117708048324], [11.8010925183777, 5.323322650699339], [-3.3976192237799854, 11.235098165263478]]}