{"step": 870, "herders": [[5.425117171437351, -0.0058770258641276385], [-0.8680603595787073, 0.544622945075637]], "targets": [[3.7135047487919697, -1.098560842264704], [23.311928255288965, -20.260062812973356], [1.451932524168706, -0.9423820248965922], [3.0925888390894047, 0.10871709734831028], [-2.274718573028595, -0.09604159011648117]]}