{"step": 1784, "herders": [[3.5970447552209066, -2.437118548829788], [-0.38496768694892053, -3.4948349006585087]], "targets": [[-1.1103737594550074, -1.534080842762714], [20.33751343648943, -18.660816088167362], [0.9818194014533799, -2.5093334526153512], [2.7634542081729476, -0.8860919353933253], [-1.3831369084640084, -1.1090212880885926]]}