{"step": 568, "herders": [[6.605609167055868, 6.400374156582991], [-7.7233840823013225, 5.320204138919647]], "targets": [[4.995974691416005, 6.653571197051785], [23.527657261484723, -17.807893158124752], [6.4154282850693365, 0.4477826968614046], [4.0801309610216965, 1.746741529258756], [-8.37578050278678, 3.858628064329672]]}