{"step": 822, "herders": [[7.325895357851642, 1.2392978048645877], [2.5680241184102166, 4.575388086377033]], "targets": [[3.4290989693426757, 3.7998862098450648], [22.76273683217205, -19.914119292187916], [4.27283739763564, -1.5397021284731796], [4.619317902969643, 1.2475438951535534], [-3.6419572104270586, -0.7860924467775656]]}