{"step": 798, "herders": [[8.063063021956319, 0.6159183992481585], [0.6608546528555278, 5.441788673883711]], "targets": [[1.4499061346438749, 3.953834075774492], [22.4713682688113, -19.632345471116615], [2.23673477597214, -1.5816464063656157], [6.269802125525484, 1.1776845401852218], [-4.078787680074063, -0.2951203655056287]]}