{"step": 284, "herders": [[14.4845006633385, 1.0660744895691172], [-3.0895662105572397, 11.769208812186891]], "targets": [[7.199250194342785, 4.2367490412316275], [21.27725467738833, -17.57548423105535], [13.35581400445794, -0.867240812431836], [11.63614974010915, 5.093458315449515], [-2.3028488469156874, 10.221655713538087]]}