{"step": 881, "herders": [[5.317872835098856, -1.0940062987720072], [-2.830094379897097, 0.06073673438901221]], "targets": [[3.6973253785805023, -1.4820101415980735], [23.238735654919722, -19.13900187534712], [1.7479447966284525, -0.4111510105199182], [3.7424714207450087, -0.28976586271429494], [-3.930995704587466, -0.6780465862964171]]}