{"step": 189, "herders": [[13.757452690249998, 2.816210670323614], [-6.205692436404262, 13.811786986856541]], "targets": [[4.964591137836575, 3.494799424816088], [21.69787314384894, -16.676341115232162], [12.721956270146272, 1.0145845700916714], [11.581810171683077, 4.964454692477584], [-5.351955662684966, 12.122506219923205]]}