{"step": 3782, "herders": [[2.66648913997974, 1.8630224206305226], [-3.2379207769330804, 2.756471302355514]], "targets": [[-1.425968761527565, 1.8373812160667196], [24.810833173141962, -15.80534986675927], [0.8047856783256104, 0.9046917518475424], [0.1896352422249994, 1.9332222008989892], [-3.570176565108683, 1.1365955881169847]]}