{"step": 1127, "herders": [[-2.384209446697125, 3.504134347394272], [-1.8382166024078006, 2.447181036056798]], "targets": [[0.9837030871754562, 0.44493673255190835], [20.573968896444338, -18.622243355413385], [-1.2178601825556254, -0.09562852483535784], [0.1430044995355274, 1.7644406604365608], [-0.4693697721612971, 1.8211502633031995]]}