{"step": 3713, "herders": [[1.916295498219518, -3.118343919469526], [1.4627641535148164, 1.696594656815149]], "targets": [[0.6914205461783894, -0.41349059167571733], [26.21807788490017, -16.987820597030062], [0.9897366045929568, 0.07183433724936247], [1.9297843033213475, -0.8797367910044178], [0.2292647465750564, 0.30837355056446486]]}