{"step": 1277, "herders": [[-5.935710548543262, 0.7634425991838314], [4.251750945354282, -0.7237756034804188]], "targets": [[3.5933220590374946, 0.48549752399350743], [20.40212166132397, -19.225386635973777], [1.3513705865162329, 2.9203784731857776], [-4.751017618808569, -0.47191410324853483], [-0.5415025068493057, -2.68949792250846]]}