{"step": 3733, "herders": [[2.1230487572941064, -2.8758837259047723], [2.2497560438099904, 0.5262968909592964]], "targets": [[0.38586155887128665, -0.13022171773566066], [26.576291670399144, -16.161499129724163], [0.8641305690550046, -0.6774248835312042], [1.0611732984787772, -0.23375950002538942], [0.770746138261009, 1.430626208685531]]}