{"step": 2566, "herders": [[-0.5775242953470047, -3.920929767014157], [2.5714318623598427, -1.0380997434280528]], "targets": [[-0.8613564706480852, 1.0021965029111115], [23.941989825677776, -19.680637882874905], [-1.5543485897616904, -1.1434944544918904], [-0.4916645574939158, -2.3880178271774177], [1.7626490271990223, -1.954752105608187]]}