{"step": 1219, "herders": [[0.21306439626079485, -0.9716531881038963], [2.368299180905904, -3.5209018409354007]], "targets": [[0.6811744514486349, -0.7888999658479541], [18.871813430723527, -19.675478040913887], [0.9151863142605694, 1.3924267535984463], [-1.0468749836981932, 0.7978726436481834], [0.46426932160934087, -1.7031777535318875]]}