{"step": 3297, "herders": [[-1.6789741712550408, 5.558712693744158], [-1.2493249953974743, 3.416395295945273]], "targets": [[0.35378716808788135, -2.078025628912311], [30.713781995892127, -17.987740576011234], [0.3596151515764043, -0.859985493575133], [-2.009715156537316, 1.8300729075006803], [-3.009752866772649, 4.494073638215013]]}