{"step": 2503, "herders": [[1.7310849803497315, -6.0482671198688776], [3.6133934850834053, -0.7137344490956724]], "targets": [[1.3265528369915098, 1.6260778490727295], [25.377152161534937, -20.50671389342526], [1.9041778702375842, -1.6528838954331766], [0.3108501000123338, -4.974420602398131], [0.17256130530810462, -0.5575726554004556]]}