{"step": 3242, "herders": [[1.9555216718428436, -0.587743028065705], [3.6577081013749924, 6.0513506639345795]], "targets": [[0.23968256643356078, -1.3740414160305217], [30.432484708982397, -19.158088089572463], [-0.42475253454465334, 0.09476904443970005], [0.6529691128841593, 1.007222502186814], [1.8744036921255693, 5.644566918764607]]}