{"step": 155, "herders": [[14.023449576744333, 2.064045609798658], [-6.334847126110924, 14.55193482788748]], "targets": [[5.446737415933639, 2.5837461322729545], [20.86031773623829, -16.328923350412293], [12.214830622466367, 0.6309707181088848], [12.515024497192615, 3.06746817923652], [-6.007650391419723, 12.693668745940952]]}