{"step": 661, "herders": [[1.800582069198817, 9.371497387340751], [-7.664694175488888, -0.902290417562987]], "targets": [[0.816008360080024, 7.436313812414817], [21.808025910726297, -18.591069717401453], [4.176272360459576, 1.6588599881895036], [5.543121958985852, 3.144466353469087], [-5.600946496563031, -0.8891921877345373]]}