{"step": 3401, "herders": [[-1.172159864858212, 4.346918057503926], [3.962288912488019, -3.6664687118418557]], "targets": [[2.055290443565296, -1.7725796783060088], [32.7983656143322, -17.592921784214553], [0.08911802560362299, 0.13900970850063177], [-0.06698249290613255, 2.567349270951161], [-0.5645088153271751, 1.4534247070578252]]}