{"step": 1872, "herders": [[-1.0720911078565565, 4.339014215123805], [0.5013361895719328, -3.7741085224389215]], "targets": [[2.0357593998922767, -1.80608728767833], [22.47602258486982, -18.960453910986033], [1.4591619555195827, -3.860858123603824], [-2.3496905926749356, 3.631880450851926], [-0.9428749692480393, 0.8689214934751566]]}