{"step": 583, "herders": [[5.861642080043402, 7.40480836770189], [-9.436202654260194, 4.108426013984147]], "targets": [[4.6813033314082455, 6.957743087472571], [24.335038523213424, -17.614725083830248], [6.5159027944927255, -0.2513630314125357], [4.381860036186468, 2.025061322801083], [-8.777120184433526, 2.3300783623541945]]}