{"step": 763, "herders": [[7.827699267403617, 3.0291268477662814], [-2.892728579375299, 4.072400608666199]], "targets": [[0.012633649549449358, 5.6169352221513735], [22.959934155943365, -19.931479217911217], [2.5875541547914036, -0.5234631996971993], [7.375259066771359, 1.5476240156189414], [-3.5370817726782193, 0.1687978995988615]]}