{"step": 2945, "herders": [[-4.020320883154739, 1.1438734091082468], [-1.9600893325316604, 2.9922986167589163]], "targets": [[-2.294016974417466, 0.015535719041240625], [27.79353884774555, -19.978350338869852], [-1.4757422762331096, 0.9296593377810415], [-0.6594921473706445, -0.44061155390543555], [-1.163060823488013, 0.14283433424894965]]}