{"step": 3204, "herders": [[0.40954876675259033, 2.830013060443027], [2.8733334592029545, 1.090748907726173]], "targets": [[0.3711686042096309, 0.8192699112134963], [28.168221627169398, -19.118638380691696], [0.25648625098461775, 0.17908068547427258], [0.11192339060539427, 0.14744351076040677], [2.5230001849762695, 2.289953690509586]]}