{"step": 522, "herders": [[9.874081158387463, -0.8651302581053985], [5.70564860804221, 4.911412377593103]], "targets": [[4.179958132395187, 5.85075626275929], [22.716101330159358, -18.069462581677296], [8.140455939556439, -0.785158917057796], [5.833701872591451, 1.9270877809036584], [-5.202654353931609, 4.5007137636090615]]}