{"step": 483, "herders": [[10.64493900156876, -0.7869313884786105], [8.601743799224778, 3.8882225240704296]], "targets": [[4.562643372556052, 3.363496272696896], [23.926417631774406, -18.975298094993118], [8.900102235599714, -0.06671860820606768], [7.061208291687216, 1.821812878832289], [-4.7264914310865755, 4.63429429388712]]}