{"step": 586, "herders": [[5.727127569229638, 7.634838332408448], [-9.680291905139828, 3.6946440898268906]], "targets": [[4.526022055013079, 6.285629998949437], [24.803226386949383, -17.925951061504794], [6.497625756110404, 0.37286330600202916], [4.352544319509087, 2.2255366915785295], [-8.493320639864326, 1.7930881289524918]]}