{"step": 3045, "herders": [[2.3602028791951772, -2.1634589338711527], [0.03779163086569661, -2.899930051151894]], "targets": [[0.12727423424793444, 0.41921109825724717], [28.85031075167195, -20.381345138958185], [-0.14456861412355967, -1.3887121007522478], [0.8354600291464945, -0.7584208013995709], [2.0141465571197688, -0.41537050930200436]]}