{"step": 51, "herders": [[17.19843504646007, 3.018548466558246], [-7.223033714450738, 16.90437736248406]], "targets": [[6.460120691676519, 0.8074895730935711], [19.126399063779672, -14.450153843151755], [14.310566509134254, 0.7179874778944423], [15.094679997926358, 2.410008198185075], [-7.271959385686837, 15.235548795917461]]}