{"step": 2597, "herders": [[-2.8538751927963713, 0.5720245493038743], [1.2636338279396724, -3.40480235978176]], "targets": [[-0.41815829205074073, 1.3840221486886233], [25.114401353500185, -19.581283512542996], [-1.9461388618849056, 1.0077287674715318], [-0.6672963806267824, -1.5922879809624466], [0.34559686919293453, -1.4333134725245227]]}