{"step": 1385, "herders": [[3.6106022804726257, 7.646623856636383], [-2.248568526159525, -0.6893622774120406]], "targets": [[2.03845802252406, 6.984506780457224], [18.770823544006106, -18.418566623065196], [-1.7577201676168255, 1.8736189193993185], [0.7931739333676364, -1.9664198007167493], [0.9200268218634737, -1.907308222093444]]}