{"step": 847, "herders": [[5.829608636331805, 1.492430735270396], [3.8790865127091667, 3.093500893853573]], "targets": [[4.090896461958943, 1.1410656655114637], [22.629038933246772, -19.975036710054756], [2.71308596685244, -1.1463351156005663], [3.6700398827011567, 1.2912818773800148], [-2.7865303330457847, -0.34719980775289094]]}