{"step": 2537, "herders": [[0.7850511999135326, -4.624393623015971], [2.8353554312166716, -1.6048728421708485]], "targets": [[1.7967171093832972, 1.4735950374132298], [24.009495282526935, -19.626145359493897], [0.35730273780882077, -3.0012380454753145], [-0.17949775727535486, -2.499700056891458], [1.2430827093264767, -1.0166068447128436]]}