{"step": 542, "herders": [[9.13124738361564, 0.005602831271978817], [-0.6489649507750448, 6.253285285189809]], "targets": [[4.462366355585055, 6.365792477933411], [23.755913081242245, -17.47105539317627], [6.970105068684376, 0.6053312275995879], [5.991586958588737, 1.7215486222891823], [-6.557845901381258, 4.924066821569411]]}