{"step": 2673, "herders": [[-1.1146095614464082, 0.9429731667148604], [2.5382653421259125, -0.2762268631792397]], "targets": [[-1.3751928483899898, -0.3187724928222213], [24.056371403926025, -18.7524859615516], [-0.715012705878961, -0.6139604783130956], [0.1473002760826327, -0.5239025683717708], [0.8297659727281749, -0.45742861995759165]]}