{"step": 3957, "herders": [[4.218916300291641, 1.4986341947724664], [3.1173642306322256, -0.39637667026105344]], "targets": [[0.9066156195252635, -1.3994670801261615], [25.497489301659055, -15.502421981691521], [2.3460824738976584, 1.8684616228299293], [-1.377016105921974, -0.19639281362245078], [-0.15884678327041385, 1.0315654520476831]]}