{"step": 1042, "herders": [[2.2956080708797906, 6.004705091782348], [4.771959712627327, -1.6386639185145118]], "targets": [[3.0172628534693646, -0.5930718832992576], [21.96714342716869, -17.721436169271122], [1.1039999584054598, 4.520144080196234], [0.32487427084631637, -0.6795115762399733], [-1.8444796876006975, -0.46416796616047923]]}