{"step": 1178, "herders": [[-3.3158124594087584, 0.5241723108351629], [4.703537041089485, -0.94104852188862]], "targets": [[0.44514557150588746, -1.4132303309616412], [19.738415278963657, -18.68376789699501], [-1.5368234919329753, 0.7072157733055163], [-1.550985240459299, -0.5604778004713576], [3.415382891526165, -1.9735498486703824]]}