{"step": 1069, "herders": [[0.6182880461767315, 4.773599717400452], [-0.8993214136863639, -0.9705419820248529]], "targets": [[1.3010564234981392, -0.610054305042243], [21.65872415413174, -17.42930601498512], [-0.43425579865238106, 2.803350398936624], [0.8136360499797848, 0.022594533597818753], [-2.53244798885641, -0.17004800201566056]]}