{"step": 1990, "herders": [[-4.744433188717615, 2.7207867231487537], [-0.5547497505813556, -3.6301867928025637]], "targets": [[2.567046588334535, 0.5372945541728769], [24.130689934315367, -19.392615189538265], [-1.854373061373771, -2.837136164147859], [-4.938190781924537, 0.5340818327229404], [-1.7170697456425181, 4.853740907412558]]}