{"step": 3608, "herders": [[0.6099006847015007, 2.201794218103389], [-0.45581440652583866, -1.5167937206755506]], "targets": [[1.0619116772508435, -0.8073915420128509], [29.758648578486746, -16.857981419112793], [-0.07346033790826961, 1.3847722252738517], [0.08015338306888163, -0.07639386088172595], [0.7696705507636935, 0.0973531256905931]]}