{"step": 3538, "herders": [[3.167414247900491, 2.511624734341889], [0.9268843885354712, 3.488211032520343]], "targets": [[2.056403397208142, 1.4125111944363244], [30.28750324916644, -16.609033850997015], [1.1155458092017556, 1.7249211869345578], [-0.577791330648178, 1.8107502433052196], [0.28032317613200763, 1.2852166993980043]]}