{"step": 1494, "herders": [[-0.37609571397711367, 4.474850155308575], [-3.595465480449094, 0.29349692670705396]], "targets": [[-1.7552402402105638, 2.806044162398149], [20.33503550666032, -19.25510793189548], [-1.4872891996258473, 1.50459648797801], [-0.8521977365508444, 0.400914909190079], [-3.398349041950706, -1.3589435532297716]]}