{"step": 3937, "herders": [[4.198963043670645, 1.8322438841219764], [1.2900405991817707, -2.1576841161349356]], "targets": [[1.2780342843005166, -0.844974436284674], [25.309515323895837, -15.352589610469307], [2.95895508148964, 0.5992092534420226], [-0.9272560922332809, -0.20525287947598847], [-0.40622765954973866, 0.02585021800231356]]}