{"step": 1237, "herders": [[-0.5488242204534364, 0.8838419226370611], [1.7543180849411626, -3.6297750955074357]], "targets": [[1.3954363181367428, -1.8287861017050553], [19.705951710254567, -19.549521572157943], [0.7333210546476027, 2.2152700088836204], [-3.0247537440038617, 0.9335127545060597], [0.3927007434502926, -2.0752307904436607]]}