{"step": 2484, "herders": [[2.1930239796452007, -3.592827732581587], [3.0570971233695463, -3.3304446213730525]], "targets": [[0.5762778534373725, 2.123008749801849], [25.469376932461238, -19.037420508806914], [2.9514239278277077, -1.4403305717999024], [2.1794351440354496, -4.760591376084855], [-0.8090684252438061, -1.289883766146064]]}