{"step": 2311, "herders": [[-2.6033574290169477, -0.7999459845602408], [-1.4590471740332345, 3.922641760383283]], "targets": [[-0.8441077212345659, 2.585921581737532], [23.492155271599472, -22.04473682967165], [0.2549391864468028, -0.5563687676780085], [-1.3871033369473103, 1.1883748599984658], [-0.8240960346663723, -0.19146033542667168]]}