{"step": 3591, "herders": [[2.3409877803474615, 1.0872782387911193], [-2.514163722972613, 0.023511906778827696]], "targets": [[0.7788122821796165, -0.10791865028470939], [29.44143544412971, -16.253070379726978], [0.3472303324188949, 0.6713771744772636], [-1.3549666264667648, -0.819706673781489], [0.6376405412081072, -0.15847908790723209]]}