{"step": 2837, "herders": [[-3.5287130785198872, 5.380454001990994], [-1.9481860498688937, -3.602479121884813]], "targets": [[-4.1209905021261095, 3.972177401724996], [26.95582193112776, -17.6141531680975], [1.2047861467327927, 1.4021020901011085], [-0.8059896479872699, 1.0704785960836232], [-0.4111342854234463, -2.549142748723676]]}