{"step": 3419, "herders": [[0.7006014949177342, 3.7550707045198015], [3.633759540049353, -2.946879333871182]], "targets": [[2.3340507649631075, -1.8668182352550464], [32.348284067066935, -17.910148130091724], [0.46779798942891987, -0.162656311015697], [1.6369536474879716, 2.64016495190889], [-0.9551645289182676, 2.5219240585963707]]}