{"step": 2427, "herders": [[4.224232900773125, -7.749599361461593], [2.703268789250237, -3.5397779280192054]], "targets": [[0.7346461660122534, 0.6036207098178095], [25.549985388421504, -19.66739314257446], [3.494677019968586, -2.3189115901817767], [3.03278536901935, -6.567519793744943], [-0.3178292950105778, 0.31886540050339773]]}