{"step": 2869, "herders": [[-5.268136915871528, 3.968838225210868], [2.4236838903806923, -0.8172656087737729]], "targets": [[-3.9286270532651, 2.7523947846164996], [26.472363950738362, -18.205529943488756], [3.1019218636684847, 1.3268082290707568], [-0.0873692881420169, -0.061131036111014336], [0.03991095551855296, -1.9299431612330042]]}