{"step": 310, "herders": [[14.306142720505909, 0.4825143385087959], [-2.4812057811683235, 11.273330461532083]], "targets": [[7.553624150279691, 4.722242021224988], [21.537075549183346, -17.59065168867638], [12.049455456986482, -1.2423168862391754], [11.04359342400945, 6.334175616820254], [-1.609126657481822, 9.951233606365841]]}