{"step": 3726, "herders": [[2.1230487572941064, -2.8758837259047723], [2.641766044392178, -0.26286524755452634]], "targets": [[0.44301526104320443, 0.2099228285241708], [27.02474977941292, -16.158687715656978], [0.5532952091058174, -0.37750987089375343], [1.616227490887616, -0.531688778369815], [0.61357264651354, 1.3412771649353146]]}