{"step": 1215, "herders": [[-0.28724242315066073, -0.32697590253193354], [2.5790679069934868, -3.481099023664931]], "targets": [[0.6649308482793607, -0.8235713001478262], [18.99134426336785, -19.33595428678313], [0.3475866732987434, 0.9077737292914826], [-0.491606381935107, 0.31332880170306826], [0.7254248617699276, -2.3150771764467617]]}