{"step": 3613, "herders": [[0.32906449672562466, 2.334763188613433], [0.2927543630424314, -1.6147629344040109]], "targets": [[1.4620979835012533, -0.9677250063772693], [29.63600343534123, -16.58208189641317], [-0.16797965521681416, 0.6318022100294173], [-0.09960571966857722, 0.33036858889860055], [0.8420315764059151, 0.21663771211575208]]}