{"step": 379, "herders": [[12.954723413306588, 0.0732689530818584], [-3.853115544686346, 8.570106696963073]], "targets": [[5.652129596237458, 3.243569582208219], [21.52484033455729, -18.585010510384453], [11.147374630147608, -1.1254992926321163], [7.6648441257660105, 7.607796948087481], [-3.467503387965402, 6.620102648096587]]}