{"step": 272, "herders": [[14.073712695415262, 2.30164856868175], [-3.4862734656580945, 12.458590593643565]], "targets": [[7.284211138498607, 3.7437368089421073], [21.94586582992518, -16.754533587895693], [13.270840347817902, -0.025963366917682862], [11.983607509758091, 5.387717399656697], [-2.657454117530412, 10.139974399287068]]}