{"step": 864, "herders": [[5.451699210373723, 0.6144829542210745], [1.1814042840608703, 1.2353617763738192]], "targets": [[4.238829910486229, -0.26538605888691047], [23.33721641383935, -20.45961580309672], [1.87204882717277, -1.223095501069098], [3.3863824223579027, 0.23910630189358995], [-2.9261336373444866, -0.4571863513569562]]}