{"step": 898, "herders": [[4.8481648347969815, -1.8269475153932346], [-5.685982675522868, -0.7916707927590241]], "targets": [[3.556537637368606, -2.2921495245675407], [21.73060480435652, -18.990552138179808], [1.4157715090652072, 0.33819041355634477], [2.700043232467249, 0.09863571650147634], [-6.160311991290623, -1.0242351643507963]]}