{"step": 2403, "herders": [[5.144264328933991, -5.654190207107205], [-1.507108954476084, -1.0203755548241353]], "targets": [[0.11165450394041848, 0.3654288548411298], [25.3724174833897, -21.87795029341539], [1.0397770433420306, -2.379817483033282], [4.002639973463931, -7.007570669305252], [-0.35934501111110323, -0.178958323910056]]}