{"step": 3839, "herders": [[-0.7342864544312804, 0.9400240259279933], [-3.5438989252999074, -0.4949086837872358]], "targets": [[-0.37876838984006245, 0.21578253012392767], [23.02733229614152, -14.82777221459093], [0.7849334604326553, -0.1809900533138737], [-0.08577565364415751, 0.1649917636501785], [-1.7582767586878165, -1.4840391290851807]]}