{"step": 2855, "herders": [[-4.758128197650343, 4.633257814570127], [0.15364245703704418, -4.044402313621216]], "targets": [[-3.9153772331947927, 2.862300966411874], [26.728408469223005, -18.13906603555263], [1.805108273641466, 1.5014256173436054], [0.10650374570016069, -0.12064737404603312], [0.5513413304247395, -2.9272097823624295]]}