{"step": 1579, "herders": [[-2.482950051859891, 1.5255313185915271], [-0.3244416996330331, -3.903312796707552]], "targets": [[-1.9200023074348194, -0.7240801749133049], [19.746216790137332, -17.303158377672773], [-0.7891613120433969, 0.8372055323160822], [0.18249147041539515, 2.1997105792262346], [0.1650869377481392, -2.158643930491139]]}