{"step": 32, "herders": [[17.714894819503172, 2.6597593024682418], [-6.218016650664434, 17.261133435987688]], "targets": [[6.576932025156138, 1.6565132356933903], [17.939474406798478, -14.397310894967633], [15.454761731598804, -0.7399540391157093], [16.07986607506781, 2.973427997078896], [-6.818296466522168, 16.59843817508796]]}