{"step": 2498, "herders": [[1.9851294341802757, -5.670596586342659], [3.7261270541546425, -1.3309624982077852]], "targets": [[1.3588476897479838, 2.519917058302027], [25.18658769024479, -20.071034650528105], [2.707236171558363, -1.2449542881799307], [0.9565240520521224, -5.555516670251013], [0.4892232395988116, -0.6203749561462965]]}