{"step": 3719, "herders": [[2.1230487572941064, -2.8758837259047723], [2.0456320661379235, 0.7172611501051669]], "targets": [[0.34322915106892793, -0.2883755379473707], [27.34482516571141, -16.44075078906305], [1.020552933985367, -0.2048074425850525], [1.7067324673738171, -0.7570427657745878], [0.19884243062321877, 0.8058497105877338]]}