{"step": 1643, "herders": [[2.7312259971030906, -1.1133982712453143], [-2.609185422860429, -0.8063107584681442]], "targets": [[-1.364003392075822, 0.38367669665834203], [20.883824717674226, -18.733562079845576], [-0.1718010609509745, 0.024297417941198274], [1.4078563932772468, -1.0486653605846445], [1.1957392709413348, -1.574009089999052]]}