{"step": 2615, "herders": [[-1.3463783764945172, 2.5588005333625414], [-0.907562875718438, -3.195121803022236]], "targets": [[-0.2302391641065883, 0.978070031589348], [24.524153547995333, -20.746672865785445], [0.3478506891718117, 2.337531968313519], [-1.2842262825986737, -1.347779984474334], [0.8000780498768811, -1.0033039580994159]]}