{"step": 2435, "herders": [[3.478867790796457, -6.692827730645753], [3.395056282627655, -4.377171919710018]], "targets": [[1.1081793262647743, 1.1620778935167742], [25.860795912794387, -19.63743264725811], [3.514987381069958, -1.7497198302912542], [2.794690215813606, -5.717006993993945], [-0.30358047738976235, -0.6103312156805699]]}