{"step": 1467, "herders": [[0.27493810150441256, 4.578624351098044], [-0.9831568534232875, 4.396874570129985]], "targets": [[-0.7591352692236781, 2.4408686036830405], [19.637409992945436, -18.54732919401815], [-0.6828545869856254, 2.908173837837672], [-0.23301320291426658, -1.015833782627583], [-1.246321857158735, -1.0971934580007363]]}