{"step": 3662, "herders": [[-2.010641981792831, -3.5186499289085336], [0.7524408273824158, 3.305885929135532]], "targets": [[1.047688882293384, -0.6793880573230062], [27.498089213952607, -17.738697028788604], [1.0818401022581794, -0.5506640573850965], [-0.3866982909958757, -3.433521869463741], [-0.30961194012427273, 2.884893083683478]]}