{"step": 1512, "herders": [[-2.5343605128162197, 3.4507853131941486], [-3.947583707503758, -1.0497225264479542]], "targets": [[-2.144483108648625, 1.8528811339538231], [21.029907715616627, -19.29941550743733], [-2.461459432281552, 1.4711561015749703], [-0.7075957470067675, 0.7945982520136026], [-2.117325637085055, -0.7209310521276858]]}