{"step": 366, "herders": [[12.416435116448076, 1.9755668682920091], [-3.4483689125327412, 8.872685601109138]], "targets": [[5.447649761018949, 3.5825172945167116], [21.909393505061022, -18.79137537355572], [11.4045017685943, -1.3182562397009756], [8.265783893073705, 7.031560975936915], [-3.0585241454028322, 6.79483580669175]]}