{"step": 3106, "herders": [[1.3485349529676187, 3.1488423882482652], [-2.7326031466248994, 0.9608261597034362]], "targets": [[-0.8321990577489026, 0.8982568048983931], [27.79009347233873, -20.451647073403212], [-0.2266739274715339, -0.5820293904659803], [1.3828011384124674, 0.1022852485888335], [0.36418304024810544, 1.9347916089467194]]}