{"step": 2717, "herders": [[-0.0032754757323361916, -3.9368789006826637], [-0.5683712467457328, 1.7931528584964533]], "targets": [[-1.7963960553236453, -1.217156872650521], [24.755242024271748, -18.93096180307069], [0.45452870168820225, -2.3590580000456796], [-1.4448734433950063, 0.19653487156209612], [-2.2425398705043404, 1.6995026291837843]]}