{"step": 2699, "herders": [[-1.6615244949564327, -2.77660983505876], [1.4283027088213913, -0.9144689597710205]], "targets": [[-1.2161773323166907, -1.047325694827485], [24.04588858118936, -19.1243138371075], [-0.11950517169713148, -3.221122206082019], [0.8546081989762122, -0.10848337070305065], [0.31584522293826467, 0.6755102442869453]]}