{"step": 265, "herders": [[14.391624671994245, 1.1519445491514066], [-3.8045922003002612, 12.628348519291356]], "targets": [[6.657171039497889, 4.060534948924406], [22.20027260335843, -17.218140258551898], [12.791142057612879, 0.03452093455175034], [11.31545583081211, 5.251651653455265], [-2.7630068147174796, 11.507925894402469]]}