{"step": 1016, "herders": [[3.132829543107981, 6.489759117156282], [4.159266080305738, -3.366375926598004]], "targets": [[3.791655483494031, -1.600128803091196], [21.91464235608769, -18.82423674107441], [2.0887681496880566, 4.895391824250746], [0.5147356029171272, 0.647430649714533], [-2.3022943955776394, 0.5299217419939745]]}