{"step": 2750, "herders": [[-1.5729220492724023, -2.628572657975729], [-5.149087346955166, 1.0007990085292926]], "targets": [[-0.16859542130717325, -1.317572921662883], [24.93929497408806, -18.36184163961372], [0.15222309542621906, -1.1315820042935936], [-1.6073274383284708, -0.5812210213710228], [-4.466158157979376, -0.10555008812280127]]}