{"step": 2457, "herders": [[3.2082131105947553, -6.57469068223817], [4.285401070710017, -2.87784794366184]], "targets": [[0.857363082204715, 1.1731195481174292], [26.388095483542024, -20.164108624437958], [2.6914449641335096, -1.4538229960955307], [2.5831303209068235, -4.936136521957613], [-1.0514862771043292, -1.1544878825346396]]}