{"step": 1286, "herders": [[-5.861212518973342, -0.24815466098870945], [4.629217668312443, 0.2579963347988263]], "targets": [[2.821821106472753, 0.8991101428836598], [20.048786948033275, -18.689975676076525], [1.3038786714060644, 2.81574634696062], [-4.188861949297672, -1.1207787632486461], [-0.22292244161182415, -2.9821013263860547]]}