{"step": 3901, "herders": [[4.422266641476369, 1.9240867641909947], [1.0538540508280656, -3.4857895681651083]], "targets": [[0.8762538483136388, -1.2132257020940156], [23.416893706653916, -14.468793183473993], [2.476338091962641, 1.6404499799182284], [-0.1110879868693474, -2.060199954272744], [1.584212391291899, -1.1840153021995596]]}