{"step": 3223, "herders": [[1.3462402518195247, 2.2402917309690644], [3.4035839805242003, 3.509927821245174]], "targets": [[0.8836253243647234, 0.5195721829548059], [30.0818358643662, -18.66709600499575], [-0.29923452613256196, 0.5194436082928059], [0.7237502285249715, 0.7181264763755669], [3.2066594787587057, 4.1217131817580155]]}