{"step": 2835, "herders": [[-3.251875999983499, 5.496326317994809], [-2.155435558408718, -3.51957236174741]], "targets": [[-3.9972435373356108, 3.7042700919055487], [26.725830547944835, -17.532836348347203], [1.1266166283389656, 1.2374838811123765], [-0.3214757589136009, 1.1754664971402513], [-0.4937678611806875, -2.5986499527704257]]}