{"step": 2849, "herders": [[-4.549679011695819, 5.120006899580819], [-0.6942453332313578, -3.921471837086279]], "targets": [[-3.8573199511312626, 3.262782823466313], [26.899308622237704, -17.712626085753826], [2.223648379117998, 1.4645931179159486], [-0.13778748220263284, 0.44707255191271283], [1.0961698719730963, -2.7304665386609575]]}