{"step": 2612, "herders": [[-1.6509802204412867, 2.3685986123100133], [-0.6838980845377116, -3.2827861070523743]], "targets": [[-0.15441806011575346, 0.9479528375573113], [24.701660745738504, -20.693035923627004], [0.22393043033450907, 2.1447212645393265], [-1.2336559890076249, -1.5305056763017078], [1.137190624545325, -0.9578002621894475]]}