{"step": 3366, "herders": [[-3.0079925652814063, 4.26719814978369], [4.573612500144541, -5.377144370960463]], "targets": [[4.283880629365175, -3.3297876765132064], [31.517815254595277, -17.849275723788733], [0.5220756101903712, 0.09209371885959508], [-1.3431424730500392, 2.1889355659823875], [-1.8707141379297494, 2.8276372540849968]]}