{"step": 1000, "herders": [[4.218929683177556, 5.640062578955458], [2.065474188806975, -3.9828533766538228]], "targets": [[3.1955609098312583, -3.1859578850638717], [23.50416145033237, -18.85551242740079], [2.8336102854605074, 5.608796650824343], [0.813191947694357, -0.39137328584045605], [-0.9639579375605611, -0.399116379045314]]}