{"step": 491, "herders": [[10.359459735193266, -0.6353899260282442], [8.49254770536112, 3.1658330021584105]], "targets": [[4.939360001446023, 3.4541596491162747], [23.357579324543938, -18.93541913474778], [8.651938269852119, -0.733899486046975], [6.842446272796175, 2.638035511619142], [-4.698621970286241, 3.958739973246522]]}