{"step": 2173, "herders": [[-2.535172895171664, 2.1411589585110424], [-3.1118684071599505, -4.890943781005354]], "targets": [[0.7225036039981648, -3.5225039491419676], [25.046689366500004, -20.793385531331484], [-1.8239245526694081, -2.9747627756583426], [-0.9366353177849753, 2.191663818394966], [-1.2345596459740755, -0.5447760067571183]]}