{"step": 2568, "herders": [[-0.6100184660733997, -3.911370558715657], [2.6007906928213727, -1.3426953714011756]], "targets": [[-0.9279297200140408, 1.4042748253280215], [24.201889112061238, -19.753003829440054], [-1.6558709912275469, -0.7369988025269235], [-0.42528662206380097, -2.443444428874101], [1.5322848087074, -2.265388358029867]]}