{"step": 3083, "herders": [[2.767012666014396, 2.037149170173028], [-2.7384368476990213, 0.5930927596632553]], "targets": [[-1.6455397551245754, 0.8023573458578974], [28.320292555387557, -21.21705517436067], [-1.1246716090125977, 0.5048423823659479], [0.8762426007784062, 0.021167707233332445], [1.600565526299404, 2.065666167960327]]}