{"step": 2125, "herders": [[-4.376271203273838, -0.6372265088958959], [-2.3633112814325803, -0.8959801379188409]], "targets": [[0.27622070455526826, -1.4224685705390185], [24.37050393229132, -20.448334239174283], [-3.01010865045152, -1.2787368309843257], [-2.231332989327262, -0.05009468598121697], [-2.8896507302860432, -0.9339720556264925]]}