{"step": 1332, "herders": [[-2.9704513005011624, -1.333007948317541], [-0.38039099345551247, -5.637955782118287]], "targets": [[2.3396331835233366, 2.1895375528562955], [20.301364458305358, -17.458229615284726], [-0.4919345586899624, 1.5255007971068877], [-1.623302166450814, -1.0496668241314313], [-0.6536210572727004, -4.278721937967255]]}