{"step": 3724, "herders": [[2.1230487572941064, -2.8758837259047723], [2.531917876820973, -0.09345786955687202]], "targets": [[0.4605325889405742, 0.07224187012799063], [26.977533954067496, -15.667286647107113], [0.7001318275099664, -0.526996374956348], [1.8595685709415584, -0.6966265521228092], [0.328398876166443, 0.9036156322138948]]}