{"step": 524, "herders": [[9.83799804691736, -0.8747358922407695], [5.607591169398537, 5.23539146218035]], "targets": [[4.061764807552559, 5.753468169065857], [22.878455648371176, -18.000368576214772], [8.102018918215698, -0.4692129682478124], [5.932677521762653, 1.844594540613533], [-5.5476112549727405, 4.470650710355706]]}