{"step": 3271, "herders": [[0.6428784326161259, 2.971957190876027], [1.4852937275068883, 6.354417865752118]], "targets": [[0.9440342593244404, -0.9505085065369505], [30.56406960311586, -18.518739766006558], [-1.5755634103328051, -1.00302598686024], [-0.8346530287548399, 2.2074349619623117], [0.5670255218758691, 4.547801953565885]]}