{"step": 3953, "herders": [[4.24297553561467, 1.3958077597635896], [3.140180736010246, -0.3483671529957773]], "targets": [[1.3945123065768898, -0.8100961482862346], [25.572534262409807, -15.847395128529339], [2.6772416132305223, 1.0248598532143491], [-1.5106037533346541, -0.5870211477465505], [-0.03427751528658493, 0.8562075671057077]]}