{"step": 86, "herders": [[16.020188253028817, 1.5271680050686072], [-7.374000738563472, 15.946907217360195]], "targets": [[4.671122670644677, 0.26680996234110044], [19.264777105526726, -16.26047752939113], [13.803494115870729, 0.6047896578199379], [13.75974125338171, 1.2559514136957126], [-6.241327741933193, 14.298295287551229]]}