{"step": 3693, "herders": [[0.7155325108919112, -4.303669591755588], [0.1753153156533529, 3.2302105921849074]], "targets": [[1.4669421001673486, -0.6351264624096212], [27.706614295284854, -16.31748551680323], [0.683770043307409, 0.548234514183945], [0.9212751079591214, -2.436815804796768], [0.16919235157611262, 1.5439696635366906]]}