{"step": 3453, "herders": [[-1.8622326676723195, 2.930716283151274], [3.6608976689290653, 0.5911586685857768]], "targets": [[0.9929017722661466, 0.6748566587880873], [31.03868493761531, -16.822094274878364], [1.1824175975794777, -0.95877539955035], [2.5523502499234922, 1.6618698157597906], [-1.1035242732881712, 1.6028651077756795]]}