{"step": 414, "herders": [[12.738928490980925, 0.2773670926469005], [-5.363595066428793, 6.576372575429404]], "targets": [[5.286196478924496, 3.9992909196028377], [22.95556667793501, -18.639291944672447], [11.374900376491787, -0.5606553325416551], [6.92722593900902, 6.057762862870582], [-5.202773463483764, 4.657166727567264]]}