{"step": 3097, "herders": [[1.7712207994289824, 3.0042952351800776], [-3.097742892583257, 0.4152752176379081]], "targets": [[-1.3188384733637462, 0.07488933702660426], [27.86523567954338, -20.92240245743803], [-0.200728847867236, 0.43091461271662723], [1.2151132955825172, -0.6734740640242814], [0.018421863156106, 2.0565633592221593]]}