{"step": 1018, "herders": [[3.064521457208689, 6.457553078924651], [4.311421162860111, -3.1889207976147342]], "targets": [[3.4880165514563792, -1.5471129834018167], [21.897686941971482, -18.896580671668108], [1.8583484823756744, 4.39065988080966], [0.6714173868571596, 0.8463752984000362], [-2.0013589280604522, 0.514896035941877]]}