{"step": 1963, "herders": [[-3.586649168315755, 3.948975785788368], [4.134385522644962, 1.4964431277660883]], "targets": [[2.707408242235863, 1.2938534747606822], [23.76352638221821, -19.282838298018245], [0.17965574613953264, -2.1815534930079403], [-2.9583190619054607, 1.0504870629152723], [-1.7897958036666988, 3.845463067970486]]}