{"step": 1279, "herders": [[-5.981904801015725, 0.5558994973909233], [4.375960621833134, -0.51225838135088]], "targets": [[3.5393302777162994, 0.5053555931185044], [20.163343162923596, -19.452485623008645], [1.4280724005605998, 3.048903167181198], [-4.714194942065738, -0.7193568144151379], [-0.6593633844305969, -2.673580765602959]]}