{"step": 1497, "herders": [[-0.7022886464067408, 4.415284173646705], [-3.77481366501957, -0.03791105716503912]], "targets": [[-1.5518234630007839, 2.6046797853126926], [20.704829616640918, -19.243367149492606], [-1.2753490745062934, 1.3529371768716525], [-0.7376381929178627, 0.3587042802367038], [-3.35195508347024, -1.469809992277937]]}