{"step": 357, "herders": [[12.129008952678163, 4.18188303169833], [-3.1250820329598312, 9.274280752628918]], "targets": [[5.716581009554384, 2.835651267879258], [20.96894355462191, -17.927589673879222], [11.469200361361583, -0.8173919598804618], [9.324071823403338, 6.785402604093412], [-3.1320498841248163, 7.445218305732164]]}