{"step": 1239, "herders": [[-1.135207522131184, 0.9576448986194037], [1.836973950802493, -3.538500976353911]], "targets": [[1.3535400070089736, -1.5196413929932964], [20.222905452113437, -19.614159116095706], [0.9496707470968313, 2.16718082387799], [-3.0707298264286735, 0.712949961669955], [0.22597280120116459, -2.0322924225793804]]}