{"step": 2239, "herders": [[-1.501666070519276, -4.465426481798082], [3.5986928335847805, -0.5455781047993082]], "targets": [[1.82282307402216, 0.40535255228228984], [24.37919894600218, -20.783647538964757], [-0.07980241885936454, -3.2393915523950025], [-0.6912816574228987, 0.9031345722499153], [-0.07616057796995648, -2.5775539313980396]]}