{"step": 3875, "herders": [[4.6679607660380364, -0.8038289469784078], [-0.8663677294707658, -3.870581112622192]], "targets": [[0.5837702527753924, -2.0646307997194113], [22.437837797170303, -14.038598586816677], [4.282860778224632, 0.4431474392390239], [0.17212112153334364, -2.109693173409397], [0.7983845907849014, -2.5904549004176505]]}