{"step": 3758, "herders": [[1.8027365873302932, -1.376974043179229], [-0.382154317655644, 3.4045721274212735]], "targets": [[-1.3135133808374242, -0.4425708286983105], [25.736011592157777, -15.204370543129762], [-0.12073352789313951, -0.7917249582702859], [2.315413115243194, 0.08385799197357154], [-1.32690298676591, 3.0206948981341917]]}