{"step": 3373, "herders": [[-2.8997902267434457, 4.132279533622568], [4.9186078731026575, -4.947788428690076]], "targets": [[4.116560313100988, -3.432843979244023], [31.29225193223564, -18.05684513609695], [0.3509151664104784, 0.3290821340300417], [-1.5555630373998646, 2.6949591218795463], [-1.8755128486159611, 2.8444974784026154]]}