{"step": 1089, "herders": [[-1.4401678536032887, 4.098154088375194], [-3.565879794465371, 0.17522369531693205]], "targets": [[1.1815622505065226, -0.11051116965131443], [20.261061697382004, -17.90655950082876], [-1.1815674778449372, 2.193090530431939], [1.2473719015891955, 1.1752256173442315], [-2.834989490189304, 1.4217403723317417]]}