{"step": 202, "herders": [[13.775764305430128, 2.818390466541054], [-6.06493571639436, 13.24869223479279]], "targets": [[4.308179247195324, 3.55640256532479], [22.89225885764068, -16.44326715320534], [12.557223400928088, 0.6315343800839242], [11.819995697921604, 5.136720883384827], [-5.26619449522366, 10.934413453771775]]}