{"step": 358, "herders": [[11.890194461587544, 4.704803950884361], [-3.2133742791563824, 9.207317019671768]], "targets": [[5.630702038170041, 3.3332870841416558], [20.93078936969812, -18.187437444741004], [11.687824444767037, -0.8387180428603741], [9.419099700271316, 6.877027001446963], [-3.210985580215465, 7.107158164134112]]}