{"step": 1052, "herders": [[1.718995797450839, 5.7064874632268054], [4.301766824685474, -1.2601254425728614]], "targets": [[2.1188778025535675, -0.7443764109252058], [22.409796200665113, -16.870085703363564], [0.7050404222816123, 3.3007890695122466], [0.14956428869834762, -0.05503472896357553], [-1.8421632236457304, -0.4388427784115557]]}