{"step": 109, "herders": [[15.597042111742402, 0.7007153957369527], [-6.368280534000258, 15.757934219238816]], "targets": [[4.400539770998941, 2.3928013154367322], [19.168158319464883, -15.662201229042495], [14.215576801328963, 0.40005776525322545], [12.82977365498629, 1.1727787658641378], [-5.4022326568246255, 13.955641135726633]]}