{"step": 3935, "herders": [[4.185341070334374, 1.96253779109811], [1.0228903165771714, -2.2107597492622584]], "targets": [[1.5532824334866708, -1.0286859906183867], [25.121085380294577, -15.081880280314653], [2.822951134177437, 0.7221580974257551], [-0.2543297870734822, -0.1615599023186147], [-0.16386232563821648, 0.0988182135712741]]}