{"step": 3991, "herders": [[2.570928007685884, 1.576137353001413], [-0.7409862361068624, -2.7385140442673412]], "targets": [[-0.555299294086922, -1.2842186475124064], [25.659583804314156, -13.391313661935209], [0.8456231423366476, 0.2849324340479573], [-1.307803441577625, -0.7168011898887006], [0.7988821505184506, 1.0065841792992454]]}