{"step": 573, "herders": [[6.356206849321428, 6.741134023610824], [-8.300233273086745, 5.117600862907897]], "targets": [[4.618246416034638, 6.176006670516002], [23.367007478108768, -17.57324388706272], [6.6488820492987175, -0.1285075890773518], [4.1212936993323375, 1.7903345313736323], [-8.631882154644577, 3.5236227708769237]]}