{"step": 2507, "herders": [[1.4269492646210251, -6.116894300190858], [3.458433422611472, -1.2566090551199582]], "targets": [[2.429885597357214, 1.625868728120892], [24.921179673487853, -20.604316417044465], [1.8095916445700462, -1.905575940275427], [0.4731947582640275, -4.403980907967213], [0.081118465714312, -0.4982700056196878]]}