{"step": 3968, "herders": [[3.710626008439566, 1.9860744152322374], [1.797624376913602, -2.124087408582149]], "targets": [[0.10931407017159282, -1.3703919305730277], [25.872912405523923, -15.29105329857931], [2.2220657905928998, 0.9666637621159876], [-0.7851655359794242, -0.3595264090653972], [-0.08839983667834811, 0.8077771647109304]]}