{"step": 183, "herders": [[13.601130724176734, 3.8738593572493136], [-6.147844769399444, 13.855142308296198]], "targets": [[5.409447816194586, 3.2998058529117906], [21.729731570038876, -16.464473780474865], [12.36279392282948, 1.1311469208281129], [11.236324165014864, 4.47386088669846], [-5.805609141298202, 12.545959666676627]]}