{"step": 684, "herders": [[3.1682557440910246, 7.315660608392211], [-6.591633104378701, -1.7500335851114008]], "targets": [[0.6030973599090209, 6.880054538259133], [22.31833664616116, -18.99558650067771], [4.054859234913537, 0.8636829011323958], [5.146383279349134, 3.366528678964858], [-5.15376688883044, -1.6712123092420266]]}