{"step": 3484, "herders": [[0.4530401407113529, -2.3621210989633954], [2.57649393791558, 2.8682967205558003]], "targets": [[2.3359016345157615, 0.7481441397902091], [31.886770160101847, -17.187500248132036], [1.047369357478502, -2.277164400363401], [1.251121941047259, 3.0080657243529454], [0.7117055583578744, 1.5575086209269264]]}