{"step": 148, "herders": [[14.10220075559981, 1.791758809635032], [-6.229785227208819, 14.933657738518429]], "targets": [[5.22579352804842, 2.5783855965165023], [20.77712786417738, -15.609237800007115], [12.420325596754152, 0.6798419566295676], [12.198925983433536, 2.7732001080483135], [-6.147361516422241, 12.601219553257963]]}