{"step": 2582, "herders": [[-1.7368736901257806, -1.1474238964114498], [1.90413522813016, -3.141777373563409]], "targets": [[-1.2081082379406276, 1.2384958186837947], [24.430463310508106, -19.790279561434122], [-2.2164488496618495, 0.5689207666955827], [-0.2500885717305933, -1.0373670736142633], [1.1750673746590363, -2.8095078764727752]]}