{"step": 2259, "herders": [[-0.07572489253985407, -4.267808928417933], [2.4547709416995374, 1.738783885623543]], "targets": [[0.6390993210938167, 1.9949786004631527], [23.678185986697564, -21.22297323050289], [0.4802753393456467, -1.2374996236381997], [-1.1185513504882216, 0.6228021976240582], [-0.7870789314797997, -2.319586986599368]]}