{"step": 1614, "herders": [[-0.43666813271950605, 2.008300078429886], [-2.051198286643708, -3.068424618745267]], "targets": [[-1.2955315919980166, -1.693971486847584], [20.79022473567401, -16.967346726487428], [0.4087655230979605, 0.5158181854855749], [0.6608210792657297, 1.2610957310225501], [0.17154899507867233, -0.7233711701170094]]}