{"step": 3346, "herders": [[-4.323792445281775, 4.097805192764117], [2.8895909381822857, -5.575154246969075]], "targets": [[3.6636936551156336, -5.433919094400073], [30.78501947015463, -17.57590504304838], [0.9786610000816556, 0.050671216608124056], [-1.144539228164794, 2.7129623131408005], [-2.712420174564703, 2.8799973722488423]]}