{"step": 1755, "herders": [[1.3805750590288544, -4.87622014912268], [-2.3121989813705213, -2.680144033221565]], "targets": [[-1.1216481244703518, -1.944820248281328], [20.315269326880426, -18.632537245528805], [1.6600004130042316, -3.192621808257529], [2.687432592520904, -1.545192672528179], [-1.3500202044932537, -1.0218399669791514]]}