{"step": 556, "herders": [[7.509624347611351, 4.274385133846422], [-5.465057148995627, 5.962485178926339]], "targets": [[5.141510980962943, 6.57616960368529], [23.509410019878864, -18.303519535955758], [6.853863937822629, -0.32434375040944663], [4.6471356164092175, 2.2899269606212695], [-6.855411255037558, 4.416118122272438]]}