{"step": 3198, "herders": [[0.05600467893381983, 2.888589060876177], [2.710332896084324, 0.32548697096130375]], "targets": [[-0.39292420969552994, 1.119162856188036], [27.909146366479828, -19.180186793942372], [0.5873735401499163, 0.24024802288491345], [0.326612190483615, 0.06472263158145214], [1.8610570121609695, 2.3662843590287017]]}