{"step": 2265, "herders": [[-0.4301649473475743, -4.099356627138764], [1.5235894750026322, 2.5095760204642716]], "targets": [[-0.40789089676229695, 2.351395332064905], [23.69457099334167, -20.96314183970001], [0.28619620424577963, -0.5428099861533167], [-0.7491841591266413, 0.4440725840539052], [-0.3444894355801825, -2.3941789899253303]]}