{"step": 2300, "herders": [[-2.4749913560502654, -1.9754744971493627], [-1.2217504313172043, 4.024463508920491]], "targets": [[-1.149886489152429, 2.294514027827214], [23.283599377842908, -21.030212590274914], [-0.5585303266407768, -0.6268881858023057], [-1.039448913374778, 1.1709400518680142], [-1.5225417015146052, -0.20042533170038246]]}