{"step": 3698, "herders": [[0.9369372359157846, -4.034061945060444], [-0.06863519166278559, 3.0620997940533274]], "targets": [[1.4071125524152988, -0.44887404090989763], [26.900536354851813, -16.502672808515488], [0.9488701427321697, 0.9357795901331917], [1.0118320376317398, -1.9253623719839825], [-0.21611830969252704, 1.0030630206020714]]}