{"step": 3536, "herders": [[3.172347827918476, 2.519122764466751], [0.7488762091569414, 3.5593068726388695]], "targets": [[1.9604213388206495, 1.541841868464718], [30.562284085371015, -16.37063448752332], [1.138449100803221, 1.8146833622777485], [-0.317215657249681, 1.9752939575500916], [0.3825465848412095, 1.0442323744922628]]}