{"step": 1567, "herders": [[-3.613843083072636, 1.5636036867183813], [-1.6738794882799681, -3.704415175457021]], "targets": [[-1.3591711045552828, -0.495601109210123], [19.641162763391264, -17.616389231515836], [-2.2524241940301915, 1.0638011554884168], [-0.04225384707303664, 1.2424464338287884], [0.19420186503157666, -3.335906390478603]]}