{"step": 1772, "herders": [[2.5517137549745765, -3.590814445878724], [-1.8778710112643593, -2.8798932689745333]], "targets": [[-0.9249173562418449, -1.193807805181778], [20.506636144572866, -18.435245012863376], [0.4493550758661334, -2.757648446182559], [2.748786771650368, -1.0911931337470278], [-1.1544671542677674, -0.985146949586796]]}