{"step": 702, "herders": [[6.092015541506747, 5.251802772251118], [-6.550814645262806, -1.3440600844753106]], "targets": [[0.217053870299663, 5.923573947013079], [22.04037862507699, -18.767086135184464], [3.51072777679969, 0.40385303000235023], [6.154832537695269, 3.7830744366107143], [-5.023769422542261, -0.30712564751184446]]}