{"step": 2321, "herders": [[-2.366720224040117, 1.0857446676682116], [-1.4732584678458298, 3.9094489174241778]], "targets": [[-1.3663573465676644, 2.0925595047448122], [24.094393627255577, -21.288057291208506], [-0.03398185248933791, -0.6247195020752631], [-0.7604238960606368, 1.6399269272158203], [-0.39431045894693045, -0.7626988676857177]]}