{"step": 3245, "herders": [[1.7368101208049436, -0.9273408276631936], [3.4611212735346935, 6.20386749593439]], "targets": [[-0.0927265796374663, -1.2606418289640613], [30.475447481240803, -19.25775323396906], [-0.5390449831592004, 0.20026512959291365], [0.5950930888085679, 1.031263300741627], [1.991673261654646, 5.221427957130354]]}