{"step": 3378, "herders": [[-2.729485619940517, 4.1335112327859465], [4.940996678272133, -4.831671924616526]], "targets": [[3.651768433530329, -3.4845475139561066], [32.09735480094812, -17.817333862297712], [0.18508193464823963, 0.4566950928747826], [-1.4722222237055624, 2.8864427609444845], [-1.2210431079912532, 2.1949174312961084]]}