{"step": 36, "herders": [[17.596216875873612, 2.803789533176606], [-6.554538482144017, 17.42199321579929]], "targets": [[6.251909397942196, 1.4848929315769546], [17.729205892155065, -13.931767316421398], [15.391824900626139, -0.7378804069859555], [15.638432647417359, 3.069460256667481], [-7.197229748508431, 16.04014542071218]]}