{"step": 2883, "herders": [[-5.475015123914001, 3.1154845945898777], [3.4332851823709487, 1.058444694200839]], "targets": [[-4.077007936937023, 1.7342094697306245], [26.203567858407087, -18.480174665761748], [1.899184556099391, 1.241400848291942], [0.2659102194545038, -0.3830670898491957], [-0.8085854018260006, -1.558724930756315]]}