{"step": 1169, "herders": [[-3.242780392823108, 0.7179854080467579], [4.233669597740453, 0.19677249514727085]], "targets": [[0.356848996072104, -1.8614371985575506], [20.195604696256257, -18.78808114340637], [-2.244600248860303, 0.27618259577550064], [-1.8225764359059173, -0.8105333517601603], [3.8945234941444697, -1.087716886622648]]}