{"step": 609, "herders": [[5.055551162714098, 7.9332427981732], [-9.657819806221948, 1.9131899309244482]], "targets": [[3.875119724605537, 7.060759437685029], [23.89312806892616, -18.541354033501754], [5.950032434030719, 0.570586956990928], [4.397789864046441, 2.8235422817564517], [-7.641436986677016, 0.8082397284585373]]}