{"step": 3159, "herders": [[-0.9738902336717824, -1.3281720483448722], [2.3971818798294726, -2.1864638682517548]], "targets": [[-0.3019734103785404, 0.7195098273241277], [28.928697194111297, -20.43125412533262], [2.5519682994728385, -0.7752878145972121], [-1.226030789770607, -0.7143187733995517], [-0.9533826514786627, -0.7433602808429234]]}