{"step": 3445, "herders": [[-1.3666465804163703, 3.5166446592881213], [3.3352976849828657, -0.7612475257743634]], "targets": [[1.3940811124300199, -0.0817854400126811], [30.92858419872, -16.82299684068861], [1.4040112477958808, -0.7168470587372129], [2.6060288982136997, 1.381657371804253], [-1.2274796598215532, 1.272331709867699]]}