{"step": 3363, "herders": [[-3.2203555770702015, 4.208432158649868], [4.327250334544459, -5.675474733127926]], "targets": [[4.03812638477605, -3.692486579450438], [31.533723911798454, -17.93666247028077], [0.5708038522411367, -0.26637721545968274], [-1.572576236796578, 2.3417963037562246], [-1.711675656975079, 3.1953998634828205]]}