{"step": 1484, "herders": [[0.27493810150441256, 4.578624351098044], [-2.1554600109544904, 2.655367939665579]], "targets": [[-1.4546072078213714, 2.686686639574781], [19.71297883928907, -18.18830783816297], [-2.042152294087126, 1.4216753802208695], [-1.0737965958921147, 0.1258320143598986], [-3.143697091358089, -1.2201355311748114]]}