{"step": 2285, "herders": [[-1.504442037173496, -3.042900359792117], [-1.0993957108499202, 4.063940743751631]], "targets": [[-0.7604348066364914, 3.0091062927059156], [22.745925513651603, -20.795242494035428], [0.10916100175898281, 0.5110931324029961], [-0.892874086320195, 0.6467056019891354], [-1.1891857426781782, -0.7306295531899705]]}