{"step": 1464, "herders": [[0.27493810150441256, 4.578624351098044], [-0.8592676119983329, 4.382654532493705]], "targets": [[-0.6510141624361949, 2.872825606559862], [19.811984162359064, -18.44970811907049], [-1.1568204766332835, 3.0735960211013444], [0.06408397986749426, -1.0620619354496728], [-1.4871633897454362, -1.1030377956087452]]}