{"step": 1326, "herders": [[-4.386993552027643, -2.2728121588292813], [0.3330042680159152, -5.49945974594163]], "targets": [[2.4553921157375354, 1.8777083079830632], [20.364180994290205, -17.8194039419548], [-0.20566078716404396, 1.8894688958012127], [-1.9617112565225465, -0.7804661206683164], [-1.072278105302812, -4.631043236512903]]}