{"step": 1633, "herders": [[2.330492054772265, 0.48938208274160816], [-2.0708136748212476, -1.6431080106609948]], "targets": [[-1.133242441758518, -0.21215512985373114], [20.865644223006374, -18.349780358466575], [-0.5872806533898067, -0.057208957314810724], [2.5962883452347008, -0.9032871021227977], [0.9339031586543373, -1.348538133518562]]}