{"step": 2070, "herders": [[-4.956053562313323, -0.2504427873742452], [0.12936309558779163, 2.8215891785503895]], "targets": [[0.9878666098606452, 0.887311668418747], [23.759076728772083, -20.63954897565691], [-2.682821377090244, -1.738207185562434], [-2.526967704798123, 0.4324596135471424], [-0.4887060450040758, 0.8847705436446569]]}