{"step": 501, "herders": [[10.085369863743052, -0.7994072430164926], [8.143141475365429, 3.1743604420248857]], "targets": [[5.810528818866655, 3.823758607915665], [22.619531899528827, -17.984586909203287], [8.528275729905724, -0.9895074629101618], [6.350178737797449, 3.197682733219288], [-5.0593821803470505, 4.359612337695067]]}