{"step": 840, "herders": [[6.125979415739075, 1.8835216670717543], [4.6811047913639205, 4.124484795891679]], "targets": [[4.389514902759921, 2.263868678458056], [22.281187070140135, -19.485345729875675], [2.9415552639309186, -1.7552142505501482], [4.301716233901577, 1.89932932400793], [-3.2159477680781063, -0.6869739041616132]]}