{"step": 1253, "herders": [[-3.8032187459706774, 1.3559734350915689], [1.775329664321272, -3.3312342015687797]], "targets": [[2.2718792614745804, -1.1365570807762833], [19.943462161370476, -19.152533522274446], [1.2876969036306758, 2.1810393381426403], [-3.8899011046172465, 1.3772495204770356], [0.18023247411315307, -2.6540895244563085]]}