{"step": 3944, "herders": [[4.24297553561467, 1.3958077597635896], [2.1549932798358737, -1.4445265209627562]], "targets": [[1.1469240365248154, -0.6754499357848613], [26.239533745985444, -15.993584972285587], [2.5957466220140657, 0.37099701669312646], [-1.6010142714168536, -0.8677871785783258], [-0.2823338300625565, 0.6809671632948084]]}