{"step": 422, "herders": [[12.819323971154631, -0.16931361634109401], [-5.7308147525389845, 6.157245276228576]], "targets": [[4.393224742989195, 3.807251943357616], [23.62188838161727, -19.411648099624585], [11.219907625455164, -1.049045320301279], [7.1756869552479365, 5.794574660545946], [-4.394436082135566, 5.075888666533548]]}