{"step": 879, "herders": [[5.367811049876944, -0.9629963249210018], [-2.4480901564239517, 0.1591520553860853]], "targets": [[3.6256969861098898, -1.3224154834854536], [22.84013168546331, -19.41697145468489], [1.6452565479736148, -0.6639346348829591], [3.5725968724822392, -0.23593071280936362], [-3.5021545713101934, -0.348442629180451]]}