{"step": 3398, "herders": [[-1.3209148047951313, 4.378884345920876], [4.085659935924393, -3.7816688298715313]], "targets": [[2.161233089764113, -1.9959751620688475], [32.57527496937893, -17.516411654457514], [-0.03849671676742654, 0.33540026301415815], [-0.21104083995736792, 2.670438062374712], [-0.6301381888769453, 1.5335505888299803]]}