{"step": 920, "herders": [[4.522538670833552, -3.6305276942554325], [-6.5196948485707775, -2.1973249769577112]], "targets": [[3.2677933588199037, -3.0847559555661013], [22.37653937182106, -19.08633794933471], [2.7855466599654326, 0.4559508470744752], [1.2111252223761335, -1.791723946496024], [-4.407675352214199, -1.584060699518404]]}