{"step": 704, "herders": [[6.293123946281103, 5.149313438982955], [-6.546338576185918, -1.202249549315128]], "targets": [[0.07677433703943495, 5.955514502868067], [21.90995495120837, -19.01201598682592], [3.4375674344104095, 0.3984011018818334], [6.130448156115898, 3.5504384617652818], [-4.965130956483734, -0.11262266555448794]]}