{"step": 1481, "herders": [[0.27493810150441256, 4.578624351098044], [-1.7414316326664185, 3.2827742133022006]], "targets": [[-1.2525603474491978, 2.9929780528645917], [19.72055432939119, -18.03024256839443], [-1.8475547837350472, 2.5617510735033626], [-0.8704096947860649, -0.1728320534553125], [-2.8858647764380123, -1.1729045345693125]]}