{"step": 251, "herders": [[14.02556857240064, 2.3078129440161685], [-4.7265042626357365, 12.396975060843971]], "targets": [[6.615224442498511, 2.5704378362855724], [22.60048398075955, -17.61743375205739], [12.850438928142797, 0.3180785317629056], [12.118645813403397, 5.453395641738836], [-3.252354438906441, 11.416767288422195]]}