{"step": 1792, "herders": [[3.950108019928782, -1.4995057448971942], [0.5621796771652063, -3.5816826260696635]], "targets": [[-1.0735290117869327, -0.7635307655015994], [20.190196811363304, -18.729114156355184], [1.3011521395280679, -1.8090076051930661], [2.640042802490065, 0.06228620686189629], [-2.3307903502411347, -1.0240635657629624]]}