{"step": 2616, "herders": [[-1.0591262053037203, 2.7481595927336127], [-1.1192744883260282, -3.0809137576146095]], "targets": [[0.10095874248513567, 0.9324434235656981], [24.18214954511296, -20.620228551749047], [0.7335132007323244, 2.346090411750295], [-1.0969242259703817, -1.1530011283143173], [0.7598790884625043, -1.079561841184902]]}