{"step": 868, "herders": [[5.492984454356912, 0.2606464309012535], [-0.3327058664461008, 0.7176528325236811]], "targets": [[3.6041118333940907, -1.0841049807952405], [23.23951466107052, -20.521236431161206], [1.9977031173192021, -0.7653563982690796], [3.1211653182909522, 0.07027579330413197], [-2.4110091775278404, -0.2693442424010159]]}