{"step": 614, "herders": [[4.6435647080208895, 8.16435253247562], [-9.466038094655676, 1.4366483631524618]], "targets": [[3.3005719034013614, 7.304600155262539], [23.731064941949274, -18.851411614691113], [6.27426457050202, 0.47877576892899265], [4.978066769139471, 3.2064472527443697], [-7.784180372665852, -0.07811575904889789]]}