{"step": 3621, "herders": [[-0.3986278920055147, 2.260566361140004], [1.684594484037988, -1.3726772136818692]], "targets": [[2.034542316994608, -0.07795306847740723], [29.146970968575797, -16.40832788427432], [-0.8735924569885736, 0.8178989998343135], [-1.1170105139384146, 0.2150244157607118], [1.7056378291788565, 0.13585201755995352]]}