{"step": 3764, "herders": [[2.5921337515734737, -0.6748975450807586], [-1.0935673536219914, 3.6767649503283506]], "targets": [[-1.65876821274901, 0.793284362396916], [25.217101390823213, -15.22096742280923], [0.3137368862659668, -0.40032481627295907], [2.5181567462290566, 0.77273244023864], [-1.7827831674857202, 2.2568772351182127]]}