{"step": 1959, "herders": [[-3.8049512709346764, 3.5720223336303905], [4.152595138806664, 1.3393693494545444]], "targets": [[2.7007138313105026, 1.2457153369255913], [23.68235411346215, -19.47657403252677], [0.32438058829230976, -1.8796263232257693], [-2.7488160365384453, 0.8587432250288574], [-2.279126976765695, 3.5617992040381536]]}