{"step": 241, "herders": [[13.964118615226553, 2.302085728340355], [-5.422110434067445, 12.317926467226114]], "targets": [[5.926582864145595, 2.598963141723539], [22.534409355168044, -16.738621178433178], [12.734435393444214, 0.40771248577009916], [12.022464757991266, 5.08939934464318], [-4.3553089278739945, 10.912031974430063]]}