{"step": 2664, "herders": [[0.1940853194819538, 2.035749010960368], [2.585440998579468, -0.03780812405142855]], "targets": [[-0.8295508975736505, -0.23820408553302885], [23.490782298180328, -19.087676443784932], [-0.2611372881188579, 0.1666783467947709], [-0.14617181763773818, 0.0008273886882845709], [1.1365543980586545, 0.03829030646384103]]}