{"step": 3635, "herders": [[-2.0902387089130663, 0.8227613042072022], [2.8835086407138593, 0.40431041439101306]], "targets": [[0.706658766635759, 0.03465450483138396], [28.561225836869692, -16.34110606525426], [-0.510584511726227, -0.3407360975432804], [-2.0664777506547667, -0.9556991878782163], [1.666691147601929, 1.3636025127865774]]}