{"step": 1924, "herders": [[-6.431918162442227, 0.6367720519065235], [3.7705097925718425, -1.9268577222808545]], "targets": [[3.455410722429778, 0.1481225702659453], [23.128099541499385, -20.961022848918166], [0.8080311769542444, -1.576074233788912], [-4.68755119967116, -0.6017669495794298], [-1.4688765998896083, 2.4890086951754475]]}