{"step": 1613, "herders": [[-0.7977321421273442, 1.9344320695823074], [-1.9713288268064402, -3.0043250056231647]], "targets": [[-1.6196779983941414, -2.2199038782177674], [20.679965239862398, -16.90408511406506], [0.6812574107929363, 0.5639178847178751], [0.7803669084503606, 1.1767781164402256], [0.018852506921324286, -0.5091020867157333]]}