{"step": 2487, "herders": [[2.2846440804720767, -3.972572579252692], [3.2434525309774114, -3.1456066762816115]], "targets": [[1.2293343856326127, 1.855775085102988], [25.100364579592146, -19.31895980254726], [3.22700177453022, -1.1784616931395866], [2.106932451783129, -4.947308481305905], [-0.2921633663186597, -1.4525424475170334]]}