{"step": 890, "herders": [[5.142572445582148, -1.5503565164921826], [-4.388096464332876, -0.5178638813732207]], "targets": [[3.355492324579431, -1.418006573447752], [22.58380806418815, -19.22975133534953], [1.5395461310042837, 0.2925252388957149], [2.920256644587499, -0.28546151081063537], [-5.131662155178645, -0.9400248930119568]]}