{"step": 1191, "herders": [[-2.663099995623889, 0.22192517387569122], [4.536488816477467, -2.19675519643844]], "targets": [[-0.30602921388155213, -1.3016051702575795], [20.050263397462473, -19.541000493519025], [-0.8315007394544651, 0.7101532051680914], [-0.9939280712373197, -0.22747907081841792], [2.8809124179556047, -1.824262731054127]]}