{"step": 2675, "herders": [[-1.3728853686327116, 0.702903021784774], [2.479032898518252, -0.4120315633896171]], "targets": [[-1.20920773191876, -0.7015072774719663], [24.025900610483927, -18.73018118804722], [-0.5193233208087294, -0.6202364770746847], [0.15401177136718408, -0.42658508077494406], [0.618239581104679, -0.841008392776687]]}