{"step": 3433, "herders": [[0.0771281380156229, 3.7492346247341355], [3.4395220583807617, -2.513496922380671]], "targets": [[1.7376803266449545, -0.9906860976618397], [31.460139497367706, -17.424344252463158], [1.1353169677627755, -0.12038185177057464], [1.4427553448881543, 1.9874763116622256], [-1.2807475688249166, 2.6428865774711827]]}