{"step": 1180, "herders": [[-3.253360478449978, 0.6456879941245768], [4.705128185580232, -1.2084954820290852]], "targets": [[0.23420942677593953, -1.045100433275754], [19.574655275067975, -18.89874977300938], [-1.1835797520303257, 0.18431636115800842], [-1.3221103339424125, -0.42137337712470885], [3.1528009080706436, -1.8897715007153428]]}