{"step": 479, "herders": [[10.766828056907945, -1.0220509180326574], [8.570664299748218, 4.28473618966915]], "targets": [[4.288380179977143, 3.489408429884769], [23.88098409091197, -18.483482487729002], [8.961049240151832, -0.20660748614208127], [7.413036374952519, 2.6716019398884603], [-4.528889667871471, 4.519251008653097]]}